29.0,72007884.0
29.0,72018500.0
30.0,72029116.0
30.0,72039740.0
30.0,72050364.0
29.0,72060992.0
30.0,72071612.0
29.0,72082236.0
29.0,72092860.0
29.0,72103476.0
29.0,72114092.0
30.0,72124716.0
30.0,72135340.0
29.0,72145968.0
30.0,72156588.0
30.0,72167204.0
30.0,72177836.0
30.0,72188452.0
31.0,72199076.0
31.0,72209700.0
30.0,72220316.0
31.0,72230952.0
30.0,72241572.0
30.0,72252196.0
30.0,72262820.0
30.0,72273436.0
30.0,72284060.0
30.0,72294684.0
30.0,72305300.0
29.0,72315928.0
30.0,72326548.0
30.0,72337164.0
29.0,72347788.0
30.0,72358404.0
30.0,72369020.0
30.0,72379644.0
30.0,72390260.0
30.0,72400884.0
30.0,72411508.0
30.0,72422132.0
30.0,72432756.0
31.0,72443372.0
30.0,72453988.0
31.0,72464612.0
30.0,72475228.0
29.0,72485844.0
30.0,72496476.0
30.0,72507100.0
30.0,72517728.0
30.0,72528356.0
30.0,72538972.0
30.0,72549604.0
30.0,72560228.0
30.0,72570852.0
31.0,72581476.0
31.0,72592092.0
31.0,72602728.0
31.0,72613348.0
31.0,72623972.0
31.0,72634596.0
30.0,72645220.0
30.0,72655836.0
31.0,72666460.0
31.0,72677076.0
30.0,72687704.0
31.0,72698324.0
31.0,72708948.0
31.0,72719580.0
31.0,72730204.0
31.0,72740828.0
31.0,72751460.0
32.0,72762084.0
32.0,72772712.0
31.0,72783332.0
31.0,72793956.0
31.0,72804588.0
31.0,72815212.0
32.0,72825836.0
32.0,72836460.0
31.0,72847084.0
31.0,72857708.0
31.0,72868324.0
31.0,72878940.0
32.0,72889564.0
32.0,72900188.0
32.0,72910812.0
32.0,72921436.0
32.0,72932060.0
32.0,72942688.0
32.0,72953308.0
32.0,72963932.0
32.0,72974556.0
32.0,72985172.0
32.0,72995796.0
33.0,73006420.0
33.0,73017036.0
32.0,73027664.0
32.0,73038292.0
32.0,73048916.0
32.0,73059548.0
31.0,73070172.0
31.0,73080796.0
31.0,73091420.0
31.0,73102044.0
31.0,73112672.0
30.0,73123292.0
31.0,73133908.0
30.0,73144540.0
30.0,73155164.0
30.0,73165788.0
30.0,73176420.0
29.0,73187044.0
29.0,73197672.0
29.0,73208292.0
29.0,73218916.0
29.0,73229548.0
29.0,73240172.0
29.0,73250796.0
29.0,73261420.0
29.0,73272044.0
29.0,73282668.0
30.0,73293284.0
30.0,73303908.0
29.0,73314532.0
29.0,73325156.0
30.0,73335780.0
30.0,73346404.0
30.0,73357028.0
29.0,73367656.0
29.0,73378276.0
31.0,73388900.0
30.0,73399524.0
30.0,73410148.0
31.0,73420772.0
31.0,73431396.0
31.0,73442020.0
32.0,73452648.0
31.0,73463268.0
31.0,73473892.0
31.0,73484516.0
30.0,73495140.0
30.0,73505764.0
31.0,73516388.0
31.0,73527012.0
30.0,73537640.0
31.0,73548260.0
31.0,73558884.0
30.0,73569508.0
29.0,73580132.0
30.0,73590756.0
30.0,73601380.0
30.0,73611996.0
31.0,73622624.0
31.0,73633252.0
31.0,73643876.0
31.0,73654508.0
30.0,73665124.0
31.0,73675748.0
30.0,73686372.0
30.0,73696996.0
30.0,73707624.0
29.0,73718244.0
30.0,73728868.0
30.0,73739492.0
30.0,73750108.0
30.0,73760724.0
29.0,73771348.0
30.0,73781964.0
30.0,73792592.0
30.0,73803212.0
29.0,73813828.0
30.0,73824460.0
30.0,73835076.0
30.0,73845692.0
30.0,73856324.0
30.0,73866940.0
30.0,73877568.0
30.0,73888188.0
31.0,73898804.0
31.0,73909428.0
30.0,73920052.0
30.0,73930668.0
30.0,73941292.0
31.0,73951908.0
31.0,73962536.0
31.0,73973156.0
31.0,73983780.0
31.0,73994404.0
31.0,74005020.0
33.0,74015636.0
32.0,74026268.0
32.0,74036884.0
33.0,74047512.0
32.0,74058132.0
32.0,74068748.0
31.0,74079372.0
32.0,74089996.0
31.0,74100612.0
31.0,74111244.0
31.0,74121868.0
34.0,74132496.0
34.0,74143124.0
33.0,74153740.0
33.0,74164364.0
32.0,74174980.0
32.0,74185604.0
34.0,74196228.0
34.0,74206852.0
34.0,74217480.0
34.0,74228100.0
33.0,74238724.0
35.0,74249348.0
40.0,74259964.0
38.0,74270580.0
36.0,74281212.0
35.0,74291828.0
35.0,74302452.0
33.0,74313084.0
32.0,74323700.0
35.0,74334324.0
34.0,74344948.0
32.0,74355572.0
33.0,74366204.0
32.0,74376828.0
33.0,74387456.0
33.0,74398076.0
32.0,74408700.0
33.0,74419324.0
35.0,74429940.0
34.0,74440556.0
34.0,74451180.0
36.0,74461804.0
35.0,74472428.0
34.0,74483052.0
34.0,74493676.0
35.0,74504300.0
35.0,74514924.0
35.0,74525548.0
33.0,74536172.0
34.0,74546796.0
33.0,74557428.0
35.0,74568052.0
33.0,74578668.0
33.0,74589292.0
33.0,74599908.0
33.0,74610532.0
33.0,74621156.0
33.0,74631780.0
33.0,74642404.0
34.0,74653028.0
34.0,74663652.0
33.0,74674280.0
34.0,74684900.0
34.0,74695524.0
33.0,74706148.0
34.0,74716772.0
33.0,74727396.0
33.0,74738028.0
33.0,74748652.0
34.0,74759276.0
34.0,74769892.0
33.0,74780516.0
34.0,74791140.0
33.0,74801764.0
34.0,74812380.0
33.0,74823012.0
32.0,74833636.0
34.0,74844264.0
33.0,74854884.0
33.0,74865500.0
34.0,74876124.0
33.0,74886748.0
33.0,74897364.0
33.0,74907988.0
33.0,74918612.0
33.0,74929240.0
33.0,74939868.0
32.0,74950492.0
32.0,74961124.0
31.0,74971740.0
32.0,74982364.0
32.0,74992988.0
33.0,75003612.0
33.0,75014240.0
33.0,75024868.0
32.0,75035492.0
32.0,75046116.0
32.0,75056740.0
31.0,75067364.0
32.0,75077996.0
31.0,75088620.0
32.0,75099244.0
32.0,75109868.0
32.0,75120492.0
33.0,75131116.0
32.0,75141740.0
31.0,75152364.0
31.0,75162988.0
31.0,75173612.0
32.0,75184236.0
31.0,75194860.0
31.0,75205484.0
31.0,75216108.0
32.0,75226724.0
32.0,75237348.0
31.0,75247972.0
32.0,75258596.0
31.0,75269224.0
32.0,75279844.0
32.0,75290468.0
32.0,75301092.0
32.0,75311716.0
31.0,75322340.0
31.0,75332964.0
32.0,75343588.0
31.0,75354220.0
31.0,75364844.0
32.0,75375468.0
32.0,75386100.0
33.0,75396724.0
32.0,75407348.0
32.0,75417972.0
32.0,75428588.0
33.0,75439212.0
32.0,75449836.0
32.0,75460452.0
32.0,75471076.0
32.0,75481700.0
32.0,75492316.0
32.0,75502940.0
32.0,75513564.0
33.0,75524200.0
33.0,75534820.0
32.0,75545444.0
33.0,75556068.0
33.0,75566684.0
33.0,75577308.0
33.0,75587932.0
34.0,75598556.0
33.0,75609184.0
33.0,75619804.0
33.0,75630428.0
32.0,75641060.0
32.0,75651684.0
34.0,75662308.0
34.0,75672932.0
33.0,75683556.0
33.0,75694184.0
33.0,75704804.0
33.0,75715428.0
34.0,75726060.0
33.0,75736684.0
34.0,75747308.0
34.0,75757932.0
33.0,75768556.0
34.0,75779180.0
34.0,75789804.0
34.0,75800420.0
33.0,75811044.0
32.0,75821668.0
33.0,75832292.0
33.0,75842916.0
33.0,75853540.0
33.0,75864168.0
32.0,75874788.0
33.0,75885412.0
33.0,75896036.0
33.0,75906660.0
32.0,75917284.0
32.0,75927908.0
34.0,75938532.0
34.0,75949160.0
34.0,75959780.0
34.0,75970404.0
34.0,75981028.0
33.0,75991652.0
35.0,76002276.0
35.0,76012908.0
35.0,76023532.0
35.0,76034156.0
36.0,76044772.0
36.0,76055396.0
36.0,76066028.0
35.0,76076644.0
36.0,76087268.0
35.0,76097900.0
35.0,76108524.0
35.0,76119148.0
36.0,76129772.0
35.0,76140396.0
36.0,76151020.0
36.0,76161644.0
35.0,76172268.0
35.0,76182892.0
34.0,76193516.0
34.0,76204140.0
33.0,76214764.0
33.0,76225388.0
32.0,76236020.0
33.0,76246644.0
32.0,76257268.0
33.0,76267892.0
32.0,76278516.0
32.0,76289140.0
32.0,76299756.0
32.0,76310380.0
32.0,76321004.0
32.0,76331620.0
31.0,76342244.0
31.0,76352868.0
31.0,76363484.0
31.0,76374116.0
31.0,76384732.0
30.0,76395356.0
31.0,76405980.0
30.0,76416604.0
31.0,76427220.0
31.0,76437844.0
31.0,76448468.0
31.0,76459096.0
30.0,76469716.0
30.0,76480340.0
30.0,76490972.0
30.0,76501596.0
30.0,76512220.0
30.0,76522844.0
30.0,76533468.0
30.0,76544100.0
29.0,76554716.0
30.0,76565340.0
29.0,76575964.0
30.0,76586588.0
29.0,76597212.0
30.0,76607836.0
30.0,76618460.0
30.0,76629088.0
30.0,76639708.0
30.0,76650332.0
31.0,76660956.0
31.0,76671580.0
31.0,76682204.0
32.0,76692828.0
30.0,76703452.0
31.0,76714080.0
31.0,76724700.0
32.0,76735324.0
31.0,76745956.0
30.0,76756580.0
32.0,76767204.0
32.0,76777828.0
31.0,76788452.0
31.0,76799084.0
32.0,76809708.0
32.0,76820324.0
31.0,76830948.0
32.0,76841564.0
31.0,76852180.0
31.0,76862804.0
31.0,76873420.0
31.0,76884048.0
31.0,76894668.0
32.0,76905292.0
31.0,76915924.0
31.0,76926540.0
32.0,76937164.0
32.0,76947788.0
32.0,76958412.0
31.0,76969040.0
31.0,76979660.0
30.0,76990284.0
31.0,77000908.0
31.0,77011532.0
30.0,77022148.0
31.0,77032780.0
31.0,77043404.0
32.0,77054040.0
32.0,77064660.0
32.0,77075276.0
32.0,77085900.0
32.0,77096524.0
32.0,77107148.0
31.0,77117780.0
32.0,77128404.0
31.0,77139040.0
31.0,77149660.0
31.0,77160284.0
31.0,77170908.0
31.0,77181532.0
31.0,77192156.0
31.0,77202780.0
31.0,77213404.0
32.0,77224032.0
30.0,77234660.0
32.0,77245284.0
31.0,77255908.0
31.0,77266532.0
32.0,77277156.0
31.0,77287780.0
31.0,77298404.0
31.0,77309032.0
32.0,77319660.0
32.0,77330284.0
32.0,77340908.0
32.0,77351524.0
31.0,77362148.0
32.0,77372772.0
31.0,77383396.0
31.0,77394024.0
31.0,77404644.0
31.0,77415268.0
31.0,77425892.0
31.0,77436516.0
30.0,77447140.0
32.0,77457764.0
31.0,77468380.0
31.0,77479008.0
31.0,77489628.0
31.0,77500252.0
32.0,77510884.0
31.0,77521508.0
32.0,77532132.0
32.0,77542756.0
31.0,77553380.0
31.0,77564008.0
31.0,77574628.0
31.0,77585252.0
31.0,77595876.0
31.0,77606500.0
31.0,77617124.0
31.0,77627748.0
31.0,77638372.0
31.0,77649000.0
31.0,77659620.0
31.0,77670244.0
31.0,77680868.0
31.0,77691484.0
31.0,77702108.0
31.0,77712732.0
31.0,77723356.0
31.0,77733984.0
31.0,77744604.0
31.0,77755228.0
31.0,77765852.0
31.0,77776476.0
32.0,77787100.0
32.0,77797724.0
31.0,77808348.0
32.0,77818976.0
32.0,77829596.0
32.0,77840212.0
32.0,77850844.0
31.0,77861460.0
31.0,77872084.0
31.0,77882708.0
32.0,77893332.0
31.0,77903960.0
32.0,77914580.0
31.0,77925204.0
32.0,77935836.0
31.0,77946460.0
32.0,77957084.0
33.0,77967708.0
32.0,77978332.0
32.0,77988960.0
31.0,77999580.0
32.0,78010204.0
32.0,78020828.0
32.0,78031452.0
32.0,78042076.0
32.0,78052708.0
32.0,78063332.0
32.0,78073960.0
33.0,78084580.0
31.0,78095196.0
31.0,78105820.0
32.0,78116436.0
32.0,78127060.0
32.0,78137684.0
32.0,78148308.0
32.0,78158936.0
31.0,78169556.0
31.0,78180180.0
31.0,78190812.0
32.0,78201436.0
31.0,78212060.0
32.0,78222684.0
31.0,78233308.0
32.0,78243944.0
32.0,78254564.0
33.0,78265188.0
32.0,78275812.0
32.0,78286436.0
33.0,78297060.0
33.0,78307684.0
33.0,78318308.0
33.0,78328936.0
32.0,78339556.0
32.0,78350180.0
33.0,78360804.0
34.0,78371428.0
34.0,78382052.0
34.0,78392684.0
34.0,78403308.0
33.0,78413932.0
33.0,78424556.0
33.0,78435180.0
33.0,78445812.0
33.0,78456436.0
33.0,78467060.0
34.0,78477684.0
32.0,78488308.0
33.0,78498932.0
32.0,78509556.0
33.0,78520180.0
33.0,78530804.0
33.0,78541428.0
33.0,78552052.0
34.0,78562676.0
33.0,78573300.0
33.0,78583924.0
34.0,78594548.0
34.0,78605172.0
33.0,78615796.0
33.0,78626420.0
33.0,78637044.0
32.0,78647676.0
32.0,78658292.0
33.0,78668924.0
32.0,78679540.0
32.0,78690164.0
32.0,78700788.0
32.0,78711412.0
32.0,78722036.0
32.0,78732660.0
31.0,78743276.0
31.0,78753900.0
31.0,78764516.0
31.0,78775140.0
31.0,78785772.0
31.0,78796396.0
30.0,78807020.0
31.0,78817644.0
30.0,78828260.0
31.0,78838892.0
30.0,78849516.0
30.0,78860132.0
30.0,78870756.0
30.0,78881372.0
30.0,78891988.0
30.0,78902620.0
30.0,78913236.0
30.0,78923864.0
30.0,78934484.0
30.0,78945100.0
30.0,78955724.0
30.0,78966348.0
31.0,78976972.0
31.0,78987596.0
31.0,78998220.0
30.0,79008848.0
30.0,79019468.0
30.0,79030092.0
30.0,79040716.0
30.0,79051340.0
30.0,79061964.0
30.0,79072596.0
31.0,79083220.0
30.0,79093848.0
30.0,79104468.0
30.0,79115084.0
30.0,79125708.0
30.0,79136332.0
31.0,79146948.0
30.0,79157572.0
30.0,79168196.0
30.0,79178824.0
30.0,79189444.0
30.0,79200068.0
31.0,79210700.0
31.0,79221324.0
30.0,79231948.0
30.0,79242580.0
32.0,79253204.0
31.0,79263832.0
30.0,79274452.0
31.0,79285076.0
31.0,79295708.0
31.0,79306332.0
31.0,79316956.0
31.0,79327580.0
32.0,79338204.0
32.0,79348832.0
32.0,79359452.0
32.0,79370076.0
32.0,79380708.0
32.0,79391324.0
31.0,79401948.0
31.0,79412572.0
31.0,79423196.0
32.0,79433824.0
31.0,79444444.0
31.0,79455068.0
31.0,79465692.0
31.0,79476308.0
31.0,79486932.0
31.0,79497556.0
30.0,79508180.0
30.0,79518808.0
31.0,79529436.0
30.0,79540060.0
31.0,79550692.0
31.0,79561316.0
31.0,79571940.0
31.0,79582564.0
30.0,79593188.0
32.0,79603816.0
31.0,79614436.0
30.0,79625060.0
31.0,79635684.0
31.0,79646308.0
31.0,79656932.0
30.0,79667556.0
30.0,79678172.0
31.0,79688800.0
30.0,79699420.0
31.0,79710044.0
30.0,79720668.0
31.0,79731292.0
30.0,79741916.0
30.0,79752548.0
30.0,79763172.0
31.0,79773804.0
31.0,79784428.0
31.0,79795052.0
31.0,79805684.0
30.0,79816308.0
31.0,79826932.0
31.0,79837556.0
30.0,79848180.0
32.0,79858804.0
31.0,79869428.0
31.0,79880052.0
32.0,79890676.0
32.0,79901300.0
32.0,79911924.0
32.0,79922548.0
33.0,79933172.0
34.0,79943796.0
34.0,79954420.0
34.0,79965044.0
33.0,79975668.0
33.0,79986292.0
32.0,79996916.0
31.0,80007540.0
30.0,80018156.0
30.0,80028780.0
29.0,80039396.0
29.0,80050012.0
28.0,80060636.0
28.0,80071260.0
27.0,80081876.0
27.0,80092500.0
27.0,80103116.0
27.0,80113752.0
26.0,80124372.0
26.0,80134988.0
26.0,80145620.0
26.0,80156236.0
26.0,80166852.0
26.0,80177476.0
26.0,80188092.0
26.0,80198720.0
26.0,80209340.0
26.0,80219956.0
26.0,80230580.0
26.0,80241196.0
26.0,80251812.0
26.0,80262436.0
27.0,80273052.0
26.0,80283680.0
26.0,80294300.0
26.0,80304924.0
26.0,80315548.0
26.0,80326172.0
26.0,80336788.0
26.0,80347412.0
25.0,80358028.0
26.0,80368656.0
26.0,80379276.0
27.0,80389900.0
26.0,80400532.0
27.0,80411148.0
26.0,80421764.0
26.0,80432388.0
26.0,80443004.0
26.0,80453632.0
26.0,80464252.0
26.0,80474868.0
26.0,80485492.0
26.0,80496116.0
26.0,80506732.0
25.0,80517356.0
26.0,80527972.0
26.0,80538596.0
26.0,80549220.0
26.0,80559836.0
27.0,80570464.0
27.0,80581084.0
26.0,80591708.0
26.0,80602332.0
27.0,80612956.0
26.0,80623580.0
26.0,80634204.0
27.0,80644828.0
26.0,80655456.0
27.0,80666076.0
26.0,80676692.0
26.0,80687324.0
27.0,80697948.0
26.0,80708564.0
27.0,80719188.0
27.0,80729812.0
27.0,80740440.0
27.0,80751068.0
27.0,80761692.0
27.0,80772316.0
27.0,80782940.0
27.0,80793564.0
27.0,80804188.0
28.0,80814804.0
27.0,80825440.0
27.0,80836060.0
27.0,80846676.0
27.0,80857308.0
27.0,80867932.0
27.0,80878556.0
27.0,80889180.0
27.0,80899804.0
27.0,80910432.0
28.0,80921052.0
27.0,80931676.0
28.0,80942300.0
28.0,80952924.0
27.0,80963548.0
27.0,80974172.0
27.0,80984788.0
27.0,80995416.0
28.0,81006044.0
27.0,81016668.0
27.0,81027292.0
27.0,81037908.0
27.0,81048532.0
27.0,81059156.0
27.0,81069780.0
27.0,81080408.0
27.0,81091036.0
27.0,81101660.0
28.0,81112284.0
28.0,81122908.0
28.0,81133524.0
28.0,81144156.0
27.0,81154780.0
28.0,81165408.0
27.0,81176036.0
27.0,81186660.0
27.0,81197292.0
26.0,81207916.0
27.0,81218540.0
26.0,81229164.0
27.0,81239788.0
27.0,81250412.0
27.0,81261036.0
27.0,81271660.0
27.0,81282284.0
27.0,81292900.0
27.0,81303516.0
27.0,81314140.0
26.0,81324756.0
27.0,81335384.0
28.0,81346012.0
27.0,81356636.0
27.0,81367260.0
27.0,81377876.0
27.0,81388500.0
27.0,81399132.0
27.0,81409756.0
28.0,81420384.0
28.0,81431004.0
27.0,81441628.0
27.0,81452252.0
28.0,81462876.0
27.0,81473500.0
27.0,81484132.0
28.0,81494756.0
27.0,81505384.0
27.0,81516004.0
27.0,81526620.0
27.0,81537244.0
27.0,81547868.0
27.0,81558492.0
27.0,81569116.0
27.0,81579740.0
27.0,81590368.0
28.0,81600996.0
28.0,81611612.0
28.0,81622236.0
28.0,81632860.0
28.0,81643484.0
28.0,81654108.0
28.0,81664732.0
28.0,81675368.0
28.0,81685996.0
28.0,81696620.0
28.0,81707252.0
29.0,81717876.0
28.0,81728500.0
28.0,81739124.0
28.0,81749748.0
28.0,81760380.0
28.0,81771004.0
28.0,81781628.0
28.0,81792252.0
28.0,81802876.0
28.0,81813504.0
29.0,81824124.0
28.0,81834748.0
28.0,81845380.0
27.0,81856004.0
28.0,81866620.0
29.0,81877244.0
28.0,81887868.0
27.0,81898504.0
28.0,81909132.0
28.0,81919756.0
28.0,81930388.0
28.0,81941004.0
28.0,81951620.0
28.0,81962244.0
28.0,81972860.0
28.0,81983488.0
27.0,81994108.0
28.0,82004724.0
28.0,82015348.0
28.0,82025964.0
28.0,82036580.0
28.0,82047204.0
28.0,82057820.0
28.0,82068436.0
27.0,82079060.0
28.0,82089676.0
27.0,82100304.0
27.0,82110924.0
27.0,82121540.0
27.0,82132164.0
27.0,82142788.0
27.0,82153404.0
27.0,82164028.0
27.0,82174644.0
27.0,82185272.0
27.0,82195892.0
27.0,82206508.0
28.0,82217132.0
31.0,82227748.0
31.0,82238364.0
30.0,82248996.0
30.0,82259612.0
30.0,82270240.0
29.0,82280860.0
30.0,82291484.0
30.0,82302108.0
33.0,82312724.0
37.0,82323340.0
43.0,82333964.0
52.0,82344580.0
64.0,82355208.0
75.0,82365828.0
72.0,82376452.0
78.0,82387076.0
86.0,82397700.0
105.0,82408360.0
107.0,82419040.0
107.0,82429712.0
109.0,82440392.0
103.0,82451064.0
107.0,82461748.0
107.0,82472424.0
100.0,82483096.0
107.0,82493776.0
104.0,82504448.0
116.0,82515128.0
129.0,82525800.0
117.0,82536488.0
115.0,82547160.0
116.0,82557832.0
112.0,82568512.0
116.0,82579184.0
114.0,82589864.0
109.0,82600536.0
104.0,82611212.0
98.0,82621836.0
99.0,82632452.0
93.0,82643084.0
99.0,82653700.0
98.0,82664316.0
88.0,82674940.0
95.0,82685564.0
111.0,82696236.0
115.0,82706912.0
116.0,82717584.0
114.0,82728264.0
106.0,82738936.0
96.0,82749572.0
91.0,82760188.0
98.0,82770812.0
104.0,82781480.0
99.0,82792108.0
92.0,82802736.0
94.0,82813356.0
81.0,82823980.0
78.0,82834604.0
86.0,82845220.0
96.0,82855836.0
93.0,82866460.0
94.0,82877084.0
95.0,82887712.0
86.0,82898332.0
86.0,82908948.0
81.0,82919580.0
86.0,82930204.0
101.0,82940872.0
95.0,82951508.0
107.0,82962168.0
96.0,82972804.0
90.0,82983420.0
90.0,82994036.0
90.0,83004660.0
81.0,83015284.0
85.0,83025908.0
87.0,83036532.0
87.0,83047156.0
78.0,83057788.0
76.0,83068412.0
74.0,83079036.0
77.0,83089668.0
75.0,83100292.0
73.0,83110924.0
77.0,83121540.0
78.0,83132164.0
83.0,83142788.0
81.0,83153412.0
77.0,83164036.0
71.0,83174660.0
75.0,83185284.0
80.0,83195912.0
79.0,83206532.0
74.0,83217148.0
76.0,83227772.0
79.0,83238388.0
77.0,83249012.0
77.0,83259636.0
78.0,83270252.0
77.0,83280876.0
83.0,83291500.0
82.0,83302124.0
112.0,83312792.0
128.0,83323464.0
136.0,83334140.0
143.0,83344816.0
126.0,83355488.0
117.0,83366168.0
116.0,83376840.0
118.0,83387524.0
125.0,83398200.0
116.0,83408872.0
125.0,83419552.0
110.0,83430224.0
101.0,83440904.0
92.0,83451532.0
85.0,83462160.0
94.0,83472780.0
107.0,83483440.0
101.0,83494120.0
94.0,83504748.0
91.0,83515372.0
93.0,83525996.0
85.0,83536620.0
88.0,83547244.0
93.0,83557868.0
97.0,83568492.0
95.0,83579116.0
87.0,83589732.0
84.0,83600348.0
83.0,83610972.0
77.0,83621588.0
71.0,83632216.0
73.0,83642836.0
69.0,83653452.0
67.0,83664076.0
70.0,83674692.0
70.0,83685316.0
69.0,83695948.0
69.0,83706572.0
69.0,83717200.0
67.0,83727820.0
66.0,83738436.0
62.0,83749060.0
66.0,83759684.0
66.0,83770308.0
66.0,83780940.0
67.0,83791564.0
70.0,83802192.0
73.0,83812812.0
69.0,83823436.0
65.0,83834060.0
62.0,83844684.0
60.0,83855308.0
82.0,83865932.0
101.0,83876592.0
91.0,83887228.0
84.0,83897852.0
80.0,83908476.0
85.0,83919100.0
84.0,83929716.0
79.0,83940340.0
85.0,83950964.0
81.0,83961580.0
83.0,83972204.0
74.0,83982820.0
74.0,83993444.0
73.0,84004068.0
88.0,84014684.0
80.0,84025300.0
88.0,84035924.0
82.0,84046548.0
80.0,84057176.0
73.0,84067796.0
75.0,84078412.0
71.0,84089036.0
72.0,84099652.0
67.0,84110276.0
69.0,84120900.0
68.0,84131516.0
62.0,84142144.0
56.0,84152764.0
54.0,84163380.0
51.0,84174004.0
52.0,84184628.0
54.0,84195244.0
61.0,84205868.0
56.0,84216484.0
52.0,84227112.0
56.0,84237732.0
52.0,84248348.0
53.0,84258972.0
49.0,84269588.0
49.0,84280204.0
56.0,84290828.0
54.0,84301444.0
55.0,84312072.0
54.0,84322692.0
50.0,84333308.0
53.0,84343932.0
50.0,84354556.0
56.0,84365180.0
54.0,84375804.0
53.0,84386428.0
54.0,84397056.0
56.0,84407676.0
52.0,84418292.0
50.0,84428924.0
55.0,84439540.0
63.0,84450156.0
71.0,84460780.0
66.0,84471404.0
66.0,84482028.0
67.0,84492652.0
64.0,84503276.0
60.0,84513900.0
57.0,84524516.0
63.0,84535132.0
61.0,84545756.0
58.0,84556372.0
55.0,84566988.0
54.0,84577612.0
54.0,84588228.0
52.0,84598856.0
59.0,84609476.0
56.0,84620100.0
50.0,84630732.0
51.0,84641348.0
51.0,84651972.0
51.0,84662596.0
54.0,84673212.0
60.0,84683848.0
55.0,84694476.0
54.0,84705092.0
50.0,84715716.0
55.0,84726332.0
50.0,84736948.0
49.0,84747572.0
50.0,84758188.0
48.0,84768816.0
48.0,84779436.0
48.0,84790060.0
50.0,84800684.0
50.0,84811300.0
49.0,84821916.0
48.0,84832540.0
47.0,84843156.0
47.0,84853784.0
46.0,84864404.0
45.0,84875020.0
45.0,84885644.0
45.0,84896260.0
44.0,84906876.0
44.0,84917500.0
42.0,84928116.0
48.0,84938740.0
47.0,84949364.0
45.0,84959980.0
44.0,84970604.0
45.0,84981220.0
46.0,84991836.0
46.0,85002468.0
42.0,85013084.0
44.0,85023700.0
42.0,85034332.0
43.0,85044948.0
44.0,85055576.0
44.0,85066204.0
44.0,85076820.0
43.0,85087452.0
41.0,85098076.0
43.0,85108692.0
47.0,85119324.0
47.0,85129948.0
47.0,85140576.0
46.0,85151196.0
45.0,85161820.0
42.0,85172444.0
48.0,85183060.0
51.0,85193684.0
49.0,85204308.0
47.0,85214932.0
48.0,85225560.0
49.0,85236180.0
47.0,85246804.0
47.0,85257436.0
47.0,85268052.0
52.0,85278668.0
49.0,85289292.0
50.0,85299908.0
45.0,85310536.0
49.0,85321156.0
49.0,85331772.0
47.0,85342396.0
44.0,85353020.0
49.0,85363636.0
50.0,85374260.0
48.0,85384876.0
47.0,85395504.0
47.0,85406124.0
49.0,85416740.0
47.0,85427364.0
44.0,85437980.0
43.0,85448604.0
45.0,85459228.0
47.0,85469844.0
46.0,85480480.0
43.0,85491100.0
48.0,85501724.0
46.0,85512348.0
45.0,85522964.0
48.0,85533580.0
45.0,85544204.0
43.0,85554820.0
45.0,85565448.0
44.0,85576068.0
42.0,85586684.0
42.0,85597308.0
44.0,85607932.0
43.0,85618556.0
44.0,85629180.0
48.0,85639796.0
55.0,85650432.0
51.0,85661052.0
53.0,85671668.0
52.0,85682292.0
53.0,85692908.0
52.0,85703524.0
50.0,85714148.0
50.0,85724764.0
48.0,85735388.0
49.0,85746012.0
48.0,85756628.0
46.0,85767256.0
45.0,85777876.0
44.0,85788492.0
46.0,85799116.0
45.0,85809740.0
45.0,85820364.0
46.0,85830988.0
43.0,85841612.0
44.0,85852248.0
42.0,85862868.0
43.0,85873492.0
42.0,85884124.0
42.0,85894740.0
44.0,85905356.0
46.0,85915980.0
47.0,85926604.0
48.0,85937232.0
48.0,85947852.0
45.0,85958476.0
44.0,85969100.0
46.0,85979724.0
45.0,85990348.0
45.0,86000972.0
48.0,86011588.0
49.0,86022216.0
48.0,86032836.0
48.0,86043460.0
48.0,86054084.0
51.0,86064700.0
51.0,86075316.0
50.0,86085940.0
47.0,86096556.0
44.0,86107192.0
45.0,86117812.0
46.0,86128428.0
46.0,86139052.0
44.0,86149668.0
45.0,86160284.0
42.0,86170908.0
45.0,86181524.0
42.0,86192152.0
42.0,86202772.0
40.0,86213388.0
40.0,86224012.0
40.0,86234628.0
37.0,86245244.0
38.0,86255868.0
37.0,86266492.0
39.0,86277120.0
41.0,86287740.0
42.0,86298356.0
41.0,86308980.0
42.0,86319596.0
41.0,86330220.0
41.0,86340852.0
43.0,86351468.0
48.0,86362092.0
51.0,86372716.0
49.0,86383340.0
47.0,86393964.0
46.0,86404588.0
47.0,86415204.0
46.0,86425828.0
47.0,86436444.0
45.0,86447060.0
46.0,86457684.0
46.0,86468308.0
56.0,86478936.0
53.0,86489556.0
50.0,86500180.0
47.0,86510812.0
48.0,86521428.0
49.0,86532044.0
68.0,86542668.0
70.0,86553284.0
74.0,86563916.0
74.0,86574532.0
76.0,86585148.0
72.0,86595772.0
67.0,86606388.0
69.0,86617004.0
65.0,86627628.0
63.0,86638244.0
61.0,86648872.0
59.0,86659500.0
59.0,86670116.0
62.0,86680740.0
64.0,86691356.0
60.0,86701980.0
56.0,86712604.0
52.0,86723220.0
52.0,86733848.0
51.0,86744468.0
52.0,86755084.0
51.0,86765708.0
55.0,86776324.0
55.0,86786940.0
58.0,86797564.0
55.0,86808188.0
60.0,86818816.0
61.0,86829444.0
60.0,86840060.0
56.0,86850684.0
55.0,86861308.0
51.0,86871924.0
52.0,86882556.0
53.0,86893172.0
49.0,86903808.0
50.0,86914436.0
51.0,86925052.0
52.0,86935676.0
50.0,86946300.0
56.0,86956916.0
54.0,86967548.0
53.0,86978172.0
54.0,86988800.0
51.0,86999420.0
50.0,87010036.0
47.0,87020660.0
49.0,87031284.0
48.0,87041908.0
49.0,87052532.0
49.0,87063148.0
54.0,87073772.0
52.0,87084396.0
53.0,87095012.0
58.0,87105640.0
60.0,87116260.0
57.0,87126884.0
62.0,87137508.0
61.0,87148132.0
59.0,87158748.0
60.0,87169380.0
63.0,87179996.0
61.0,87190624.0
58.0,87201244.0
60.0,87211860.0
56.0,87222492.0
62.0,87233108.0
59.0,87243724.0
60.0,87254356.0
61.0,87264972.0
61.0,87275600.0
61.0,87286220.0
60.0,87296836.0
61.0,87307460.0
60.0,87318076.0
55.0,87328700.0
55.0,87339324.0
54.0,87349940.0
53.0,87360568.0
51.0,87371188.0
55.0,87381812.0
56.0,87392436.0
54.0,87403052.0
56.0,87413676.0
59.0,87424300.0
59.0,87434916.0
57.0,87445544.0
55.0,87456172.0
54.0,87466788.0
59.0,87477412.0
54.0,87488036.0
65.0,87498652.0
61.0,87509276.0
56.0,87519900.0
55.0,87530528.0
59.0,87541148.0
55.0,87551772.0
56.0,87562404.0
51.0,87573020.0
52.0,87583636.0
53.0,87594260.0
52.0,87604876.0
52.0,87615512.0
53.0,87626132.0
51.0,87636756.0
48.0,87647380.0
46.0,87658004.0
46.0,87668620.0
45.0,87679244.0
44.0,87689868.0
48.0,87700504.0
51.0,87711124.0
52.0,87721748.0
51.0,87732372.0
53.0,87742996.0
53.0,87753620.0
56.0,87764252.0
58.0,87774868.0
56.0,87785496.0
59.0,87796116.0
56.0,87806740.0
53.0,87817364.0
58.0,87827988.0
62.0,87838612.0
67.0,87849236.0
63.0,87859852.0
63.0,87870480.0
57.0,87881100.0
56.0,87891716.0
52.0,87902340.0
49.0,87912964.0
54.0,87923580.0
58.0,87934204.0
60.0,87944828.0
59.0,87955456.0
62.0,87966076.0
59.0,87976700.0
54.0,87987324.0
55.0,87997948.0
58.0,88008572.0
62.0,88019196.0
62.0,88029820.0
58.0,88040448.0
62.0,88051068.0
70.0,88061692.0
66.0,88072316.0
62.0,88082932.0
69.0,88093548.0
80.0,88104172.0
79.0,88114788.0
76.0,88125412.0
73.0,88136036.0
77.0,88146652.0
72.0,88157288.0
82.0,88167908.0
78.0,88178524.0
73.0,88189148.0
69.0,88199764.0
66.0,88210380.0
68.0,88221004.0
73.0,88231620.0
70.0,88242252.0
66.0,88252876.0
68.0,88263500.0
68.0,88274124.0
83.0,88284740.0
86.0,88295364.0
82.0,88305988.0
83.0,88316612.0
77.0,88327240.0
73.0,88337860.0
68.0,88348476.0
63.0,88359100.0
68.0,88369716.0
65.0,88380340.0
67.0,88390972.0
68.0,88401596.0
64.0,88412224.0
64.0,88422844.0
65.0,88433460.0
63.0,88444084.0
60.0,88454708.0
63.0,88465332.0
64.0,88475956.0
66.0,88486572.0
68.0,88497200.0
67.0,88507820.0
65.0,88518436.0
70.0,88529060.0
66.0,88539676.0
59.0,88550300.0
59.0,88560924.0
59.0,88571540.0
61.0,88582168.0
61.0,88592788.0
56.0,88603404.0
54.0,88614036.0
60.0,88624660.0
60.0,88635276.0
57.0,88645900.0
59.0,88656516.0
62.0,88667144.0
61.0,88677764.0
67.0,88688388.0
74.0,88699012.0
74.0,88709628.0
70.0,88720244.0
74.0,88730868.0
67.0,88741492.0
69.0,88752116.0
68.0,88762748.0
71.0,88773372.0
67.0,88783996.0
69.0,88794620.0
68.0,88805244.0
65.0,88815868.0
67.0,88826492.0
64.0,88837120.0
65.0,88847740.0
66.0,88858364.0
60.0,88868988.0
57.0,88879612.0
58.0,88890236.0
55.0,88900860.0
55.0,88911476.0
60.0,88922100.0
58.0,88932732.0
57.0,88943356.0
58.0,88953980.0
60.0,88964604.0
58.0,88975220.0
62.0,88985852.0
60.0,88996468.0
62.0,89007092.0
62.0,89017724.0
60.0,89028348.0
58.0,89038972.0
56.0,89049596.0
55.0,89060220.0
55.0,89070844.0
59.0,89081468.0
60.0,89092096.0
59.0,89102716.0
64.0,89113340.0
65.0,89123964.0
64.0,89134588.0
67.0,89145204.0
67.0,89155828.0
63.0,89166452.0
60.0,89177076.0
63.0,89187700.0
64.0,89198324.0
69.0,89208948.0
77.0,89219572.0
72.0,89230196.0
71.0,89240820.0
68.0,89251444.0
72.0,89262068.0
72.0,89272692.0
67.0,89283316.0
64.0,89293940.0
60.0,89304556.0
61.0,89315172.0
69.0,89325796.0
73.0,89336420.0
72.0,89347044.0
68.0,89357668.0
67.0,89368292.0
68.0,89378920.0
66.0,89389548.0
72.0,89400172.0
71.0,89410804.0
82.0,89421428.0
75.0,89432052.0
73.0,89442676.0
81.0,89453300.0
74.0,89463924.0
69.0,89474548.0
70.0,89485172.0
63.0,89495796.0
61.0,89506420.0
60.0,89517044.0
55.0,89527668.0
55.0,89538292.0
52.0,89548916.0
58.0,89559532.0
62.0,89570156.0
65.0,89580780.0
64.0,89591404.0
61.0,89602028.0
62.0,89612652.0
60.0,89623268.0
59.0,89633896.0
59.0,89644516.0
59.0,89655132.0
59.0,89665756.0
61.0,89676372.0
66.0,89686996.0
62.0,89697628.0
67.0,89708244.0
65.0,89718872.0
68.0,89729492.0
75.0,89740108.0
70.0,89750732.0
66.0,89761356.0
64.0,89771972.0
69.0,89782604.0
70.0,89793220.0
67.0,89803848.0
63.0,89814468.0
61.0,89825084.0
58.0,89835708.0
59.0,89846324.0
61.0,89856940.0
63.0,89867564.0
61.0,89878180.0
60.0,89888808.0
60.0,89899428.0
69.0,89910052.0
78.0,89920676.0
79.0,89931292.0
78.0,89941916.0
70.0,89952540.0
65.0,89963164.0
73.0,89973792.0
75.0,89984420.0
76.0,89995036.0
79.0,90005660.0
74.0,90016284.0
72.0,90026900.0
69.0,90037524.0
66.0,90048148.0
63.0,90058776.0
58.0,90069396.0
56.0,90080020.0
54.0,90090644.0
58.0,90101268.0
64.0,90111892.0
59.0,90122524.0
60.0,90133140.0
57.0,90143768.0
59.0,90154388.0
57.0,90165004.0
54.0,90175628.0
53.0,90186252.0
53.0,90196868.0
53.0,90207492.0
55.0,90218116.0
55.0,90228744.0
53.0,90239372.0
54.0,90249996.0
54.0,90260628.0
60.0,90271244.0
61.0,90281860.0
62.0,90292484.0
62.0,90303100.0
64.0,90313728.0
63.0,90324356.0
62.0,90334972.0
62.0,90345596.0
59.0,90356220.0
61.0,90366844.0
61.0,90377468.0
61.0,90388092.0
67.0,90398720.0
66.0,90409340.0
68.0,90419956.0
67.0,90430588.0
62.0,90441212.0
58.0,90451828.0
62.0,90462452.0
66.0,90473068.0
69.0,90483692.0
70.0,90494316.0
78.0,90504940.0
80.0,90515564.0
81.0,90526188.0
74.0,90536804.0
68.0,90547428.0
65.0,90558044.0
62.0,90568668.0
66.0,90579292.0
63.0,90589908.0
63.0,90600536.0
66.0,90611156.0
63.0,90621780.0
64.0,90632412.0
62.0,90643028.0
65.0,90653652.0
61.0,90664276.0
62.0,90674892.0
62.0,90685520.0
63.0,90696140.0
59.0,90706756.0
59.0,90717380.0
62.0,90728004.0
61.0,90738620.0
59.0,90749252.0
60.0,90759876.0
60.0,90770504.0
61.0,90781132.0
68.0,90791756.0
70.0,90802380.0
76.0,90813004.0
72.0,90823628.0
68.0,90834252.0
66.0,90844876.0
61.0,90855504.0
57.0,90866124.0
58.0,90876748.0
61.0,90887388.0
61.0,90898004.0
56.0,90908620.0
57.0,90919244.0
60.0,90929868.0
58.0,90940496.0
62.0,90951116.0
65.0,90961740.0
70.0,90972364.0
68.0,90982980.0
76.0,90993596.0
75.0,91004220.0
71.0,91014844.0
67.0,91025472.0
72.0,91036092.0
70.0,91046716.0
64.0,91057340.0
59.0,91067964.0
58.0,91078588.0
57.0,91089212.0
58.0,91099836.0
59.0,91110464.0
64.0,91121092.0
63.0,91131716.0
62.0,91142340.0
59.0,91152964.0
58.0,91163580.0
59.0,91174204.0
60.0,91184828.0
61.0,91195456.0
65.0,91206076.0
66.0,91216700.0
65.0,91227324.0
68.0,91237948.0
68.0,91248572.0
65.0,91259204.0
73.0,91269820.0
74.0,91280452.0
79.0,91291068.0
80.0,91301692.0
71.0,91312316.0
72.0,91322940.0
70.0,91333564.0
79.0,91344188.0
75.0,91354804.0
79.0,91365432.0
83.0,91376052.0
83.0,91386676.0
75.0,91397300.0
72.0,91407924.0
68.0,91418548.0
63.0,91429172.0
70.0,91439796.0
69.0,91450432.0
62.0,91461052.0
56.0,91471676.0
51.0,91482300.0
53.0,91492924.0
63.0,91503548.0
74.0,91514180.0
69.0,91524804.0
68.0,91535432.0
69.0,91546052.0
72.0,91556668.0
76.0,91567292.0
70.0,91577916.0
75.0,91588540.0
79.0,91599164.0
75.0,91609788.0
69.0,91620416.0
70.0,91631036.0
65.0,91641660.0
65.0,91652284.0
66.0,91662908.0
63.0,91673532.0
65.0,91684164.0
69.0,91694788.0
75.0,91705416.0
82.0,91716044.0
85.0,91726668.0
93.0,91737292.0
84.0,91747916.0
77.0,91758540.0
72.0,91769164.0
72.0,91779788.0
69.0,91790416.0
69.0,91801036.0
67.0,91811660.0
62.0,91822284.0
65.0,91832908.0
70.0,91843532.0
71.0,91854156.0
66.0,91864772.0
66.0,91875400.0
68.0,91886028.0
67.0,91896652.0
60.0,91907276.0
57.0,91917900.0
57.0,91928524.0
66.0,91939148.0
76.0,91949772.0
74.0,91960404.0
71.0,91971020.0
68.0,91981644.0
73.0,91992268.0
71.0,92002892.0
70.0,92013508.0
74.0,92024140.0
76.0,92034764.0
72.0,92045396.0
70.0,92056012.0
69.0,92066636.0
83.0,92077260.0
76.0,92087884.0
65.0,92098508.0
66.0,92109132.0
66.0,92119748.0
65.0,92130376.0
62.0,92140996.0
59.0,92151620.0
60.0,92162244.0
61.0,92172860.0
56.0,92183476.0
58.0,92194100.0
55.0,92204716.0
72.0,92215344.0
70.0,92225964.0
69.0,92236580.0
71.0,92247204.0
66.0,92257828.0
60.0,92268444.0
57.0,92279068.0
55.0,92289684.0
51.0,92300312.0
50.0,92310940.0
47.0,92321564.0
48.0,92332188.0
52.0,92342804.0
51.0,92353420.0
50.0,92364044.0
49.0,92374668.0
50.0,92385296.0
52.0,92395916.0
58.0,92406540.0
60.0,92417164.0
66.0,92427780.0
60.0,92438396.0
61.0,92449020.0
59.0,92459636.0
52.0,92470260.0
49.0,92480884.0
45.0,92491508.0
48.0,92502132.0
50.0,92512748.0
49.0,92523372.0
45.0,92533996.0
45.0,92544620.0
45.0,92555244.0
45.0,92565876.0
43.0,92576500.0
41.0,92587124.0
39.0,92597740.0
37.0,92608364.0
38.0,92618988.0
37.0,92629612.0
38.0,92640236.0
40.0,92650860.0
40.0,92661484.0
39.0,92672108.0
41.0,92682732.0
42.0,92693348.0
42.0,92703972.0
40.0,92714596.0
44.0,92725220.0
45.0,92735844.0
42.0,92746468.0
41.0,92757100.0
46.0,92767724.0
45.0,92778348.0
42.0,92788972.0
39.0,92799596.0
36.0,92810228.0
35.0,92820860.0
34.0,92831484.0
35.0,92842108.0
33.0,92852724.0
32.0,92863340.0
31.0,92873964.0
30.0,92884588.0
29.0,92895212.0
30.0,92905844.0
29.0,92916460.0
29.0,92927084.0
30.0,92937708.0
29.0,92948324.0
28.0,92958948.0
28.0,92969572.0
28.0,92980196.0
28.0,92990820.0
28.0,93001436.0
29.0,93012064.0
29.0,93022692.0
29.0,93033316.0
30.0,93043948.0
30.0,93054572.0
29.0,93065196.0
30.0,93075820.0
29.0,93086444.0
29.0,93097076.0
29.0,93107692.0
29.0,93118308.0
29.0,93128932.0
28.0,93139556.0
27.0,93150180.0
27.0,93160804.0
28.0,93171420.0
27.0,93182048.0
27.0,93192668.0
28.0,93203284.0
28.0,93213916.0
28.0,93224540.0
28.0,93235164.0
28.0,93245788.0
28.0,93256404.0
28.0,93267032.0
28.0,93277652.0
28.0,93288276.0
28.0,93298908.0
27.0,93309532.0
27.0,93320156.0
28.0,93330788.0
27.0,93341412.0
28.0,93352040.0
27.0,93362660.0
28.0,93373284.0
28.0,93383908.0
28.0,93394532.0
27.0,93405148.0
28.0,93415772.0
28.0,93426396.0
28.0,93437024.0
28.0,93447644.0
28.0,93458260.0
28.0,93468892.0
27.0,93479508.0
27.0,93490132.0
28.0,93500764.0
28.0,93511388.0
28.0,93522016.0
27.0,93532636.0
27.0,93543260.0
27.0,93553884.0
27.0,93564508.0
27.0,93575132.0
27.0,93585764.0
27.0,93596388.0
27.0,93607016.0
26.0,93617644.0
27.0,93628260.0
27.0,93638892.0
26.0,93649508.0
27.0,93660132.0
27.0,93670756.0
26.0,93681380.0
27.0,93692008.0
27.0,93702628.0
27.0,93713244.0
28.0,93723868.0
27.0,93734484.0
27.0,93745100.0
28.0,93755724.0
27.0,93766348.0
27.0,93776976.0
27.0,93787604.0
27.0,93798228.0
27.0,93808860.0
27.0,93819476.0
27.0,93830100.0
27.0,93840732.0
27.0,93851348.0
26.0,93861976.0
26.0,93872596.0
26.0,93883220.0
26.0,93893852.0
26.0,93904476.0
27.0,93915100.0
27.0,93925724.0
27.0,93936348.0
26.0,93946976.0
27.0,93957596.0
26.0,93968220.0
27.0,93978844.0
27.0,93989468.0
27.0,94000092.0
27.0,94010716.0
27.0,94021340.0
27.0,94031968.0
27.0,94042588.0
26.0,94053212.0
28.0,94063836.0
27.0,94074460.0
28.0,94085084.0
29.0,94095708.0
30.0,94106332.0
29.0,94116960.0
30.0,94127580.0
29.0,94138204.0
29.0,94148828.0
29.0,94159452.0
28.0,94170076.0
28.0,94180700.0
28.0,94191324.0
28.0,94201960.0
29.0,94212588.0
29.0,94223204.0
29.0,94233836.0
29.0,94244460.0
29.0,94255084.0
31.0,94265716.0
30.0,94276340.0
29.0,94286964.0
29.0,94297588.0
28.0,94308212.0
28.0,94318836.0
28.0,94329460.0
28.0,94340084.0
28.0,94350716.0
28.0,94361340.0
28.0,94371972.0
27.0,94382588.0
27.0,94393204.0
27.0,94403836.0
27.0,94414452.0
27.0,94425076.0
27.0,94435700.0
27.0,94446316.0
27.0,94456940.0
27.0,94467556.0
27.0,94478172.0
27.0,94488796.0
27.0,94499420.0
27.0,94510036.0
27.0,94520660.0
28.0,94531276.0
29.0,94541904.0
29.0,94552532.0
29.0,94563156.0
30.0,94573788.0
31.0,94584412.0
32.0,94595036.0
32.0,94605660.0
31.0,94616284.0
30.0,94626912.0
31.0,94637532.0
30.0,94648156.0
30.0,94658780.0
30.0,94669404.0
29.0,94680028.0
30.0,94690652.0
29.0,94701276.0
30.0,94711904.0
29.0,94722532.0
29.0,94733148.0
30.0,94743772.0
30.0,94754388.0
29.0,94765012.0
29.0,94775636.0
28.0,94786260.0
28.0,94796888.0
29.0,94807508.0
29.0,94818132.0
29.0,94828764.0
29.0,94839388.0
29.0,94850012.0
29.0,94860636.0
28.0,94871260.0
28.0,94881888.0
28.0,94892508.0
28.0,94903132.0
28.0,94913756.0
28.0,94924380.0
28.0,94935004.0
28.0,94945628.0
28.0,94956244.0
28.0,94966872.0
27.0,94977492.0
27.0,94988116.0
27.0,94998748.0
28.0,95009372.0
28.0,95019996.0
29.0,95030628.0
29.0,95041244.0
29.0,95051872.0
28.0,95062492.0
28.0,95073108.0
28.0,95083740.0
28.0,95094356.0
28.0,95104980.0
28.0,95115604.0
28.0,95126228.0
29.0,95136856.0
28.0,95147484.0
28.0,95158108.0
27.0,95168732.0
28.0,95179356.0
29.0,95189980.0
28.0,95200604.0
29.0,95211220.0
28.0,95221848.0
29.0,95232468.0
28.0,95243092.0
29.0,95253724.0
29.0,95264340.0
29.0,95274956.0
29.0,95285580.0
28.0,95296204.0
28.0,95306832.0
28.0,95317452.0
28.0,95328076.0
28.0,95338700.0
27.0,95349324.0
27.0,95359948.0
28.0,95370580.0
28.0,95381196.0
28.0,95391824.0
28.0,95402444.0
29.0,95413060.0
28.0,95423684.0
29.0,95434308.0
29.0,95444932.0
29.0,95455556.0
28.0,95466180.0
28.0,95476808.0
29.0,95487436.0
29.0,95498060.0
29.0,95508684.0
29.0,95519308.0
29.0,95529932.0
29.0,95540564.0
28.0,95551180.0
29.0,95561808.0
29.0,95572436.0
29.0,95583060.0
28.0,95593692.0
29.0,95604316.0
28.0,95614940.0
28.0,95625564.0
28.0,95636188.0
28.0,95646816.0
28.0,95657444.0
28.0,95668068.0
28.0,95678692.0
29.0,95689316.0
29.0,95699940.0
29.0,95710564.0
29.0,95721188.0
29.0,95731816.0
28.0,95742436.0
28.0,95753060.0
28.0,95763684.0
29.0,95774308.0
29.0,95784932.0
29.0,95795556.0
29.0,95806180.0
30.0,95816808.0
29.0,95827428.0
30.0,95838052.0
29.0,95848684.0
29.0,95859300.0
29.0,95869916.0
31.0,95880540.0
31.0,95891164.0
31.0,95901792.0
30.0,95912412.0
29.0,95923036.0
30.0,95933668.0
29.0,95944292.0
29.0,95954916.0
29.0,95965540.0
29.0,95976164.0
29.0,95986792.0
29.0,95997420.0
29.0,96008044.0
29.0,96018668.0
29.0,96029284.0
29.0,96039900.0
29.0,96050532.0
30.0,96061156.0
29.0,96071784.0
29.0,96082404.0
29.0,96093020.0
28.0,96103644.0
28.0,96114260.0
28.0,96124876.0
29.0,96135508.0
29.0,96146132.0
28.0,96156760.0
29.0,96167388.0
29.0,96178004.0
28.0,96188636.0
28.0,96199260.0
29.0,96209884.0
28.0,96220508.0
29.0,96231132.0
29.0,96241760.0
29.0,96252388.0
29.0,96263012.0
29.0,96273636.0
29.0,96284252.0
29.0,96294868.0
29.0,96305500.0
29.0,96316124.0
29.0,96326752.0
28.0,96337372.0
28.0,96347996.0
28.0,96358628.0
28.0,96369244.0
28.0,96379860.0
29.0,96390492.0
28.0,96401108.0
28.0,96411736.0
28.0,96422356.0
29.0,96432980.0
28.0,96443612.0
28.0,96454228.0
29.0,96464852.0
28.0,96475476.0
28.0,96486100.0
28.0,96496728.0
28.0,96507348.0
29.0,96517972.0
29.0,96528604.0
29.0,96539220.0
30.0,96549836.0
29.0,96560460.0
30.0,96571084.0
29.0,96581712.0
29.0,96592332.0
29.0,96602956.0
29.0,96613580.0
29.0,96624204.0
29.0,96634828.0
29.0,96645452.0
29.0,96656068.0
29.0,96666696.0
29.0,96677316.0
29.0,96687932.0
29.0,96698556.0
29.0,96709180.0
29.0,96719796.0
29.0,96730420.0
29.0,96741036.0
29.0,96751664.0
29.0,96762284.0
29.0,96772908.0
29.0,96783532.0
29.0,96794156.0
29.0,96804780.0
28.0,96815404.0
29.0,96826028.0
29.0,96836656.0
29.0,96847276.0
29.0,96857900.0
28.0,96868524.0
29.0,96879148.0
28.0,96889772.0
28.0,96900396.0
28.0,96911020.0
29.0,96921648.0
29.0,96932268.0
29.0,96942892.0
28.0,96953516.0
29.0,96964140.0
29.0,96974764.0
29.0,96985388.0
29.0,96996012.0
29.0,97006640.0
30.0,97017260.0
30.0,97027884.0
29.0,97038508.0
29.0,97049132.0
30.0,97059756.0
30.0,97070380.0
30.0,97081004.0
30.0,97091632.0
30.0,97102260.0
29.0,97112884.0
30.0,97123508.0
30.0,97134132.0
29.0,97144756.0
29.0,97155380.0
30.0,97166004.0
31.0,97176632.0
30.0,97187252.0
30.0,97197876.0
30.0,97208508.0
30.0,97219132.0
30.0,97229756.0
30.0,97240380.0
29.0,97251004.0
29.0,97261632.0
29.0,97272252.0
30.0,97282876.0
29.0,97293508.0
29.0,97304124.0
29.0,97314740.0
29.0,97325364.0
28.0,97335980.0
28.0,97346608.0
29.0,97357228.0
28.0,97367844.0
29.0,97378468.0
29.0,97389092.0
29.0,97399716.0
29.0,97410340.0
29.0,97420956.0
29.0,97431584.0
29.0,97442204.0
29.0,97452828.0
29.0,97463452.0
29.0,97474076.0
29.0,97484700.0
29.0,97495332.0
29.0,97505956.0
29.0,97516584.0
29.0,97527204.0
29.0,97537820.0
29.0,97548444.0
28.0,97559068.0
28.0,97569692.0
28.0,97580316.0
28.0,97590940.0
28.0,97601568.0
27.0,97612188.0
28.0,97622812.0
29.0,97633436.0
28.0,97644060.0
28.0,97654684.0
28.0,97665308.0
28.0,97675924.0
29.0,97686552.0
28.0,97697180.0
28.0,97707804.0
28.0,97718428.0
28.0,97729044.0
27.0,97739668.0
28.0,97750292.0
28.0,97760916.0
27.0,97771544.0
28.0,97782172.0
28.0,97792796.0
27.0,97803420.0
27.0,97814044.0
27.0,97824660.0
27.0,97835292.0
27.0,97845916.0
28.0,97856544.0
27.0,97867164.0
28.0,97877788.0
27.0,97888412.0
28.0,97899036.0
28.0,97909660.0
28.0,97920284.0
28.0,97930900.0
28.0,97941528.0
27.0,97952156.0
27.0,97962780.0
27.0,97973404.0
27.0,97984028.0
28.0,97994644.0
28.0,98005268.0
28.0,98015892.0
28.0,98026520.0
29.0,98037140.0
28.0,98047764.0
28.0,98058396.0
28.0,98069020.0
28.0,98079644.0
28.0,98090268.0
27.0,98100892.0
28.0,98111520.0
28.0,98122140.0
28.0,98132764.0
28.0,98143388.0
27.0,98154012.0
27.0,98164636.0
28.0,98175260.0
27.0,98185884.0
28.0,98196512.0
27.0,98207132.0
27.0,98217756.0
27.0,98228380.0
27.0,98239004.0
27.0,98249628.0
27.0,98260252.0
27.0,98270876.0
27.0,98281512.0
26.0,98292140.0
26.0,98302764.0
27.0,98313396.0
26.0,98324012.0
27.0,98334636.0
26.0,98345260.0
26.0,98355876.0
27.0,98366504.0
26.0,98377124.0
26.0,98387740.0
27.0,98398364.0
26.0,98408988.0
27.0,98419604.0
27.0,98430228.0
27.0,98440844.0
27.0,98451472.0
27.0,98462092.0
27.0,98472708.0
27.0,98483332.0
27.0,98493948.0
27.0,98504564.0
27.0,98515188.0
28.0,98525812.0
28.0,98536436.0
29.0,98547068.0
28.0,98557692.0
28.0,98568316.0
28.0,98578932.0
28.0,98589548.0
28.0,98600172.0
28.0,98610788.0
28.0,98621412.0
28.0,98632036.0
28.0,98642652.0
28.0,98653288.0
28.0,98663908.0
28.0,98674524.0
28.0,98685148.0
28.0,98695772.0
29.0,98706388.0
28.0,98717012.0
28.0,98727628.0
28.0,98738256.0
29.0,98748876.0
28.0,98759492.0
28.0,98770116.0
28.0,98780732.0
28.0,98791356.0
27.0,98801980.0
27.0,98812596.0
28.0,98823224.0
28.0,98833844.0
27.0,98844468.0
28.0,98855092.0
27.0,98865716.0
27.0,98876340.0
27.0,98886964.0
27.0,98897580.0
27.0,98908208.0
27.0,98918828.0
27.0,98929444.0
26.0,98940068.0
27.0,98950692.0
26.0,98961316.0
26.0,98971940.0
26.0,98982564.0
27.0,98993192.0
27.0,99003812.0
27.0,99014436.0
27.0,99025060.0
27.0,99035684.0
27.0,99046308.0
27.0,99056932.0
26.0,99067556.0
27.0,99078184.0
27.0,99088804.0
27.0,99099420.0
27.0,99110044.0
27.0,99120668.0
27.0,99131292.0
27.0,99141924.0
27.0,99152548.0
27.0,99163176.0
27.0,99173796.0
28.0,99184420.0
28.0,99195044.0
28.0,99205668.0
28.0,99216284.0
28.0,99226908.0
28.0,99237524.0
28.0,99248152.0
28.0,99258772.0
28.0,99269396.0
28.0,99280020.0
28.0,99290636.0
28.0,99301260.0
27.0,99311884.0
28.0,99322508.0
28.0,99333136.0
28.0,99343756.0
28.0,99354380.0
28.0,99365004.0
28.0,99375628.0
29.0,99386252.0
28.0,99396876.0
28.0,99407500.0
28.0,99418128.0
28.0,99428756.0
28.0,99439380.0
29.0,99450004.0
28.0,99460628.0
28.0,99471252.0
27.0,99481876.0
28.0,99492500.0
28.0,99503128.0
29.0,99513748.0
29.0,99524372.0
29.0,99534996.0
29.0,99545620.0
28.0,99556236.0
28.0,99566860.0
28.0,99577484.0
28.0,99588112.0
28.0,99598740.0
28.0,99609364.0
28.0,99619988.0
30.0,99630604.0
30.0,99641228.0
29.0,99651852.0
29.0,99662468.0
29.0,99673096.0
29.0,99683716.0
28.0,99694340.0
28.0,99704964.0
28.0,99715580.0
28.0,99726204.0
28.0,99736836.0
28.0,99747460.0
28.0,99758088.0
28.0,99768716.0
28.0,99779340.0
28.0,99789964.0
28.0,99800588.0
28.0,99811212.0
28.0,99821836.0
28.0,99832460.0
28.0,99843088.0
28.0,99853708.0
28.0,99864324.0
29.0,99874948.0
29.0,99885572.0
29.0,99896196.0
29.0,99906828.0
28.0,99917444.0
29.0,99928072.0
31.0,99938692.0
30.0,99949316.0
30.0,99959940.0
30.0,99970564.0
29.0,99981180.0
29.0,99991804.0
29.0,100002428.0
30.0,100013104.0
29.0,100023772.0
29.0,100034436.0
29.0,100045108.0
30.0,100055772.0
29.0,100066444.0
29.0,100077108.0
29.0,100087772.0
28.0,100098444.0
29.0,100109108.0
28.0,100119780.0
28.0,100130444.0
29.0,100141120.0
29.0,100151788.0
28.0,100162452.0
29.0,100173124.0
29.0,100183788.0
29.0,100194460.0
28.0,100205124.0
29.0,100215796.0
28.0,100226468.0
27.0,100237132.0
29.0,100247804.0
30.0,100258468.0
30.0,100269144.0
30.0,100279812.0
31.0,100290476.0
32.0,100301148.0
32.0,100311812.0
36.0,100322484.0
46.0,100333148.0
48.0,100343824.0
56.0,100354492.0
55.0,100365156.0
55.0,100375828.0
53.0,100386492.0
52.0,100397164.0
53.0,100407828.0
54.0,100418492.0
55.0,100429164.0
56.0,100439828.0
58.0,100450500.0
58.0,100461164.0
65.0,100471840.0
83.0,100482508.0
109.0,100493216.0
110.0,100503944.0
131.0,100514664.0
148.0,100525384.0
137.0,100536104.0
127.0,100546824.0
132.0,100557536.0
123.0,100568256.0
116.0,100578968.0
109.0,100589692.0
108.0,100600408.0
110.0,100611132.0
124.0,100621848.0
115.0,100632560.0
124.0,100643280.0
124.0,100653992.0
124.0,100664712.0
122.0,100675432.0
130.0,100686152.0
121.0,100696872.0
123.0,100707592.0
123.0,100718312.0
118.0,100729032.0
111.0,100739752.0
101.0,100750476.0
98.0,100761148.0
95.0,100771820.0
115.0,100782536.0
107.0,100793256.0
106.0,100803976.0
104.0,100814688.0
125.0,100825408.0
122.0,100836128.0
118.0,100846856.0
116.0,100857576.0
117.0,100868304.0
112.0,100879024.0
114.0,100889748.0
118.0,100900472.0
111.0,100911196.0
117.0,100921912.0
114.0,100932636.0
104.0,100943352.0
94.0,100954028.0
97.0,100964700.0
92.0,100975364.0
99.0,100986036.0
99.0,100996700.0
99.0,101007376.0
102.0,101018088.0
104.0,101028800.0
95.0,101039476.0
90.0,101050148.0
85.0,101060828.0
83.0,101071492.0
82.0,101082168.0
78.0,101092836.0
86.0,101103500.0
101.0,101114216.0
93.0,101124892.0
92.0,101135564.0
80.0,101146228.0
87.0,101156904.0
92.0,101167572.0
94.0,101178244.0
94.0,101188916.0
88.0,101199580.0
90.0,101210252.0
84.0,101220916.0
84.0,101231580.0
85.0,101242252.0
83.0,101252916.0
82.0,101263588.0
84.0,101274252.0
85.0,101284928.0
84.0,101295596.0
77.0,101306260.0
84.0,101316932.0
93.0,101327596.0
88.0,101338268.0
82.0,101348932.0
85.0,101359604.0
85.0,101370276.0
83.0,101380940.0
84.0,101391612.0
83.0,101402276.0
85.0,101412952.0
77.0,101423620.0
73.0,101434284.0
69.0,101444956.0
68.0,101455620.0
73.0,101466292.0
75.0,101476956.0
71.0,101487636.0
69.0,101498300.0
64.0,101508964.0
68.0,101519636.0
70.0,101530300.0
71.0,101540972.0
67.0,101551636.0
66.0,101562300.0
65.0,101572972.0
62.0,101583636.0
65.0,101594308.0
63.0,101604972.0
67.0,101615648.0
64.0,101626316.0
63.0,101636988.0
61.0,101647660.0
67.0,101658324.0
64.0,101668996.0
64.0,101679660.0
70.0,101690332.0
77.0,101701004.0
76.0,101711668.0
76.0,101722340.0
79.0,101733012.0
76.0,101743696.0
75.0,101754364.0
75.0,101765028.0
81.0,101775700.0
89.0,101786364.0
81.0,101797036.0
77.0,101807700.0
74.0,101818380.0
73.0,101829044.0
70.0,101839708.0
68.0,101850380.0
65.0,101861044.0
66.0,101871720.0
63.0,101882388.0
74.0,101893052.0
75.0,101903724.0
78.0,101914396.0
76.0,101925068.0
74.0,101935732.0
69.0,101946408.0
69.0,101957076.0
69.0,101967740.0
66.0,101978412.0
66.0,101989076.0
70.0,101999748.0
72.0,102010412.0
71.0,102021084.0
70.0,102031756.0
67.0,102042420.0
61.0,102053092.0
62.0,102063756.0
63.0,102074432.0
60.0,102085100.0
61.0,102095764.0
73.0,102106436.0
75.0,102117100.0
76.0,102127772.0
71.0,102138436.0
76.0,102149124.0
69.0,102159788.0
66.0,102170452.0
63.0,102181124.0
60.0,102191788.0
60.0,102202464.0
61.0,102213132.0
61.0,102223796.0
58.0,102234476.0
60.0,102245140.0
60.0,102255812.0
77.0,102266476.0
69.0,102277152.0
75.0,102287820.0
76.0,102298484.0
78.0,102309156.0
78.0,102319820.0
76.0,102330492.0
75.0,102341156.0
70.0,102351820.0
67.0,102362492.0
70.0,102373156.0
79.0,102383836.0
79.0,102394500.0
78.0,102405176.0
70.0,102415836.0
66.0,102426500.0
64.0,102437164.0
69.0,102447828.0
63.0,102458500.0
66.0,102469164.0
62.0,102479828.0
62.0,102490500.0
60.0,102501164.0
57.0,102511836.0
61.0,102522500.0
60.0,102533176.0
63.0,102543844.0
63.0,102554508.0
66.0,102565180.0
77.0,102575844.0
76.0,102586516.0
73.0,102597180.0
77.0,102607844.0
74.0,102618516.0
83.0,102629180.0
88.0,102639852.0
89.0,102650516.0
92.0,102661192.0
86.0,102671860.0
82.0,102682524.0
79.0,102693196.0
70.0,102703860.0
70.0,102714532.0
77.0,102725196.0
71.0,102735876.0
72.0,102746540.0
65.0,102757204.0
64.0,102767876.0
62.0,102778540.0
63.0,102789216.0
59.0,102799884.0
56.0,102810548.0
58.0,102821220.0
59.0,102831884.0
63.0,102842556.0
57.0,102853220.0
61.0,102863896.0
58.0,102874564.0
55.0,102885228.0
55.0,102895900.0
63.0,102906564.0
68.0,102917236.0
63.0,102927900.0
70.0,102938564.0
81.0,102949236.0
81.0,102959900.0
79.0,102970572.0
77.0,102981236.0
72.0,102991912.0
73.0,103002580.0
79.0,103013244.0
77.0,103023916.0
78.0,103034588.0
77.0,103045260.0
73.0,103055924.0
79.0,103066588.0
75.0,103077260.0
78.0,103087924.0
76.0,103098596.0
79.0,103109260.0
74.0,103119940.0
71.0,103130604.0
77.0,103141268.0
80.0,103151940.0
82.0,103162612.0
79.0,103173284.0
76.0,103183948.0
78.0,103194624.0
75.0,103205292.0
69.0,103215956.0
64.0,103226628.0
64.0,103237292.0
60.0,103247968.0
60.0,103258636.0
61.0,103269300.0
64.0,103279972.0
67.0,103290644.0
66.0,103301316.0
63.0,103311980.0
62.0,103322656.0
58.0,103333324.0
55.0,103343988.0
61.0,103354660.0
72.0,103365324.0
70.0,103375996.0
70.0,103386660.0
72.0,103397324.0
72.0,103407996.0
74.0,103418660.0
68.0,103429340.0
73.0,103440004.0
73.0,103450684.0
66.0,103461348.0
69.0,103472012.0
66.0,103482684.0
67.0,103493348.0
70.0,103504020.0
78.0,103514684.0
81.0,103525356.0
77.0,103536028.0
71.0,103546692.0
67.0,103557364.0
63.0,103568028.0
59.0,103578704.0
59.0,103589372.0
61.0,103600036.0
59.0,103610708.0
59.0,103621372.0
58.0,103632044.0
67.0,103642708.0
61.0,103653384.0
57.0,103664052.0
61.0,103674716.0
55.0,103685388.0
55.0,103696052.0
56.0,103706728.0
62.0,103717396.0
71.0,103728060.0
69.0,103738732.0
67.0,103749396.0
68.0,103760068.0
61.0,103770732.0
58.0,103781408.0
58.0,103792076.0
63.0,103802740.0
63.0,103813412.0
67.0,103824076.0
65.0,103834748.0
66.0,103845412.0
64.0,103856076.0
66.0,103866748.0
74.0,103877412.0
68.0,103888092.0
61.0,103898756.0
58.0,103909432.0
62.0,103920100.0
59.0,103930764.0
61.0,103941436.0
59.0,103952100.0
62.0,103962772.0
61.0,103973436.0
61.0,103984108.0
63.0,103994780.0
66.0,104005452.0
67.0,104016124.0
65.0,104026788.0
62.0,104037464.0
62.0,104048132.0
60.0,104058796.0
59.0,104069468.0
57.0,104080132.0
61.0,104090804.0
65.0,104101468.0
68.0,104112144.0
65.0,104122812.0
64.0,104133476.0
67.0,104144148.0
68.0,104154812.0
65.0,104165484.0
64.0,104176148.0
59.0,104186812.0
56.0,104197484.0
54.0,104208148.0
57.0,104218820.0
57.0,104229484.0
57.0,104240160.0
53.0,104250828.0
57.0,104261492.0
54.0,104272164.0
58.0,104282828.0
61.0,104293500.0
78.0,104304164.0
72.0,104314828.0
71.0,104325500.0
70.0,104336164.0
70.0,104346844.0
68.0,104357508.0
67.0,104368184.0
69.0,104378852.0
65.0,104389516.0
59.0,104400188.0
57.0,104410852.0
55.0,104421524.0
60.0,104432188.0
57.0,104442860.0
57.0,104453532.0
58.0,104464196.0
61.0,104474868.0
67.0,104485532.0
69.0,104496208.0
68.0,104506876.0
67.0,104517540.0
66.0,104528212.0
67.0,104538876.0
68.0,104549548.0
64.0,104560212.0
62.0,104570888.0
70.0,104581556.0
71.0,104592220.0
70.0,104602892.0
68.0,104613556.0
64.0,104624232.0
65.0,104634900.0
64.0,104645564.0
71.0,104656236.0
67.0,104666900.0
63.0,104677572.0
66.0,104688244.0
65.0,104698920.0
67.0,104709588.0
63.0,104720252.0
63.0,104730924.0
59.0,104741588.0
56.0,104752260.0
64.0,104762932.0
60.0,104773596.0
58.0,104784268.0
58.0,104794932.0
60.0,104805604.0
61.0,104816268.0
62.0,104826944.0
67.0,104837612.0
63.0,104848276.0
59.0,104858948.0
63.0,104869612.0
67.0,104880284.0
74.0,104890948.0
72.0,104901620.0
67.0,104912292.0
64.0,104922956.0
60.0,104933628.0
59.0,104944292.0
67.0,104954968.0
65.0,104965636.0
62.0,104976300.0
74.0,104986964.0
66.0,104997628.0
60.0,105008300.0
59.0,105018964.0
60.0,105029640.0
65.0,105040308.0
60.0,105050972.0
62.0,105061644.0
70.0,105072308.0
65.0,105082984.0
61.0,105093652.0
66.0,105104316.0
62.0,105114988.0
60.0,105125652.0
67.0,105136324.0
66.0,105146988.0
65.0,105157664.0
66.0,105168332.0
63.0,105178996.0
64.0,105189668.0
61.0,105200332.0
59.0,105211004.0
64.0,105221668.0
60.0,105232332.0
57.0,105243004.0
63.0,105253668.0
64.0,105264348.0
59.0,105275012.0
57.0,105285688.0
58.0,105296356.0
57.0,105307020.0
54.0,105317692.0
53.0,105328356.0
56.0,105339028.0
60.0,105349692.0
65.0,105360356.0
62.0,105371028.0
58.0,105381692.0
61.0,105392364.0
62.0,105403028.0
71.0,105413704.0
77.0,105424372.0
77.0,105435036.0
72.0,105445708.0
67.0,105456372.0
66.0,105467044.0
68.0,105477708.0
62.0,105488384.0
60.0,105499052.0
62.0,105509716.0
67.0,105520388.0
64.0,105531052.0
60.0,105541728.0
59.0,105552396.0
63.0,105563060.0
63.0,105573732.0
64.0,105584396.0
61.0,105595068.0
67.0,105605732.0
70.0,105616408.0
70.0,105627068.0
74.0,105637732.0
69.0,105648404.0
66.0,105659068.0
70.0,105669740.0
66.0,105680404.0
67.0,105691068.0
67.0,105701740.0
62.0,105712404.0
63.0,105723076.0
64.0,105733740.0
62.0,105744416.0
60.0,105755084.0
61.0,105765748.0
61.0,105776420.0
61.0,105787084.0
63.0,105797756.0
77.0,105808420.0
82.0,105819084.0
86.0,105829756.0
81.0,105840420.0
77.0,105851092.0
70.0,105861756.0
65.0,105872432.0
65.0,105883100.0
67.0,105893764.0
67.0,105904436.0
65.0,105915100.0
62.0,105925772.0
64.0,105936436.0
67.0,105947100.0
72.0,105957772.0
74.0,105968436.0
76.0,105979108.0
71.0,105989772.0
68.0,106000448.0
70.0,106011116.0
69.0,106021780.0
75.0,106032452.0
74.0,106043116.0
67.0,106053788.0
63.0,106064452.0
63.0,106075124.0
66.0,106085796.0
68.0,106096460.0
68.0,106107132.0
63.0,106117796.0
61.0,106128472.0
58.0,106139140.0
60.0,106149804.0
60.0,106160476.0
57.0,106171140.0
53.0,106181812.0
61.0,106192476.0
71.0,106203156.0
80.0,106213820.0
70.0,106224484.0
65.0,106235156.0
61.0,106245828.0
58.0,106256500.0
55.0,106267164.0
63.0,106277828.0
61.0,106288500.0
63.0,106299164.0
66.0,106309836.0
76.0,106320500.0
72.0,106331176.0
72.0,106341844.0
70.0,106352508.0
68.0,106363180.0
65.0,106373844.0
61.0,106384516.0
59.0,106395180.0
56.0,106405844.0
55.0,106416516.0
52.0,106427180.0
52.0,106437852.0
57.0,106448516.0
55.0,106459192.0
53.0,106469860.0
51.0,106480524.0
53.0,106491196.0
58.0,106501860.0
57.0,106512524.0
53.0,106523188.0
52.0,106533852.0
58.0,106544524.0
60.0,106555188.0
66.0,106565860.0
69.0,106576524.0
71.0,106587200.0
67.0,106597868.0
61.0,106608532.0
60.0,106619204.0
58.0,106629868.0
54.0,106640540.0
57.0,106651204.0
63.0,106661876.0
60.0,106672548.0
63.0,106683212.0
58.0,106693884.0
52.0,106704548.0
51.0,106715224.0
52.0,106725892.0
50.0,106736556.0
54.0,106747228.0
53.0,106757892.0
59.0,106768564.0
60.0,106779228.0
72.0,106789904.0
66.0,106800572.0
66.0,106811236.0
67.0,106821908.0
60.0,106832572.0
62.0,106843244.0
60.0,106853908.0
64.0,106864572.0
60.0,106875244.0
56.0,106885908.0
56.0,106896580.0
53.0,106907244.0
55.0,106917920.0
55.0,106928588.0
54.0,106939252.0
52.0,106949924.0
56.0,106960588.0
58.0,106971260.0
58.0,106981924.0
59.0,106992588.0
54.0,107003260.0
58.0,107013924.0
60.0,107024596.0
55.0,107035260.0
52.0,107045936.0
57.0,107056604.0
56.0,107067268.0
51.0,107077940.0
64.0,107088604.0
59.0,107099276.0
54.0,107109940.0
55.0,107120612.0
53.0,107131284.0
48.0,107141948.0
51.0,107152620.0
52.0,107163284.0
54.0,107173960.0
54.0,107184628.0
54.0,107195292.0
57.0,107205964.0
60.0,107216628.0
58.0,107227300.0
55.0,107237964.0
52.0,107248640.0
52.0,107259308.0
57.0,107269972.0
61.0,107280644.0
66.0,107291308.0
59.0,107301984.0
58.0,107312652.0
56.0,107323316.0
59.0,107333988.0
66.0,107344652.0
60.0,107355324.0
57.0,107365988.0
54.0,107376664.0
54.0,107387332.0
51.0,107397996.0
50.0,107408668.0
51.0,107419332.0
54.0,107430004.0
55.0,107440668.0
54.0,107451332.0
53.0,107462004.0
52.0,107472668.0
52.0,107483340.0
59.0,107494004.0
57.0,107504680.0
53.0,107515348.0
56.0,107526012.0
53.0,107536684.0
54.0,107547348.0
53.0,107558020.0
55.0,107568684.0
52.0,107579348.0
52.0,107590020.0
50.0,107600684.0
51.0,107611356.0
54.0,107622020.0
56.0,107632696.0
57.0,107643364.0
59.0,107654028.0
56.0,107664700.0
55.0,107675364.0
57.0,107686036.0
67.0,107696700.0
70.0,107707364.0
69.0,107718036.0
64.0,107728700.0
61.0,107739372.0
59.0,107750036.0
58.0,107760712.0
55.0,107771380.0
56.0,107782044.0
55.0,107792716.0
55.0,107803380.0
50.0,107814052.0
50.0,107824716.0
49.0,107835392.0
47.0,107846060.0
49.0,107856724.0
48.0,107867396.0
50.0,107878060.0
52.0,107888736.0
51.0,107899404.0
47.0,107910068.0
46.0,107920740.0
47.0,107931404.0
46.0,107942076.0
49.0,107952740.0
55.0,107963416.0
54.0,107974084.0
50.0,107984748.0
48.0,107995420.0
52.0,108006084.0
47.0,108016756.0
47.0,108027420.0
50.0,108038084.0
50.0,108048756.0
49.0,108059420.0
52.0,108070092.0
51.0,108080756.0
50.0,108091432.0
49.0,108102100.0
49.0,108112764.0
52.0,108123436.0
52.0,108134100.0
48.0,108144772.0
49.0,108155436.0
47.0,108166100.0
45.0,108176772.0
42.0,108187436.0
43.0,108198108.0
44.0,108208772.0
43.0,108219448.0
42.0,108230116.0
42.0,108240780.0
41.0,108251452.0
44.0,108262116.0
49.0,108272788.0
54.0,108283452.0
57.0,108294116.0
60.0,108304788.0
63.0,108315452.0
64.0,108326124.0
64.0,108336788.0
60.0,108347464.0
57.0,108358132.0
58.0,108368796.0
57.0,108379468.0
56.0,108390132.0
57.0,108400804.0
54.0,108411468.0
56.0,108422144.0
60.0,108432812.0
58.0,108443476.0
55.0,108454148.0
57.0,108464812.0
55.0,108475488.0
55.0,108486156.0
56.0,108496820.0
57.0,108507492.0
55.0,108518156.0
52.0,108528828.0
49.0,108539492.0
51.0,108550168.0
52.0,108560836.0
51.0,108571500.0
51.0,108582172.0
52.0,108592836.0
49.0,108603508.0
55.0,108614172.0
60.0,108624836.0
56.0,108635508.0
58.0,108646172.0
59.0,108656844.0
62.0,108667508.0
60.0,108678184.0
59.0,108688852.0
63.0,108699516.0
59.0,108710188.0
59.0,108720852.0
69.0,108731524.0
68.0,108742188.0
68.0,108752852.0
73.0,108763524.0
72.0,108774188.0
75.0,108784860.0
73.0,108795524.0
70.0,108806200.0
71.0,108816868.0
72.0,108827532.0
69.0,108838204.0
63.0,108848868.0
64.0,108859540.0
62.0,108870204.0
59.0,108880868.0
58.0,108891540.0
68.0,108902204.0
67.0,108912876.0
62.0,108923540.0
64.0,108934216.0
61.0,108944884.0
60.0,108955548.0
58.0,108966220.0
60.0,108976884.0
57.0,108987556.0
56.0,108998220.0
57.0,109008896.0
56.0,109019564.0
56.0,109030228.0
52.0,109040900.0
49.0,109051564.0
54.0,109062240.0
59.0,109072908.0
59.0,109083572.0
65.0,109094244.0
68.0,109104908.0
67.0,109115580.0
62.0,109126244.0
63.0,109136920.0
66.0,109147588.0
60.0,109158252.0
60.0,109168924.0
57.0,109179588.0
53.0,109190260.0
51.0,109200924.0
52.0,109211588.0
61.0,109222260.0
61.0,109232924.0
63.0,109243596.0
63.0,109254260.0
56.0,109264936.0
54.0,109275604.0
51.0,109286268.0
51.0,109296940.0
54.0,109307604.0
55.0,109318276.0
54.0,109328940.0
54.0,109339604.0
56.0,109350276.0
55.0,109360940.0
56.0,109371612.0
54.0,109382276.0
57.0,109392952.0
59.0,109403620.0
55.0,109414284.0
54.0,109424956.0
53.0,109435620.0
55.0,109446292.0
55.0,109456956.0
54.0,109467620.0
51.0,109478292.0
50.0,109488956.0
47.0,109499628.0
45.0,109510292.0
43.0,109520968.0
47.0,109531636.0
47.0,109542300.0
53.0,109552972.0
53.0,109563636.0
52.0,109574308.0
59.0,109584972.0
58.0,109595648.0
67.0,109606316.0
61.0,109616988.0
57.0,109627660.0
65.0,109638324.0
63.0,109649000.0
64.0,109659668.0
60.0,109670332.0
60.0,109681004.0
61.0,109691668.0
55.0,109702340.0
57.0,109713004.0
59.0,109723680.0
56.0,109734348.0
54.0,109745020.0
53.0,109755692.0
54.0,109766356.0
62.0,109777028.0
59.0,109787692.0
55.0,109798356.0
51.0,109809028.0
62.0,109819692.0
62.0,109830364.0
58.0,109841028.0
61.0,109851704.0
58.0,109862372.0
57.0,109873044.0
60.0,109883716.0
56.0,109894380.0
55.0,109905052.0
53.0,109915716.0
53.0,109926388.0
52.0,109937060.0
53.0,109947724.0
51.0,109958396.0
50.0,109969068.0
55.0,109979744.0
54.0,109990412.0
52.0,110001076.0
52.0,110011748.0
53.0,110022412.0
51.0,110033084.0
50.0,110043748.0
49.0,110054424.0
50.0,110065092.0
52.0,110075756.0
53.0,110086428.0
58.0,110097092.0
54.0,110107764.0
55.0,110118428.0
56.0,110129092.0
55.0,110139764.0
57.0,110150428.0
54.0,110161100.0
53.0,110171764.0
50.0,110182440.0
51.0,110193100.0
48.0,110203764.0
54.0,110214436.0
56.0,110225100.0
58.0,110235772.0
55.0,110246436.0
54.0,110257100.0
61.0,110267772.0
62.0,110278436.0
58.0,110289116.0
53.0,110299780.0
50.0,110310456.0
54.0,110321124.0
56.0,110331788.0
56.0,110342460.0
60.0,110353124.0
61.0,110363796.0
63.0,110374460.0
61.0,110385124.0
55.0,110395796.0
54.0,110406468.0
52.0,110417140.0
57.0,110427804.0
60.0,110438480.0
61.0,110449148.0
56.0,110459812.0
54.0,110470484.0
58.0,110481148.0
53.0,110491820.0
52.0,110502484.0
50.0,110513160.0
49.0,110523828.0
50.0,110534492.0
50.0,110545164.0
55.0,110555828.0
54.0,110566504.0
58.0,110577172.0
51.0,110587844.0
47.0,110598516.0
45.0,110609180.0
44.0,110619852.0
42.0,110630516.0
41.0,110641192.0
41.0,110651860.0
39.0,110662524.0
39.0,110673196.0
41.0,110683860.0
41.0,110694532.0
43.0,110705196.0
41.0,110715860.0
39.0,110726532.0
37.0,110737196.0
34.0,110747868.0
33.0,110758532.0
33.0,110769208.0
35.0,110779876.0
41.0,110790540.0
38.0,110801212.0
39.0,110811876.0
38.0,110822548.0
38.0,110833212.0
38.0,110843876.0
36.0,110854548.0
37.0,110865212.0
36.0,110875884.0
34.0,110886548.0
33.0,110897224.0
32.0,110907892.0
30.0,110918556.0
31.0,110929228.0
31.0,110939892.0
30.0,110950564.0
32.0,110961228.0
39.0,110971904.0
42.0,110982572.0
43.0,110993236.0
48.0,111003908.0
49.0,111014572.0
48.0,111025248.0
45.0,111035916.0
41.0,111046580.0
38.0,111057252.0
36.0,111067924.0
34.0,111078596.0
33.0,111089260.0
31.0,111099936.0
31.0,111110604.0
30.0,111121268.0
30.0,111131940.0
29.0,111142604.0
29.0,111153276.0
29.0,111163940.0
30.0,111174604.0
29.0,111185276.0
28.0,111195940.0
28.0,111206620.0
28.0,111217284.0
28.0,111227960.0
27.0,111238628.0
28.0,111249292.0
28.0,111259964.0
27.0,111270628.0
27.0,111281300.0
27.0,111291964.0
26.0,111302636.0
27.0,111313308.0
27.0,111323972.0
27.0,111334644.0
27.0,111345308.0
27.0,111355984.0
27.0,111366652.0
27.0,111377316.0
27.0,111387988.0
27.0,111398660.0
27.0,111409332.0
27.0,111420004.0
27.0,111430680.0
28.0,111441348.0
27.0,111452012.0
27.0,111462684.0
28.0,111473348.0
27.0,111484020.0
28.0,111494684.0
29.0,111505348.0
28.0,111516020.0
29.0,111526684.0
28.0,111537356.0
28.0,111548020.0
28.0,111558696.0
28.0,111569364.0
27.0,111580028.0
28.0,111590700.0
28.0,111601364.0
27.0,111612036.0
27.0,111622700.0
28.0,111633364.0
28.0,111644036.0
27.0,111654700.0
27.0,111665372.0
27.0,111676036.0
27.0,111686712.0
27.0,111697380.0
27.0,111708044.0
27.0,111718716.0
27.0,111729380.0
27.0,111740052.0
27.0,111750716.0
27.0,111761380.0
27.0,111772052.0
26.0,111782716.0
27.0,111793388.0
27.0,111804052.0
27.0,111814728.0
27.0,111825396.0
27.0,111836060.0
27.0,111846732.0
26.0,111857396.0
27.0,111868068.0
27.0,111878740.0
27.0,111889416.0
26.0,111900084.0
26.0,111910748.0
26.0,111921420.0
26.0,111932084.0
26.0,111942760.0
28.0,111953428.0
27.0,111964092.0
28.0,111974764.0
28.0,111985428.0
27.0,111996100.0
28.0,112006764.0
27.0,112017440.0
27.0,112028108.0
27.0,112038772.0
27.0,112049444.0
27.0,112060108.0
27.0,112070780.0
26.0,112081444.0
27.0,112092108.0
26.0,112102780.0
27.0,112113444.0
26.0,112124124.0
27.0,112134788.0
27.0,112145464.0
27.0,112156132.0
27.0,112166796.0
27.0,112177468.0
26.0,112188132.0
26.0,112198804.0
26.0,112209468.0
26.0,112220132.0
26.0,112230804.0
26.0,112241468.0
26.0,112252140.0
27.0,112262804.0
26.0,112273480.0
26.0,112284148.0
27.0,112294812.0
27.0,112305484.0
27.0,112316148.0
27.0,112326820.0
27.0,112337484.0
27.0,112348160.0
27.0,112358828.0
27.0,112369492.0
27.0,112380164.0
28.0,112390828.0
27.0,112401504.0
26.0,112412172.0
27.0,112422836.0
27.0,112433508.0
27.0,112444172.0
27.0,112454844.0
27.0,112465508.0
27.0,112476184.0
27.0,112486852.0
27.0,112497516.0
27.0,112508188.0
27.0,112518852.0
27.0,112529524.0
27.0,112540188.0
27.0,112550852.0
27.0,112561524.0
27.0,112572188.0
27.0,112582860.0
27.0,112593524.0
27.0,112604200.0
27.0,112614868.0
28.0,112625532.0
27.0,112636204.0
27.0,112646868.0
27.0,112657540.0
27.0,112668204.0
27.0,112678868.0
27.0,112689540.0
27.0,112700204.0
27.0,112710876.0
26.0,112721540.0
27.0,112732216.0
27.0,112742884.0
26.0,112753548.0
27.0,112764220.0
27.0,112774884.0
27.0,112785556.0
27.0,112796220.0
27.0,112806884.0
27.0,112817556.0
27.0,112828220.0
27.0,112838892.0
28.0,112849556.0
28.0,112860232.0
27.0,112870900.0
27.0,112881564.0
28.0,112892236.0
28.0,112902900.0
28.0,112913572.0
27.0,112924236.0
27.0,112934912.0
27.0,112945580.0
27.0,112956244.0
28.0,112966916.0
27.0,112977580.0
27.0,112988256.0
27.0,112998924.0
28.0,113009588.0
27.0,113020260.0
28.0,113030924.0
28.0,113041596.0
27.0,113052260.0
27.0,113062936.0
27.0,113073604.0
27.0,113084268.0
27.0,113094940.0
27.0,113105604.0
27.0,113116276.0
27.0,113126940.0
28.0,113137604.0
28.0,113148276.0
28.0,113158940.0
28.0,113169612.0
27.0,113180276.0
28.0,113190952.0
27.0,113201620.0
28.0,113212284.0
28.0,113222956.0
28.0,113233620.0
28.0,113244292.0
27.0,113254956.0
27.0,113265620.0
28.0,113276292.0
28.0,113286956.0
27.0,113297628.0
27.0,113308292.0
28.0,113318968.0
28.0,113329636.0
28.0,113340300.0
27.0,113350972.0
28.0,113361636.0
28.0,113372308.0
28.0,113382972.0
28.0,113393636.0
27.0,113404308.0
28.0,113414972.0
28.0,113425644.0
28.0,113436308.0
28.0,113446984.0
28.0,113457652.0
27.0,113468316.0
28.0,113478988.0
28.0,113489652.0
27.0,113500324.0
28.0,113510988.0
28.0,113521664.0
28.0,113532332.0
28.0,113543004.0
27.0,113553676.0
27.0,113564340.0
27.0,113575016.0
27.0,113585684.0
28.0,113596348.0
28.0,113607020.0
28.0,113617684.0
28.0,113628356.0
28.0,113639020.0
28.0,113649696.0
27.0,113660364.0
28.0,113671036.0
28.0,113681708.0
28.0,113692372.0
28.0,113703044.0
28.0,113713708.0
28.0,113724372.0
28.0,113735044.0
29.0,113745708.0
28.0,113756380.0
28.0,113767044.0
28.0,113777720.0
29.0,113788388.0
28.0,113799052.0
28.0,113809724.0
28.0,113820388.0
29.0,113831060.0
29.0,113841724.0
29.0,113852396.0
29.0,113863068.0
29.0,113873732.0
29.0,113884404.0
28.0,113895068.0
28.0,113905744.0
28.0,113916412.0
28.0,113927084.0
28.0,113937756.0
28.0,113948420.0
28.0,113959092.0
28.0,113969756.0
28.0,113980432.0
28.0,113991100.0
28.0,114001764.0
28.0,114012436.0
27.0,114023100.0
28.0,114033772.0
29.0,114044436.0
28.0,114055100.0
28.0,114065772.0
28.0,114076436.0
28.0,114087108.0
28.0,114097772.0
29.0,114108448.0
28.0,114119116.0
29.0,114129780.0
29.0,114140452.0
29.0,114151116.0
29.0,114161788.0
29.0,114172452.0
29.0,114183116.0
30.0,114193788.0
29.0,114204452.0
29.0,114215132.0
28.0,114225796.0
29.0,114236472.0
28.0,114247140.0
29.0,114257804.0
29.0,114268476.0
29.0,114279148.0
29.0,114289820.0
28.0,114300484.0
29.0,114311156.0
28.0,114321828.0
28.0,114332492.0
28.0,114343164.0
28.0,114353828.0
28.0,114364504.0
28.0,114375172.0
28.0,114385836.0
28.0,114396508.0
29.0,114407180.0
28.0,114417852.0
28.0,114428516.0
27.0,114439192.0
28.0,114449860.0
28.0,114460524.0
28.0,114471196.0
28.0,114481860.0
28.0,114492532.0
29.0,114503196.0
28.0,114513860.0
28.0,114524532.0
28.0,114535196.0
28.0,114545868.0
28.0,114556532.0
28.0,114567208.0
28.0,114577876.0
28.0,114588540.0
28.0,114599212.0
28.0,114609876.0
27.0,114620548.0
28.0,114631212.0
28.0,114641884.0
28.0,114652556.0
28.0,114663228.0
27.0,114673900.0
27.0,114684564.0
28.0,114695240.0
27.0,114705908.0
28.0,114716572.0
28.0,114727244.0
28.0,114737908.0
28.0,114748580.0
28.0,114759244.0
29.0,114769920.0
28.0,114780588.0
28.0,114791252.0
28.0,114801924.0
28.0,114812588.0
28.0,114823264.0
28.0,114833932.0
28.0,114844596.0
28.0,114855268.0
27.0,114865932.0
28.0,114876604.0
28.0,114887268.0
28.0,114897944.0
29.0,114908612.0
28.0,114919276.0
29.0,114929948.0
28.0,114940612.0
29.0,114951284.0
29.0,114961948.0
29.0,114972612.0
28.0,114983284.0
28.0,114993948.0
28.0,115004620.0
28.0,115015284.0
28.0,115025960.0
28.0,115036628.0
28.0,115047292.0
28.0,115057964.0
28.0,115068628.0
28.0,115079300.0
29.0,115089964.0
28.0,115100628.0
28.0,115111300.0
28.0,115121972.0
28.0,115132644.0
28.0,115143316.0
28.0,115153992.0
28.0,115164660.0
28.0,115175332.0
28.0,115186004.0
28.0,115196668.0
28.0,115207348.0
28.0,115218012.0
27.0,115228688.0
28.0,115239356.0
28.0,115250020.0
28.0,115260692.0
27.0,115271356.0
29.0,115282028.0
29.0,115292692.0
29.0,115303356.0
29.0,115314028.0
28.0,115324692.0
29.0,115335364.0
29.0,115346028.0
29.0,115356704.0
30.0,115367372.0
30.0,115378036.0
29.0,115388708.0
33.0,115399372.0
32.0,115410044.0
32.0,115420708.0
30.0,115431372.0
30.0,115442044.0
34.0,115452708.0
36.0,115463388.0
40.0,115474052.0
51.0,115484728.0
50.0,115495396.0
54.0,115506060.0
58.0,115516732.0
62.0,115527396.0
65.0,115538068.0
77.0,115548732.0
103.0,115559444.0
122.0,115570160.0
122.0,115580872.0
110.0,115591592.0
107.0,115602312.0
105.0,115613040.0
113.0,115623752.0
110.0,115634472.0
112.0,115645192.0
108.0,115655912.0
107.0,115666632.0
98.0,115677308.0
90.0,115687972.0
93.0,115698636.0
89.0,115709308.0
94.0,115719972.0
92.0,115730652.0
102.0,115741360.0
95.0,115752040.0
94.0,115762708.0
88.0,115773372.0
89.0,115784044.0
87.0,115794708.0
97.0,115805380.0
99.0,115816044.0
91.0,115826720.0
88.0,115837388.0
92.0,115848052.0
112.0,115858768.0
109.0,115869480.0
110.0,115880208.0
109.0,115890920.0
109.0,115901640.0
104.0,115912360.0
99.0,115923040.0
90.0,115933708.0
87.0,115944372.0
102.0,115955088.0
106.0,115965808.0
100.0,115976528.0
98.0,115987196.0
91.0,115997868.0
93.0,116008532.0
121.0,116019252.0
133.0,116029968.0
129.0,116040680.0
122.0,116051400.0
107.0,116062112.0
100.0,116072832.0
97.0,116083500.0
93.0,116094172.0
93.0,116104836.0
95.0,116115512.0
93.0,116126180.0
87.0,116136844.0
90.0,116147516.0
87.0,116158180.0
82.0,116168852.0
85.0,116179516.0
113.0,116190228.0
104.0,116200944.0
97.0,116211620.0
98.0,116222292.0
94.0,116232956.0
104.0,116243672.0
103.0,116254392.0
98.0,116265068.0
103.0,116275776.0
88.0,116286452.0
93.0,116297124.0
97.0,116307788.0
99.0,116318460.0
97.0,116329132.0
91.0,116339808.0
85.0,116350476.0
94.0,116361140.0
89.0,116371812.0
80.0,116382476.0
91.0,116393148.0
88.0,116403812.0
101.0,116414532.0
94.0,116425204.0
90.0,116435868.0
86.0,116446540.0
83.0,116457204.0
94.0,116467876.0
85.0,116478540.0
82.0,116489216.0
101.0,116499928.0
98.0,116510596.0
87.0,116521268.0
83.0,116531932.0
92.0,116542604.0
84.0,116553268.0
78.0,116563932.0
77.0,116574604.0
83.0,116585268.0
86.0,116595940.0
80.0,116606604.0
77.0,116617280.0
71.0,116627948.0
81.0,116638612.0
84.0,116649284.0
92.0,116659948.0
87.0,116670620.0
91.0,116681284.0
91.0,116691956.0
81.0,116702628.0
85.0,116713300.0
82.0,116723972.0
77.0,116734636.0
99.0,116745320.0
93.0,116755988.0
84.0,116766652.0
86.0,116777324.0
79.0,116787988.0
76.0,116798660.0
75.0,116809324.0
75.0,116820000.0
77.0,116830668.0
82.0,116841332.0
87.0,116852004.0
89.0,116862668.0
81.0,116873340.0
77.0,116884004.0
86.0,116894668.0
77.0,116905340.0
76.0,116916004.0
71.0,116926684.0
73.0,116937348.0
74.0,116948024.0
73.0,116958692.0
71.0,116969364.0
68.0,116980036.0
71.0,116990700.0
78.0,117001372.0
79.0,117012036.0
84.0,117022708.0
78.0,117033380.0
81.0,117044044.0
77.0,117054716.0
70.0,117065380.0
71.0,117076060.0
70.0,117086724.0
68.0,117097388.0
64.0,117108060.0
74.0,117118724.0
73.0,117129404.0
75.0,117140068.0
72.0,117150744.0
69.0,117161412.0
70.0,117172076.0
66.0,117182748.0
85.0,117193412.0
93.0,117204084.0
94.0,117214748.0
90.0,117225412.0
81.0,117236084.0
80.0,117246748.0
80.0,117257420.0
78.0,117268084.0
75.0,117278760.0
80.0,117289428.0
81.0,117300092.0
78.0,117310764.0
76.0,117321428.0
79.0,117332100.0
75.0,117342764.0
71.0,117353428.0
65.0,117364100.0
63.0,117374764.0
64.0,117385436.0
65.0,117396108.0
79.0,117406784.0
91.0,117417452.0
89.0,117428124.0
88.0,117438796.0
86.0,117449460.0
84.0,117460132.0
91.0,117470804.0
89.0,117481480.0
86.0,117492148.0
78.0,117502820.0
79.0,117513492.0
74.0,117524156.0
73.0,117534828.0
75.0,117545492.0
79.0,117556156.0
82.0,117566828.0
77.0,117577492.0
73.0,117588164.0
67.0,117598836.0
74.0,117609516.0
74.0,117620180.0
71.0,117630844.0
73.0,117641516.0
73.0,117652188.0
74.0,117662860.0
75.0,117673532.0
92.0,117684212.0
88.0,117694884.0
87.0,117705556.0
83.0,117716228.0
84.0,117726892.0
82.0,117737568.0
92.0,117748236.0
88.0,117758900.0
84.0,117769580.0
78.0,117780244.0
71.0,117790916.0
72.0,117801580.0
70.0,117812256.0
72.0,117822924.0
69.0,117833588.0
76.0,117844260.0
75.0,117854924.0
75.0,117865596.0
71.0,117876260.0
72.0,117886924.0
69.0,117897596.0
65.0,117908260.0
62.0,117918940.0
61.0,117929604.0
55.0,117940280.0
62.0,117950948.0
64.0,117961612.0
63.0,117972284.0
62.0,117982948.0
61.0,117993620.0
62.0,118004284.0
60.0,118014948.0
57.0,118025620.0
57.0,118036284.0
73.0,118046956.0
68.0,118057620.0
64.0,118068296.0
60.0,118078964.0
57.0,118089628.0
58.0,118100300.0
64.0,118110964.0
60.0,118121636.0
60.0,118132300.0
58.0,118142976.0
55.0,118153644.0
54.0,118164308.0
53.0,118174980.0
49.0,118185644.0
49.0,118196320.0
52.0,118206988.0
54.0,118217660.0
50.0,118228332.0
49.0,118238996.0
56.0,118249668.0
53.0,118260332.0
53.0,118271008.0
52.0,118281676.0
52.0,118292340.0
56.0,118303012.0
54.0,118313676.0
53.0,118324348.0
53.0,118335012.0
59.0,118345676.0
56.0,118356348.0
61.0,118367012.0
58.0,118377692.0
54.0,118388356.0
54.0,118399032.0
53.0,118409700.0
51.0,118420364.0
53.0,118431036.0
57.0,118441700.0
55.0,118452372.0
56.0,118463036.0
58.0,118473708.0
59.0,118484380.0
57.0,118495044.0
55.0,118505716.0
61.0,118516380.0
58.0,118527056.0
59.0,118537724.0
65.0,118548388.0
63.0,118559060.0
62.0,118569724.0
63.0,118580396.0
62.0,118591060.0
69.0,118601736.0
65.0,118612404.0
63.0,118623068.0
62.0,118633740.0
62.0,118644404.0
59.0,118655080.0
56.0,118665748.0
59.0,118676412.0
61.0,118687084.0
56.0,118697748.0
58.0,118708420.0
54.0,118719084.0
58.0,118729760.0
57.0,118740428.0
55.0,118751100.0
59.0,118761772.0
57.0,118772436.0
65.0,118783108.0
67.0,118793772.0
63.0,118804436.0
61.0,118815108.0
58.0,118825772.0
62.0,118836444.0
66.0,118847108.0
69.0,118857784.0
62.0,118868452.0
60.0,118879116.0
62.0,118889788.0
66.0,118900452.0
62.0,118911124.0
59.0,118921796.0
59.0,118932468.0
60.0,118943140.0
63.0,118953812.0
61.0,118964484.0
63.0,118975148.0
68.0,118985824.0
66.0,118996492.0
70.0,119007156.0
64.0,119017828.0
59.0,119028492.0
59.0,119039164.0
62.0,119049828.0
61.0,119060504.0
62.0,119071172.0
60.0,119081836.0
60.0,119092508.0
59.0,119103172.0
60.0,119113844.0
61.0,119124508.0
66.0,119135172.0
75.0,119145844.0
79.0,119156508.0
76.0,119167180.0
73.0,119177844.0
69.0,119188520.0
64.0,119199188.0
57.0,119209852.0
65.0,119220524.0
68.0,119231188.0
66.0,119241868.0
61.0,119252532.0
64.0,119263196.0
75.0,119273868.0
77.0,119284540.0
79.0,119295212.0
74.0,119305876.0
70.0,119316556.0
61.0,119327220.0
57.0,119337884.0
55.0,119348556.0
52.0,119359220.0
56.0,119369892.0
59.0,119380556.0
54.0,119391232.0
54.0,119401900.0
55.0,119412564.0
51.0,119423236.0
58.0,119433900.0
60.0,119444576.0
55.0,119455244.0
56.0,119465908.0
56.0,119476580.0
57.0,119487244.0
56.0,119497916.0
53.0,119508580.0
50.0,119519256.0
55.0,119529924.0
56.0,119540588.0
61.0,119551260.0
63.0,119561924.0
60.0,119572596.0
56.0,119583260.0
55.0,119593932.0
55.0,119604604.0
55.0,119615268.0
60.0,119625948.0
54.0,119636612.0
57.0,119647288.0
54.0,119657956.0
54.0,119668620.0
58.0,119679292.0
68.0,119689956.0
67.0,119700628.0
70.0,119711292.0
65.0,119721964.0
66.0,119732636.0
60.0,119743300.0
58.0,119753972.0
60.0,119764636.0
60.0,119775312.0
59.0,119785980.0
59.0,119796644.0
60.0,119807316.0
60.0,119817980.0
57.0,119828652.0
58.0,119839316.0
54.0,119849992.0
52.0,119860660.0
49.0,119871324.0
50.0,119881996.0
55.0,119892668.0
53.0,119903340.0
52.0,119914004.0
51.0,119924676.0
53.0,119935348.0
55.0,119946012.0
55.0,119956684.0
55.0,119967348.0
54.0,119978024.0
54.0,119988692.0
52.0,119999364.0
51.0,120010036.0
56.0,120020700.0
57.0,120031372.0
55.0,120042036.0
55.0,120052700.0
57.0,120063372.0
60.0,120074044.0
57.0,120084716.0
58.0,120095380.0
52.0,120106056.0
53.0,120116724.0
53.0,120127388.0
55.0,120138060.0
55.0,120148724.0
53.0,120159396.0
50.0,120170068.0
48.0,120180744.0
48.0,120191412.0
47.0,120202076.0
48.0,120212748.0
50.0,120223412.0
50.0,120234088.0
47.0,120244756.0
46.0,120255420.0
45.0,120266092.0
46.0,120276756.0
47.0,120287428.0
48.0,120298092.0
52.0,120308768.0
50.0,120319436.0
48.0,120330100.0
51.0,120340772.0
51.0,120351436.0
54.0,120362108.0
53.0,120372772.0
53.0,120383436.0
53.0,120394108.0
52.0,120404772.0
53.0,120415452.0
57.0,120426116.0
56.0,120436792.0
57.0,120447460.0
60.0,120458132.0
63.0,120468804.0
62.0,120479468.0
56.0,120490140.0
54.0,120500804.0
53.0,120511476.0
54.0,120522148.0
54.0,120532820.0
54.0,120543492.0
50.0,120554156.0
49.0,120564832.0
50.0,120575500.0
51.0,120586164.0
56.0,120596836.0
56.0,120607500.0
56.0,120618172.0
52.0,120628836.0
54.0,120639512.0
56.0,120650180.0
52.0,120660844.0
51.0,120671516.0
58.0,120682180.0
60.0,120692852.0
56.0,120703516.0
58.0,120714180.0
55.0,120724852.0
59.0,120735516.0
59.0,120746188.0
62.0,120756852.0
58.0,120767528.0
55.0,120778196.0
55.0,120788868.0
62.0,120799540.0
62.0,120810204.0
63.0,120820876.0
59.0,120831540.0
59.0,120842204.0
58.0,120852876.0
55.0,120863540.0
51.0,120874212.0
52.0,120884876.0
49.0,120895552.0
53.0,120906220.0
53.0,120916892.0
51.0,120927564.0
50.0,120938228.0
54.0,120948900.0
51.0,120959564.0
52.0,120970240.0
51.0,120980908.0
52.0,120991572.0
50.0,121002244.0
47.0,121012908.0
52.0,121023584.0
57.0,121034252.0
57.0,121044924.0
57.0,121055596.0
51.0,121066260.0
48.0,121076932.0
50.0,121087596.0
53.0,121098272.0
55.0,121108940.0
57.0,121119604.0
54.0,121130276.0
52.0,121140940.0
52.0,121151612.0
52.0,121162276.0
55.0,121172940.0
55.0,121183612.0
57.0,121194276.0
58.0,121204956.0
57.0,121215628.0
57.0,121226304.0
55.0,121236972.0
55.0,121247636.0
56.0,121258308.0
58.0,121268972.0
56.0,121279644.0
54.0,121290308.0
53.0,121300980.0
57.0,121311652.0
56.0,121322324.0
57.0,121332996.0
65.0,121343668.0
60.0,121354348.0
61.0,121365012.0
62.0,121375676.0
59.0,121386348.0
58.0,121397012.0
61.0,121407684.0
59.0,121418348.0
57.0,121429024.0
58.0,121439692.0
57.0,121450356.0
52.0,121461028.0
51.0,121471700.0
53.0,121482372.0
59.0,121493036.0
55.0,121503700.0
51.0,121514372.0
55.0,121525036.0
51.0,121535708.0
50.0,121546372.0
46.0,121557056.0
44.0,121567724.0
43.0,121578388.0
43.0,121589060.0
44.0,121599724.0
49.0,121610396.0
58.0,121621060.0
53.0,121631732.0
48.0,121642404.0
44.0,121653068.0
44.0,121663740.0
43.0,121674404.0
40.0,121685080.0
41.0,121695748.0
38.0,121706412.0
40.0,121717084.0
39.0,121727748.0
38.0,121738428.0
38.0,121749092.0
37.0,121759768.0
41.0,121770436.0
47.0,121781100.0
48.0,121791772.0
47.0,121802436.0
45.0,121813108.0
44.0,121823772.0
41.0,121834444.0
43.0,121845116.0
42.0,121855780.0
42.0,121866460.0
39.0,121877124.0
40.0,121887800.0
39.0,121898468.0
37.0,121909132.0
36.0,121919804.0
35.0,121930476.0
33.0,121941148.0
32.0,121951812.0
31.0,121962484.0
30.0,121973156.0
31.0,121983820.0
32.0,121994492.0
30.0,122005156.0
30.0,122015832.0
30.0,122026500.0
29.0,122037164.0
30.0,122047836.0
30.0,122058500.0
30.0,122069172.0
29.0,122079836.0
28.0,122090512.0
28.0,122101180.0
27.0,122111844.0
28.0,122122516.0
27.0,122133180.0
27.0,122143852.0
28.0,122154516.0
29.0,122165188.0
28.0,122175860.0
28.0,122186524.0
28.0,122197196.0
28.0,122207860.0
28.0,122218536.0
28.0,122229204.0
28.0,122239868.0
28.0,122250540.0
29.0,122261204.0
28.0,122271876.0
27.0,122282548.0
27.0,122293212.0
28.0,122303884.0
28.0,122314548.0
29.0,122325220.0
29.0,122335884.0
29.0,122346568.0
29.0,122357236.0
29.0,122367900.0
28.0,122378572.0
28.0,122389236.0
28.0,122399908.0
28.0,122410572.0
28.0,122421248.0
29.0,122431916.0
29.0,122442580.0
29.0,122453252.0
28.0,122463924.0
29.0,122474600.0
28.0,122485268.0
28.0,122495932.0
27.0,122506604.0
27.0,122517268.0
28.0,122527940.0
28.0,122538604.0
28.0,122549280.0
29.0,122559948.0
28.0,122570612.0
27.0,122581284.0
27.0,122591948.0
28.0,122602620.0
28.0,122613284.0
28.0,122623948.0
27.0,122634620.0
27.0,122645284.0
27.0,122655964.0
28.0,122666628.0
28.0,122677304.0
28.0,122687972.0
28.0,122698636.0
28.0,122709308.0
27.0,122719972.0
27.0,122730644.0
28.0,122741308.0
27.0,122751980.0
27.0,122762652.0
28.0,122773324.0
28.0,122783996.0
28.0,122794660.0
28.0,122805336.0
27.0,122816004.0
27.0,122826668.0
27.0,122837340.0
27.0,122848004.0
28.0,122858676.0
28.0,122869340.0
28.0,122880020.0
28.0,122890676.0
27.0,122901340.0
27.0,122912012.0
26.0,122922676.0
27.0,122933352.0
27.0,122944020.0
27.0,122954684.0
27.0,122965356.0
27.0,122976020.0
27.0,122986692.0
27.0,122997356.0
28.0,123008036.0
27.0,123018700.0
27.0,123029364.0
27.0,123040036.0
28.0,123050700.0
28.0,123061372.0
28.0,123072036.0
27.0,123082700.0
27.0,123093372.0
28.0,123104036.0
28.0,123114716.0
28.0,123125388.0
28.0,123136068.0
27.0,123146732.0
28.0,123157396.0
28.0,123168068.0
28.0,123178732.0
28.0,123189404.0
27.0,123200068.0
28.0,123210740.0
27.0,123221412.0
28.0,123232076.0
27.0,123242748.0
27.0,123253412.0
27.0,123264088.0
28.0,123274756.0
28.0,123285420.0
28.0,123296092.0
28.0,123306756.0
29.0,123317428.0
28.0,123328092.0
28.0,123338768.0
27.0,123349436.0
28.0,123360100.0
27.0,123370772.0
28.0,123381436.0
28.0,123392108.0
29.0,123402772.0
28.0,123413436.0
29.0,123424108.0
29.0,123434772.0
28.0,123445444.0
29.0,123456108.0
28.0,123466784.0
28.0,123477452.0
28.0,123488116.0
28.0,123498788.0
29.0,123509452.0
29.0,123520124.0
29.0,123530788.0
29.0,123541452.0
29.0,123552124.0
29.0,123562788.0
28.0,123573468.0
28.0,123584132.0
27.0,123594808.0
28.0,123605476.0
28.0,123616140.0
28.0,123626812.0
28.0,123637476.0
28.0,123648148.0
29.0,123658812.0
29.0,123669476.0
28.0,123680148.0
28.0,123690812.0
27.0,123701484.0
27.0,123712148.0
27.0,123722824.0
27.0,123733492.0
27.0,123744156.0
27.0,123754828.0
28.0,123765492.0
27.0,123776164.0
27.0,123786828.0
27.0,123797504.0
27.0,123808172.0
27.0,123818836.0
27.0,123829508.0
27.0,123840180.0
27.0,123850856.0
26.0,123861524.0
26.0,123872188.0
26.0,123882860.0
26.0,123893524.0
26.0,123904196.0
26.0,123914860.0
26.0,123925536.0
27.0,123936204.0
27.0,123946868.0
27.0,123957540.0
27.0,123968204.0
26.0,123978876.0
26.0,123989540.0
26.0,124000204.0
27.0,124010876.0
26.0,124021540.0
26.0,124032220.0
27.0,124042884.0
27.0,124053560.0
27.0,124064228.0
27.0,124074892.0
27.0,124085564.0
27.0,124096228.0
27.0,124106900.0
28.0,124117564.0
29.0,124128236.0
28.0,124138908.0
28.0,124149572.0
27.0,124160244.0
27.0,124170908.0
26.0,124181584.0
26.0,124192252.0
27.0,124202916.0
27.0,124213588.0
27.0,124224252.0
27.0,124234924.0
27.0,124245588.0
28.0,124256264.0
28.0,124266932.0
29.0,124277596.0
28.0,124288268.0
28.0,124298932.0
28.0,124309608.0
28.0,124320276.0
28.0,124330940.0
29.0,124341612.0
28.0,124352276.0
28.0,124362948.0
27.0,124373612.0
27.0,124384288.0
27.0,124394956.0
27.0,124405620.0
27.0,124416292.0
27.0,124426956.0
27.0,124437628.0
27.0,124448292.0
27.0,124458956.0
28.0,124469628.0
27.0,124480300.0
27.0,124490972.0
27.0,124501636.0
26.0,124512312.0
26.0,124522980.0
27.0,124533644.0
27.0,124544316.0
27.0,124554980.0
27.0,124565652.0
27.0,124576316.0
27.0,124586980.0
27.0,124597652.0
27.0,124608316.0
27.0,124618988.0
26.0,124629652.0
26.0,124640328.0
26.0,124650996.0
26.0,124661660.0
27.0,124672332.0
27.0,124682996.0
26.0,124693668.0
26.0,124704332.0
26.0,124715008.0
26.0,124725676.0
26.0,124736340.0
27.0,124747012.0
27.0,124757676.0
26.0,124768352.0
26.0,124779020.0
26.0,124789684.0
27.0,124800356.0
26.0,124811020.0
27.0,124821692.0
26.0,124832356.0
27.0,124843032.0
27.0,124853700.0
27.0,124864364.0
27.0,124875036.0
27.0,124885700.0
27.0,124896372.0
27.0,124907036.0
28.0,124917708.0
27.0,124928380.0
27.0,124939044.0
28.0,124949716.0
27.0,124960380.0
27.0,124971056.0
27.0,124981724.0
27.0,124992388.0
27.0,125003060.0
28.0,125013724.0
27.0,125024396.0
27.0,125035060.0
28.0,125045724.0
27.0,125056396.0
27.0,125067060.0
27.0,125077732.0
28.0,125088396.0
27.0,125099072.0
27.0,125109740.0
27.0,125120404.0
27.0,125131076.0
28.0,125141748.0
27.0,125152420.0
27.0,125163084.0
27.0,125173760.0
27.0,125184428.0
27.0,125195092.0
26.0,125205764.0
27.0,125216428.0
28.0,125227104.0
27.0,125237772.0
27.0,125248436.0
27.0,125259108.0
28.0,125269780.0
28.0,125280452.0
27.0,125291116.0
27.0,125301792.0
27.0,125312460.0
27.0,125323124.0
27.0,125333796.0
28.0,125344468.0
28.0,125355140.0
28.0,125365812.0
28.0,125376476.0
28.0,125387148.0
28.0,125397820.0
28.0,125408492.0
28.0,125419156.0
28.0,125429832.0
29.0,125440500.0
29.0,125451164.0
29.0,125461836.0
29.0,125472500.0
28.0,125483172.0
29.0,125493844.0
29.0,125504520.0
29.0,125515188.0
28.0,125525852.0
28.0,125536524.0
28.0,125547188.0
28.0,125557864.0
29.0,125568532.0
28.0,125579196.0
27.0,125589868.0
27.0,125600532.0
27.0,125611204.0
28.0,125621868.0
27.0,125632544.0
27.0,125643212.0
27.0,125653876.0
28.0,125664548.0
28.0,125675220.0
28.0,125685892.0
28.0,125696556.0
28.0,125707220.0
28.0,125717892.0
28.0,125728564.0
28.0,125739236.0
28.0,125749908.0
28.0,125760584.0
28.0,125771252.0
29.0,125781916.0
29.0,125792588.0
29.0,125803252.0
29.0,125813924.0
28.0,125824596.0
29.0,125835272.0
28.0,125845940.0
29.0,125856604.0
28.0,125867276.0
28.0,125877940.0
29.0,125888616.0
29.0,125899284.0
29.0,125909948.0
28.0,125920620.0
29.0,125931284.0
28.0,125941956.0
28.0,125952628.0
28.0,125963304.0
28.0,125973972.0
28.0,125984636.0
28.0,125995308.0
28.0,126005972.0
27.0,126016644.0
28.0,126027308.0
28.0,126037972.0
28.0,126048644.0
28.0,126059308.0
27.0,126069980.0
28.0,126080644.0
27.0,126091320.0
28.0,126101988.0
27.0,126112652.0
27.0,126123324.0
27.0,126133988.0
27.0,126144660.0
27.0,126155324.0
28.0,126165996.0
27.0,126176668.0
27.0,126187332.0
27.0,126198004.0
27.0,126208668.0
27.0,126219344.0
27.0,126230012.0
26.0,126240676.0
26.0,126251348.0
26.0,126262012.0
26.0,126272684.0
27.0,126283348.0
26.0,126294024.0
27.0,126304692.0
27.0,126315356.0
27.0,126326028.0
27.0,126336692.0
26.0,126347368.0
27.0,126358036.0
27.0,126368708.0
27.0,126379380.0
28.0,126390052.0
27.0,126400732.0
27.0,126411396.0
27.0,126422072.0
28.0,126432740.0
29.0,126443404.0
28.0,126454076.0
27.0,126464748.0
28.0,126475420.0
27.0,126486084.0
28.0,126496756.0
27.0,126507428.0
27.0,126518092.0
27.0,126528764.0
28.0,126539428.0
28.0,126550108.0
29.0,126560772.0
28.0,126571436.0
28.0,126582108.0
28.0,126592772.0
28.0,126603444.0
28.0,126614108.0
29.0,126624784.0
29.0,126635452.0
29.0,126646116.0
29.0,126656788.0
29.0,126667452.0
30.0,126678124.0
30.0,126688788.0
30.0,126699460.0
30.0,126710132.0
30.0,126720796.0
31.0,126731468.0
30.0,126742132.0
30.0,126752808.0
29.0,126763476.0
30.0,126774148.0
29.0,126784820.0
30.0,126795484.0
29.0,126806156.0
29.0,126816820.0
29.0,126827484.0
29.0,126838156.0
28.0,126848828.0
28.0,126859500.0
29.0,126870164.0
28.0,126880840.0
28.0,126891508.0
28.0,126902180.0
28.0,126912852.0
27.0,126923516.0
27.0,126934188.0
27.0,126944852.0
26.0,126955528.0
27.0,126966196.0
27.0,126976860.0
27.0,126987532.0
28.0,126998196.0
27.0,127008872.0
28.0,127019540.0
27.0,127030204.0
27.0,127040876.0
27.0,127051540.0
27.0,127062212.0
27.0,127072876.0
27.0,127083552.0
27.0,127094220.0
28.0,127104892.0
28.0,127115564.0
28.0,127126228.0
28.0,127136900.0
28.0,127147564.0
28.0,127158228.0
27.0,127168900.0
29.0,127179564.0
28.0,127190236.0
28.0,127200908.0
27.0,127211584.0
28.0,127222252.0
28.0,127232916.0
28.0,127243588.0
27.0,127254252.0
28.0,127264924.0
28.0,127275588.0
28.0,127286260.0
28.0,127296932.0
29.0,127307596.0
29.0,127318268.0
30.0,127328940.0
30.0,127339616.0
30.0,127350284.0
30.0,127360948.0
29.0,127371620.0
29.0,127382284.0
29.0,127392956.0
28.0,127403620.0
28.0,127414296.0
28.0,127424964.0
28.0,127435628.0
28.0,127446300.0
28.0,127456972.0
28.0,127467644.0
28.0,127478308.0
28.0,127488972.0
28.0,127499644.0
28.0,127510308.0
28.0,127520988.0
27.0,127531652.0
28.0,127542328.0
29.0,127552996.0
28.0,127563660.0
28.0,127574332.0
28.0,127584996.0
28.0,127595668.0
27.0,127606332.0
27.0,127617004.0
27.0,127627676.0
27.0,127638348.0
27.0,127649020.0
26.0,127659692.0
27.0,127670368.0
27.0,127681036.0
27.0,127691700.0
27.0,127702372.0
28.0,127713036.0
28.0,127723716.0
28.0,127734380.0
28.0,127745064.0
27.0,127755732.0
27.0,127766396.0
27.0,127777068.0
28.0,127787732.0
27.0,127798404.0
28.0,127809068.0
28.0,127819732.0
28.0,127830404.0
28.0,127841068.0
27.0,127851740.0
28.0,127862404.0
27.0,127873080.0
28.0,127883748.0
27.0,127894420.0
28.0,127905092.0
28.0,127915756.0
28.0,127926428.0
29.0,127937092.0
29.0,127947764.0
29.0,127958436.0
30.0,127969100.0
29.0,127979772.0
30.0,127990436.0
30.0,128001112.0
29.0,128011772.0
29.0,128022436.0
29.0,128033100.0
28.0,128043764.0
28.0,128054436.0
29.0,128065100.0
28.0,128075776.0
29.0,128086444.0
29.0,128097108.0
29.0,128107780.0
29.0,128118444.0
29.0,128129120.0
29.0,128139780.0
29.0,128150444.0
28.0,128161116.0
29.0,128171780.0
28.0,128182452.0
28.0,128193116.0
28.0,128203792.0
28.0,128214460.0
28.0,128225124.0
28.0,128235796.0
28.0,128246460.0
28.0,128257132.0
28.0,128267796.0
27.0,128278460.0
28.0,128289132.0
28.0,128299796.0
28.0,128310468.0
28.0,128321132.0
28.0,128331808.0
28.0,128342476.0
27.0,128353140.0
28.0,128363812.0
27.0,128374476.0
28.0,128385148.0
28.0,128395812.0
27.0,128406476.0
28.0,128417148.0
28.0,128427812.0
28.0,128438492.0
27.0,128449156.0
28.0,128459832.0
28.0,128470500.0
28.0,128481164.0
28.0,128491836.0
28.0,128502500.0
28.0,128513172.0
29.0,128523836.0
29.0,128534500.0
29.0,128545172.0
28.0,128555836.0
28.0,128566508.0
28.0,128577172.0
28.0,128587848.0
29.0,128598516.0
29.0,128609180.0
28.0,128619852.0
28.0,128630516.0
28.0,128641188.0
29.0,128651852.0
28.0,128662528.0
28.0,128673196.0
28.0,128683860.0
29.0,128694532.0
29.0,128705196.0
29.0,128715872.0
29.0,128726540.0
28.0,128737204.0
29.0,128747876.0
29.0,128758540.0
30.0,128769212.0
29.0,128779876.0
29.0,128790552.0
29.0,128801220.0
29.0,128811884.0
29.0,128822556.0
29.0,128833220.0
30.0,128843892.0
29.0,128854556.0
29.0,128865220.0
29.0,128875892.0
29.0,128886556.0
29.0,128897228.0
28.0,128907892.0
28.0,128918568.0
28.0,128929236.0
29.0,128939900.0
28.0,128950572.0
28.0,128961236.0
29.0,128971908.0
29.0,128982572.0
29.0,128993236.0
30.0,129003908.0
29.0,129014572.0
29.0,129025244.0
28.0,129035908.0
29.0,129046584.0
29.0,129057252.0
28.0,129067916.0
28.0,129078588.0
28.0,129089252.0
28.0,129099924.0
29.0,129110596.0
29.0,129121268.0
29.0,129131940.0
29.0,129142604.0
28.0,129153276.0
29.0,129163940.0
28.0,129174616.0
29.0,129185284.0
29.0,129195948.0
29.0,129206620.0
29.0,129217284.0
28.0,129227956.0
28.0,129238628.0
28.0,129249304.0
28.0,129259972.0
29.0,129270636.0
28.0,129281308.0
29.0,129291972.0
29.0,129302644.0
30.0,129313308.0
30.0,129323972.0
32.0,129334644.0
34.0,129345308.0
33.0,129355980.0
40.0,129366644.0
38.0,129377320.0
37.0,129387988.0
39.0,129398652.0
37.0,129409324.0
42.0,129419988.0
43.0,129430660.0
47.0,129441324.0
52.0,129451988.0
58.0,129462660.0
59.0,129473324.0
57.0,129483996.0
66.0,129494660.0
70.0,129505336.0
80.0,129516004.0
77.0,129526668.0
77.0,129537340.0
86.0,129548004.0
92.0,129558676.0
127.0,129569384.0
125.0,129580108.0
110.0,129590824.0
122.0,129601548.0
114.0,129612264.0
105.0,129622976.0
101.0,129633696.0
96.0,129644364.0
93.0,129655036.0
93.0,129665708.0
92.0,129676384.0
122.0,129687096.0
138.0,129697820.0
127.0,129708536.0
111.0,129719256.0
107.0,129729976.0
117.0,129740696.0
108.0,129751416.0
101.0,129762136.0
96.0,129772812.0
92.0,129783476.0
96.0,129794152.0
113.0,129804864.0
110.0,129815596.0
101.0,129826312.0
98.0,129836988.0
96.0,129847660.0
91.0,129858324.0
110.0,129869040.0
111.0,129879752.0
101.0,129890472.0
104.0,129901192.0
106.0,129911916.0
101.0,129922640.0
109.0,129933364.0
101.0,129944080.0
99.0,129954748.0
95.0,129965420.0
99.0,129976084.0
109.0,129986800.0
104.0,129997512.0
108.0,130008232.0
102.0,130018952.0
93.0,130029632.0
94.0,130040300.0
93.0,130050964.0
92.0,130061636.0
102.0,130072344.0
99.0,130083020.0
89.0,130093684.0
89.0,130104360.0
93.0,130115028.0
103.0,130125736.0
102.0,130136456.0
112.0,130147176.0
121.0,130157904.0
117.0,130168624.0
103.0,130179344.0
95.0,130190020.0
92.0,130200692.0
85.0,130211356.0
82.0,130222028.0
78.0,130232700.0
78.0,130243372.0
77.0,130254044.0
73.0,130264708.0
80.0,130275384.0
97.0,130286052.0
101.0,130296760.0
107.0,130307480.0
96.0,130318156.0
90.0,130328828.0
84.0,130339492.0
86.0,130350168.0
77.0,130360836.0
83.0,130371500.0
86.0,130382172.0
82.0,130392844.0
90.0,130403516.0
91.0,130414188.0
90.0,130424864.0
86.0,130435532.0
82.0,130446196.0
80.0,130456868.0
79.0,130467540.0
89.0,130478212.0
80.0,130488876.0
77.0,130499540.0
73.0,130510212.0
70.0,130520876.0
73.0,130531548.0
77.0,130542212.0
73.0,130552892.0
70.0,130563556.0
71.0,130574220.0
73.0,130584892.0
83.0,130595556.0
81.0,130606228.0
78.0,130616892.0
78.0,130627564.0
78.0,130638236.0
79.0,130648908.0
75.0,130659580.0
82.0,130670252.0
72.0,130680932.0
78.0,130691596.0
78.0,130702260.0
72.0,130712932.0
71.0,130723596.0
65.0,130734268.0
68.0,130744932.0
72.0,130755612.0
66.0,130766276.0
67.0,130776940.0
65.0,130787612.0
68.0,130798276.0
69.0,130808948.0
73.0,130819620.0
68.0,130830284.0
62.0,130840956.0
59.0,130851620.0
61.0,130862300.0
61.0,130872964.0
62.0,130883640.0
66.0,130894308.0
72.0,130904972.0
69.0,130915644.0
72.0,130926316.0
72.0,130936988.0
66.0,130947652.0
66.0,130958324.0
72.0,130968996.0
77.0,130979660.0
78.0,130990332.0
78.0,131000996.0
76.0,131011672.0
74.0,131022340.0
74.0,131033004.0
76.0,131043676.0
76.0,131054340.0
73.0,131065012.0
72.0,131075676.0
68.0,131086352.0
63.0,131097020.0
65.0,131107684.0
62.0,131118356.0
65.0,131129020.0
65.0,131139692.0
67.0,131150356.0
62.0,131161020.0
60.0,131171692.0
58.0,131182356.0
60.0,131193028.0
56.0,131203692.0
55.0,131214360.0
53.0,131225028.0
53.0,131235692.0
52.0,131246364.0
54.0,131257028.0
51.0,131267700.0
47.0,131278364.0
49.0,131289028.0
52.0,131299700.0
53.0,131310364.0
56.0,131321036.0
54.0,131331700.0
52.0,131342376.0
51.0,131353044.0
48.0,131363708.0
48.0,131374380.0
47.0,131385044.0
54.0,131395716.0
53.0,131406380.0
54.0,131417044.0
57.0,131427716.0
60.0,131438380.0
59.0,131449052.0
63.0,131459716.0
64.0,131470392.0
62.0,131481060.0
58.0,131491724.0
60.0,131502396.0
60.0,131513060.0
63.0,131523732.0
62.0,131534396.0
61.0,131545060.0
57.0,131555732.0
53.0,131566396.0
57.0,131577068.0
56.0,131587732.0
59.0,131598408.0
57.0,131609076.0
55.0,131619740.0
58.0,131630412.0
59.0,131641076.0
58.0,131651748.0
56.0,131662412.0
59.0,131673088.0
59.0,131683756.0
54.0,131694420.0
54.0,131705092.0
52.0,131715756.0
50.0,131726432.0
55.0,131737100.0
58.0,131747764.0
58.0,131758436.0
57.0,131769100.0
54.0,131779772.0
52.0,131790436.0
51.0,131801112.0
52.0,131811780.0
55.0,131822444.0
61.0,131833116.0
64.0,131843780.0
58.0,131854452.0
59.0,131865116.0
60.0,131875780.0
58.0,131886452.0
55.0,131897116.0
54.0,131907788.0
58.0,131918452.0
61.0,131929128.0
61.0,131939796.0
60.0,131950460.0
57.0,131961132.0
62.0,131971796.0
65.0,131982468.0
70.0,131993132.0
70.0,132003796.0
65.0,132014468.0
65.0,132025132.0
63.0,132035804.0
61.0,132046468.0
59.0,132057144.0
56.0,132067812.0
60.0,132078476.0
63.0,132089148.0
58.0,132099812.0
60.0,132110484.0
61.0,132121148.0
57.0,132131812.0
59.0,132142484.0
66.0,132153148.0
66.0,132163820.0
61.0,132174484.0
61.0,132185160.0
68.0,132195828.0
66.0,132206492.0
65.0,132217164.0
59.0,132227828.0
55.0,132238500.0
56.0,132249164.0
57.0,132259840.0
63.0,132270508.0
60.0,132281172.0
69.0,132291844.0
64.0,132302508.0
65.0,132313184.0
61.0,132323852.0
60.0,132334516.0
59.0,132345188.0
62.0,132355852.0
63.0,132366524.0
59.0,132377188.0
57.0,132387864.0
57.0,132398532.0
59.0,132409196.0
58.0,132419868.0
60.0,132430532.0
55.0,132441204.0
56.0,132451868.0
59.0,132462532.0
55.0,132473204.0
54.0,132483868.0
52.0,132494540.0
50.0,132505204.0
49.0,132515880.0
47.0,132526548.0
49.0,132537212.0
49.0,132547884.0
49.0,132558548.0
52.0,132569220.0
56.0,132579884.0
55.0,132590548.0
58.0,132601220.0
60.0,132611884.0
64.0,132622556.0
63.0,132633220.0
68.0,132643896.0
65.0,132654564.0
63.0,132665228.0
61.0,132675900.0
58.0,132686564.0
60.0,132697236.0
55.0,132707900.0
53.0,132718572.0
53.0,132729244.0
55.0,132739908.0
55.0,132750580.0
53.0,132761244.0
53.0,132771920.0
56.0,132782588.0
53.0,132793252.0
50.0,132803924.0
50.0,132814588.0
49.0,132825260.0
50.0,132835924.0
52.0,132846600.0
55.0,132857268.0
63.0,132867932.0
59.0,132878604.0
59.0,132889268.0
54.0,132899944.0
55.0,132910612.0
51.0,132921276.0
49.0,132931948.0
46.0,132942612.0
48.0,132953284.0
52.0,132963948.0
57.0,132974624.0
59.0,132985292.0
59.0,132995956.0
62.0,133006628.0
60.0,133017292.0
59.0,133027964.0
56.0,133038628.0
57.0,133049292.0
64.0,133059964.0
65.0,133070628.0
63.0,133081308.0
63.0,133091972.0
65.0,133102648.0
61.0,133113316.0
63.0,133123980.0
59.0,133134644.0
59.0,133145308.0
59.0,133155980.0
55.0,133166644.0
60.0,133177308.0
62.0,133187980.0
64.0,133198644.0
60.0,133209316.0
61.0,133219980.0
61.0,133230656.0
61.0,133241324.0
62.0,133251988.0
65.0,133262660.0
65.0,133273324.0
66.0,133283996.0
65.0,133294660.0
63.0,133305332.0
59.0,133316004.0
55.0,133326668.0
53.0,133337340.0
53.0,133348004.0
59.0,133358680.0
58.0,133369348.0
56.0,133380012.0
55.0,133390684.0
52.0,133401348.0
51.0,133412020.0
51.0,133422684.0
48.0,133433360.0
48.0,133444028.0
47.0,133454692.0
51.0,133465364.0
53.0,133476028.0
53.0,133486700.0
50.0,133497364.0
56.0,133508028.0
56.0,133518700.0
53.0,133529364.0
53.0,133540036.0
48.0,133550700.0
51.0,133561376.0
53.0,133572044.0
51.0,133582708.0
56.0,133593380.0
54.0,133604044.0
60.0,133614716.0
57.0,133625380.0
54.0,133636044.0
49.0,133646716.0
46.0,133657380.0
45.0,133668060.0
48.0,133678724.0
48.0,133689400.0
54.0,133700068.0
59.0,133710732.0
57.0,133721404.0
56.0,133732068.0
70.0,133742740.0
78.0,133753404.0
76.0,133764076.0
70.0,133774748.0
68.0,133785412.0
67.0,133796084.0
69.0,133806748.0
70.0,133817424.0
70.0,133828092.0
70.0,133838756.0
67.0,133849428.0
62.0,133860092.0
57.0,133870764.0
57.0,133881428.0
54.0,133892104.0
54.0,133902772.0
55.0,133913436.0
58.0,133924108.0
58.0,133934772.0
59.0,133945448.0
58.0,133956116.0
63.0,133966780.0
70.0,133977452.0
67.0,133988116.0
73.0,133998788.0
68.0,134009452.0
64.0,134020128.0
60.0,134030796.0
63.0,134041460.0
60.0,134052132.0
61.0,134062796.0
62.0,134073468.0
71.0,134084132.0
88.0,134094796.0
79.0,134105468.0
75.0,134116132.0
77.0,134126812.0
74.0,134137476.0
70.0,134148156.0
65.0,134158820.0
66.0,134169484.0
69.0,134180156.0
70.0,134190820.0
70.0,134201492.0
69.0,134212156.0
72.0,134222820.0
74.0,134233492.0
69.0,134244164.0
70.0,134254836.0
73.0,134265500.0
71.0,134276184.0
76.0,134286852.0
76.0,134297516.0
69.0,134308188.0
66.0,134318852.0
62.0,134329524.0
64.0,134340196.0
66.0,134350872.0
67.0,134361540.0
64.0,134372204.0
69.0,134382876.0
67.0,134393540.0
64.0,134404212.0
68.0,134414876.0
66.0,134425540.0
65.0,134436212.0
62.0,134446876.0
61.0,134457548.0
61.0,134468212.0
69.0,134478888.0
64.0,134489556.0
66.0,134500220.0
63.0,134510892.0
64.0,134521556.0
59.0,134532228.0
54.0,134542892.0
56.0,134553556.0
52.0,134564228.0
58.0,134574892.0
56.0,134585564.0
54.0,134596228.0
65.0,134606904.0
63.0,134617572.0
63.0,134628236.0
65.0,134638908.0
75.0,134649572.0
71.0,134660244.0
66.0,134670908.0
66.0,134681572.0
75.0,134692244.0
75.0,134702908.0
72.0,134713580.0
80.0,134724244.0
92.0,134734920.0
88.0,134745588.0
89.0,134756252.0
80.0,134766924.0
77.0,134777588.0
78.0,134788260.0
78.0,134798924.0
76.0,134809600.0
82.0,134820268.0
74.0,134830932.0
71.0,134841604.0
72.0,134852268.0
66.0,134862944.0
69.0,134873612.0
81.0,134884276.0
79.0,134894948.0
76.0,134905612.0
76.0,134916284.0
78.0,134926948.0
71.0,134937628.0
66.0,134948292.0
67.0,134958956.0
69.0,134969628.0
66.0,134980292.0
74.0,134990964.0
82.0,135001628.0
79.0,135012292.0
82.0,135022964.0
79.0,135033628.0
75.0,135044300.0
77.0,135054964.0
72.0,135065640.0
78.0,135076308.0
76.0,135086972.0
73.0,135097644.0
77.0,135108308.0
76.0,135118980.0
88.0,135129644.0
100.0,135140356.0
108.0,135151072.0
124.0,135161792.0
115.0,135172512.0
110.0,135183224.0
115.0,135193952.0
116.0,135204664.0
107.0,135215384.0
103.0,135226096.0
105.0,135236816.0
95.0,135247484.0
97.0,135258160.0
104.0,135268872.0
111.0,135279584.0
104.0,135290304.0
113.0,135301024.0
120.0,135311744.0
126.0,135322464.0
138.0,135333192.0
135.0,135343904.0
140.0,135354632.0
149.0,135365352.0
139.0,135376072.0
129.0,135386784.0
128.0,135397508.0
136.0,135408224.0
128.0,135418948.0
118.0,135429664.0
113.0,135440384.0
130.0,135451104.0
128.0,135461824.0
122.0,135472544.0
127.0,135483264.0
133.0,135493992.0
130.0,135504712.0
131.0,135515432.0
135.0,135526152.0
145.0,135536872.0
139.0,135547584.0
137.0,135558304.0
132.0,135569024.0
119.0,135579748.0
104.0,135590464.0
97.0,135601140.0
97.0,135611812.0
103.0,135622520.0
101.0,135633240.0
98.0,135643916.0
98.0,135654588.0
99.0,135665252.0
99.0,135675928.0
113.0,135686640.0
113.0,135697352.0
106.0,135708072.0
105.0,135718784.0
97.0,135729468.0
91.0,135740132.0
90.0,135750804.0
81.0,135761468.0
92.0,135772132.0
100.0,135782848.0
98.0,135793516.0
103.0,135804232.0
109.0,135814952.0
100.0,135825672.0
94.0,135836340.0
94.0,135847016.0
103.0,135857728.0
96.0,135868404.0
88.0,135879076.0
99.0,135889740.0
101.0,135900456.0
96.0,135911132.0
114.0,135921848.0
120.0,135932568.0
129.0,135943292.0
117.0,135954008.0
113.0,135964732.0
121.0,135975448.0
139.0,135986172.0
121.0,135996896.0
109.0,136007608.0
110.0,136018328.0
114.0,136029040.0
113.0,136039760.0
105.0,136050472.0
108.0,136061200.0
95.0,136071868.0
95.0,136082540.0
120.0,136093248.0
115.0,136103972.0
105.0,136114688.0
91.0,136125364.0
88.0,136136036.0
96.0,136146700.0
86.0,136157372.0
83.0,136168036.0
76.0,136178716.0
75.0,136189380.0
73.0,136200044.0
113.0,136210760.0
122.0,136221480.0
115.0,136232208.0
120.0,136242928.0
104.0,136253648.0
103.0,136264360.0
101.0,136275084.0
98.0,136285756.0
93.0,136296428.0
85.0,136307100.0
86.0,136317772.0
97.0,136328444.0
92.0,136339108.0
84.0,136349784.0
79.0,136360452.0
87.0,136371116.0
78.0,136381788.0
77.0,136392452.0
74.0,136403124.0
70.0,136413788.0
84.0,136424464.0
85.0,136435132.0
103.0,136445840.0
91.0,136456524.0
80.0,136467188.0
78.0,136477860.0
72.0,136488524.0
86.0,136499200.0
89.0,136509860.0
79.0,136520524.0
73.0,136531196.0
74.0,136541868.0
68.0,136552544.0
72.0,136563212.0
73.0,136573876.0
74.0,136584548.0
78.0,136595212.0
83.0,136605884.0
90.0,136616548.0
85.0,136627224.0
83.0,136637892.0
90.0,136648556.0
81.0,136659228.0
78.0,136669892.0
78.0,136680564.0
79.0,136691228.0
80.0,136701892.0
74.0,136712564.0
66.0,136723228.0
62.0,136733900.0
60.0,136744564.0
64.0,136755240.0
65.0,136765908.0
66.0,136776572.0
67.0,136787244.0
82.0,136797908.0
79.0,136808580.0
83.0,136819244.0
81.0,136829908.0
81.0,136840580.0
83.0,136851244.0
78.0,136861916.0
76.0,136872580.0
78.0,136883260.0
77.0,136893924.0
75.0,136904588.0
73.0,136915260.0
72.0,136925924.0
66.0,136936596.0
67.0,136947260.0
64.0,136957924.0
63.0,136968596.0
72.0,136979260.0
75.0,136989932.0
75.0,137000596.0
77.0,137011272.0
78.0,137021940.0
74.0,137032604.0
76.0,137043276.0
74.0,137053940.0
73.0,137064612.0
73.0,137075276.0
80.0,137085952.0
74.0,137096620.0
68.0,137107284.0
71.0,137117956.0
68.0,137128628.0
68.0,137139304.0
67.0,137149972.0
62.0,137160636.0
61.0,137171308.0
68.0,137181972.0
80.0,137192644.0
81.0,137203308.0
82.0,137213984.0
78.0,137224652.0
76.0,137235316.0
73.0,137245988.0
74.0,137256652.0
84.0,137267324.0
80.0,137277988.0
76.0,137288652.0
72.0,137299324.0
67.0,137309988.0
63.0,137320668.0
59.0,137331332.0
64.0,137342008.0
70.0,137352676.0
75.0,137363340.0
71.0,137374012.0
72.0,137384676.0
70.0,137395348.0
67.0,137406012.0
69.0,137416684.0
69.0,137427356.0
72.0,137438020.0
73.0,137448692.0
67.0,137459356.0
67.0,137470032.0
63.0,137480700.0
60.0,137491364.0
61.0,137502036.0
62.0,137512708.0
60.0,137523380.0
60.0,137534044.0
61.0,137544720.0
69.0,137555388.0
74.0,137566052.0
89.0,137576724.0
87.0,137587396.0
83.0,137598068.0
95.0,137608732.0
91.0,137619396.0
103.0,137630112.0
97.0,137640780.0
100.0,137651496.0
91.0,137662164.0
82.0,137672836.0
81.0,137683500.0
85.0,137694164.0
81.0,137704836.0
76.0,137715500.0
71.0,137726172.0
65.0,137736836.0
65.0,137747512.0
62.0,137758180.0
64.0,137768844.0
63.0,137779516.0
64.0,137790180.0
60.0,137800852.0
60.0,137811516.0
69.0,137822180.0
74.0,137832852.0
71.0,137843516.0
68.0,137854188.0
64.0,137864852.0
61.0,137875528.0
65.0,137886196.0
68.0,137896860.0
70.0,137907532.0
66.0,137918196.0
64.0,137928868.0
69.0,137939532.0
65.0,137950208.0
61.0,137960876.0
59.0,137971540.0
60.0,137982212.0
61.0,137992884.0
57.0,138003560.0
56.0,138014228.0
54.0,138024892.0
50.0,138035564.0
51.0,138046228.0
52.0,138056900.0
52.0,138067564.0
57.0,138078240.0
53.0,138088908.0
51.0,138099572.0
54.0,138110244.0
54.0,138120916.0
56.0,138131588.0
59.0,138142252.0
58.0,138152916.0
57.0,138163588.0
55.0,138174252.0
51.0,138184924.0
49.0,138195588.0
51.0,138206264.0
47.0,138216932.0
48.0,138227604.0
52.0,138238276.0
63.0,138248940.0
60.0,138259612.0
56.0,138270276.0
54.0,138280948.0
53.0,138291620.0
51.0,138302284.0
46.0,138312956.0
44.0,138323620.0
45.0,138334296.0
48.0,138344964.0
48.0,138355628.0
51.0,138366300.0
55.0,138376964.0
59.0,138387636.0
54.0,138398300.0
53.0,138408976.0
50.0,138419644.0
50.0,138430308.0
48.0,138440980.0
45.0,138451644.0
47.0,138462316.0
47.0,138472980.0
52.0,138483644.0
54.0,138494316.0
55.0,138504980.0
60.0,138515652.0
62.0,138526316.0
71.0,138536992.0
69.0,138547660.0
68.0,138558324.0
65.0,138568996.0
61.0,138579660.0
61.0,138590332.0
59.0,138600996.0
62.0,138611660.0
73.0,138622332.0
65.0,138632996.0
62.0,138643676.0
63.0,138654340.0
61.0,138665016.0
61.0,138675684.0
59.0,138686348.0
59.0,138697020.0
54.0,138707684.0
54.0,138718356.0
56.0,138729020.0
55.0,138739684.0
57.0,138750356.0
57.0,138761020.0
56.0,138771692.0
55.0,138782356.0
51.0,138793032.0
54.0,138803700.0
53.0,138814364.0
55.0,138825036.0
65.0,138835700.0
66.0,138846372.0
64.0,138857036.0
61.0,138867712.0
60.0,138878380.0
60.0,138889044.0
63.0,138899716.0
68.0,138910380.0
66.0,138921056.0
66.0,138931724.0
67.0,138942388.0
68.0,138953060.0
72.0,138963724.0
67.0,138974396.0
63.0,138985068.0
62.0,138995744.0
61.0,139006412.0
59.0,139017084.0
59.0,139027756.0
55.0,139038420.0
55.0,139049092.0
51.0,139059756.0
52.0,139070420.0
55.0,139081092.0
69.0,139091756.0
75.0,139102428.0
81.0,139113092.0
89.0,139123768.0
93.0,139134436.0
89.0,139145100.0
93.0,139155772.0
88.0,139166436.0
76.0,139177108.0
80.0,139187772.0
74.0,139198444.0
78.0,139209116.0
77.0,139219780.0
72.0,139230452.0
63.0,139241124.0
66.0,139251800.0
70.0,139262468.0
81.0,139273132.0
88.0,139283804.0
84.0,139294468.0
90.0,139305140.0
94.0,139315804.0
84.0,139326480.0
81.0,139337148.0
72.0,139347812.0
65.0,139358484.0
75.0,139369148.0
78.0,139379820.0
78.0,139390484.0
85.0,139401148.0
84.0,139411820.0
78.0,139422484.0
71.0,139433156.0
66.0,139443820.0
63.0,139454496.0
67.0,139465164.0
74.0,139475828.0
78.0,139486500.0
72.0,139497164.0
67.0,139507836.0
63.0,139518500.0
57.0,139529164.0
53.0,139539836.0
53.0,139550500.0
57.0,139561180.0
51.0,139571844.0
66.0,139582520.0
63.0,139593188.0
59.0,139603852.0
56.0,139614524.0
50.0,139625188.0
52.0,139635860.0
57.0,139646524.0
55.0,139657196.0
49.0,139667868.0
46.0,139678532.0
43.0,139689204.0
41.0,139699868.0
39.0,139710544.0
38.0,139721212.0
37.0,139731876.0
35.0,139742548.0
33.0,139753212.0
34.0,139763884.0
32.0,139774548.0
35.0,139785224.0
40.0,139795892.0
40.0,139806556.0
42.0,139817228.0
49.0,139827892.0
52.0,139838568.0
50.0,139849236.0
51.0,139859900.0
55.0,139870572.0
51.0,139881236.0
48.0,139891908.0
47.0,139902572.0
45.0,139913248.0
47.0,139923916.0
45.0,139934580.0
43.0,139945252.0
41.0,139955916.0
38.0,139966588.0
36.0,139977252.0
37.0,139987916.0
37.0,139998588.0
35.0,140009252.0
34.0,140019932.0
35.0,140030596.0
33.0,140041272.0
33.0,140051940.0
33.0,140062604.0
31.0,140073276.0
30.0,140083940.0
30.0,140094612.0
30.0,140105276.0
29.0,140115948.0
29.0,140126620.0
28.0,140137284.0
29.0,140147956.0
28.0,140158620.0
31.0,140169296.0
30.0,140179964.0
30.0,140190628.0
30.0,140201300.0
30.0,140211964.0
29.0,140222636.0
30.0,140233308.0
30.0,140243984.0
29.0,140254652.0
29.0,140265316.0
28.0,140275988.0
29.0,140286652.0
29.0,140297324.0
28.0,140307988.0
28.0,140318652.0
28.0,140329324.0
28.0,140339988.0
27.0,140350660.0
28.0,140361324.0
28.0,140372000.0
28.0,140382668.0
28.0,140393340.0
28.0,140404012.0
28.0,140414676.0
27.0,140425348.0
28.0,140436012.0
28.0,140446676.0
28.0,140457348.0
29.0,140468012.0
29.0,140478684.0
29.0,140489348.0
29.0,140500024.0
29.0,140510692.0
29.0,140521364.0
28.0,140532036.0
29.0,140542700.0
28.0,140553372.0
29.0,140564036.0
29.0,140574708.0
30.0,140585380.0
29.0,140596044.0
28.0,140606716.0
28.0,140617388.0
28.0,140628064.0
28.0,140638732.0
28.0,140649404.0
28.0,140660076.0
29.0,140670740.0
29.0,140681412.0
29.0,140692084.0
29.0,140702760.0
29.0,140713428.0
28.0,140724092.0
29.0,140734764.0
28.0,140745428.0
28.0,140756100.0
28.0,140766764.0
28.0,140777436.0
28.0,140788108.0
28.0,140798772.0
28.0,140809452.0
29.0,140820116.0
29.0,140830792.0
29.0,140841460.0
29.0,140852124.0
28.0,140862796.0
28.0,140873460.0
28.0,140884132.0
27.0,140894796.0
27.0,140905472.0
27.0,140916140.0
27.0,140926804.0
28.0,140937476.0
29.0,140948140.0
28.0,140958816.0
28.0,140969484.0
27.0,140980148.0
27.0,140990820.0
26.0,141001484.0
27.0,141012156.0
27.0,141022820.0
27.0,141033496.0
28.0,141044164.0
27.0,141054828.0
28.0,141065500.0
28.0,141076164.0
27.0,141086836.0
28.0,141097500.0
27.0,141108164.0
27.0,141118836.0
27.0,141129500.0
27.0,141140172.0
27.0,141150836.0
27.0,141161512.0
27.0,141172180.0
27.0,141182844.0
27.0,141193516.0
27.0,141204180.0
28.0,141214852.0
27.0,141225516.0
27.0,141236188.0
27.0,141246860.0
27.0,141257524.0
27.0,141268196.0
28.0,141278860.0
28.0,141289536.0
27.0,141300204.0
27.0,141310868.0
28.0,141321540.0
28.0,141332204.0
27.0,141342876.0
28.0,141353540.0
27.0,141364212.0
26.0,141374884.0
27.0,141385548.0
27.0,141396220.0
27.0,141406884.0
27.0,141417560.0
28.0,141428228.0
28.0,141438892.0
28.0,141449564.0
27.0,141460228.0
28.0,141470900.0
27.0,141481564.0
27.0,141492240.0
27.0,141502908.0
27.0,141513572.0
27.0,141524244.0
27.0,141534908.0
27.0,141545580.0
27.0,141556252.0
27.0,141566924.0
27.0,141577596.0
26.0,141588260.0
27.0,141598940.0
27.0,141609604.0
27.0,141620280.0
26.0,141630948.0
27.0,141641612.0
28.0,141652284.0
28.0,141662948.0
27.0,141673620.0
27.0,141684284.0
27.0,141694948.0
27.0,141705620.0
27.0,141716284.0
27.0,141726956.0
29.0,141737620.0
28.0,141748296.0
29.0,141758964.0
29.0,141769628.0
28.0,141780300.0
28.0,141790964.0
28.0,141801636.0
28.0,141812300.0
27.0,141822976.0
27.0,141833644.0
27.0,141844308.0
27.0,141854980.0
29.0,141865644.0
29.0,141876320.0
28.0,141886988.0
28.0,141897652.0
28.0,141908324.0
27.0,141918988.0
28.0,141929660.0
28.0,141940324.0
28.0,141951000.0
27.0,141961668.0
28.0,141972332.0
28.0,141983004.0
28.0,141993668.0
28.0,142004340.0
28.0,142015004.0
27.0,142025676.0
27.0,142036348.0
27.0,142047012.0
27.0,142057692.0
27.0,142068356.0
27.0,142079032.0
27.0,142089700.0
28.0,142100364.0
28.0,142111036.0
28.0,142121708.0
28.0,142132380.0
28.0,142143044.0
27.0,142153716.0
28.0,142164388.0
27.0,142175052.0
27.0,142185724.0
29.0,142196388.0
28.0,142207064.0
29.0,142217732.0
28.0,142228396.0
29.0,142239068.0
28.0,142249732.0
28.0,142260404.0
28.0,142271068.0
28.0,142281744.0
27.0,142292412.0
27.0,142303084.0
27.0,142313756.0
27.0,142324428.0
28.0,142335100.0
28.0,142345764.0
29.0,142356428.0
28.0,142367100.0
29.0,142377772.0
28.0,142388444.0
28.0,142399108.0
28.0,142409784.0
27.0,142420452.0
27.0,142431116.0
27.0,142441788.0
28.0,142452452.0
27.0,142463124.0
28.0,142473796.0
27.0,142484468.0
28.0,142495140.0
28.0,142505804.0
27.0,142516476.0
28.0,142527148.0
28.0,142537824.0
28.0,142548492.0
29.0,142559156.0
28.0,142569828.0
28.0,142580492.0
29.0,142591164.0
29.0,142601828.0
28.0,142612504.0
28.0,142623172.0
28.0,142633836.0
29.0,142644508.0
28.0,142655172.0
29.0,142665844.0
28.0,142676508.0
28.0,142687172.0
28.0,142697844.0
28.0,142708508.0
28.0,142719180.0
29.0,142729844.0
28.0,142740520.0
29.0,142751188.0
29.0,142761852.0
29.0,142772524.0
29.0,142783188.0
28.0,142793860.0
28.0,142804532.0
28.0,142815196.0
28.0,142825868.0
28.0,142836532.0
28.0,142847204.0
28.0,142857868.0
28.0,142868544.0
29.0,142879212.0
28.0,142889876.0
29.0,142900548.0
28.0,142911212.0
29.0,142921884.0
28.0,142932548.0
28.0,142943220.0
28.0,142953892.0
28.0,142964556.0
28.0,142975228.0
28.0,142985900.0
29.0,142996576.0
29.0,143007244.0
28.0,143017916.0
28.0,143028588.0
29.0,143039260.0
29.0,143049940.0
29.0,143060604.0
29.0,143071280.0
29.0,143081948.0
29.0,143092612.0
29.0,143103284.0
30.0,143113948.0
30.0,143124620.0
29.0,143135284.0
29.0,143145948.0
29.0,143156620.0
29.0,143167284.0
29.0,143177956.0
29.0,143188620.0
29.0,143199296.0
29.0,143209964.0
29.0,143220628.0
29.0,143231300.0
29.0,143241964.0
29.0,143252636.0
29.0,143263300.0
29.0,143273972.0
29.0,143284644.0
28.0,143295308.0
28.0,143305980.0
28.0,143316644.0
29.0,143327328.0
29.0,143337996.0
29.0,143348660.0
30.0,143359332.0
30.0,143370004.0
29.0,143380676.0
28.0,143391340.0
28.0,143402016.0
28.0,143412684.0
28.0,143423348.0
29.0,143434020.0
29.0,143444684.0
28.0,143455356.0
28.0,143466020.0
29.0,143476684.0
29.0,143487356.0
29.0,143498020.0
29.0,143508700.0
30.0,143519364.0
30.0,143530040.0
30.0,143540708.0
30.0,143551372.0
30.0,143562044.0
29.0,143572708.0
28.0,143583380.0
28.0,143594044.0
28.0,143604716.0
28.0,143615388.0
29.0,143626060.0
29.0,143636732.0
29.0,143647396.0
29.0,143658072.0
29.0,143668740.0
29.0,143679404.0
28.0,143690076.0
28.0,143700740.0
28.0,143711412.0
28.0,143722076.0
28.0,143732752.0
29.0,143743420.0
29.0,143754084.0
28.0,143764756.0
28.0,143775420.0
27.0,143786092.0
28.0,143796756.0
29.0,143807428.0
29.0,143818100.0
29.0,143828772.0
29.0,143839452.0
29.0,143850116.0
30.0,143860792.0
30.0,143871460.0
30.0,143882124.0
30.0,143892796.0
30.0,143903468.0
29.0,143914140.0
29.0,143924804.0
29.0,143935476.0
29.0,143946148.0
29.0,143956812.0
28.0,143967484.0
28.0,143978148.0
28.0,143988824.0
29.0,143999492.0
29.0,144010156.0
29.0,144020828.0
28.0,144031492.0
29.0,144042164.0
29.0,144052828.0
29.0,144063504.0
28.0,144074172.0
29.0,144084836.0
28.0,144095508.0
28.0,144106180.0
28.0,144116852.0
28.0,144127516.0
28.0,144138180.0
28.0,144148852.0
29.0,144159516.0
28.0,144170188.0
28.0,144180860.0
28.0,144191528.0
28.0,144202196.0
28.0,144212860.0
28.0,144223532.0
28.0,144234196.0
29.0,144244868.0
29.0,144255532.0
28.0,144266196.0
29.0,144276868.0
29.0,144287532.0
28.0,144298204.0
28.0,144308868.0
28.0,144319544.0
28.0,144330212.0
28.0,144340876.0
29.0,144351548.0
29.0,144362212.0
29.0,144372884.0
29.0,144383548.0
29.0,144394220.0
29.0,144404892.0
29.0,144415556.0
29.0,144426228.0
29.0,144436892.0
29.0,144447568.0
29.0,144458236.0
28.0,144468900.0
30.0,144479572.0
29.0,144490244.0
29.0,144500916.0
29.0,144511580.0
28.0,144522256.0
28.0,144532924.0
29.0,144543588.0
29.0,144554260.0
28.0,144564924.0
28.0,144575596.0
29.0,144586268.0
29.0,144596932.0
28.0,144607604.0
29.0,144618268.0
28.0,144628940.0
28.0,144639604.0
28.0,144650280.0
28.0,144660948.0
28.0,144671612.0
28.0,144682284.0
29.0,144692948.0
28.0,144703620.0
28.0,144714284.0
28.0,144724948.0
28.0,144735620.0
29.0,144746284.0
28.0,144756956.0
28.0,144767620.0
27.0,144778296.0
28.0,144788964.0
28.0,144799628.0
29.0,144810300.0
28.0,144820964.0
28.0,144831636.0
29.0,144842300.0
28.0,144852964.0
28.0,144863636.0
28.0,144874300.0
27.0,144884972.0
28.0,144895636.0
28.0,144906320.0
28.0,144916988.0
28.0,144927652.0
29.0,144938324.0
28.0,144948988.0
28.0,144959660.0
28.0,144970324.0
27.0,144981000.0
28.0,144991668.0
28.0,145002340.0
28.0,145013012.0
29.0,145023676.0
29.0,145034348.0
29.0,145045012.0
28.0,145055676.0
28.0,145066348.0
28.0,145077012.0
28.0,145087684.0
28.0,145098348.0
28.0,145109024.0
28.0,145119692.0
28.0,145130364.0
28.0,145141036.0
28.0,145151700.0
28.0,145162372.0
28.0,145173036.0
28.0,145183700.0
28.0,145194372.0
28.0,145205044.0
27.0,145215716.0
29.0,145226380.0
28.0,145237056.0
28.0,145247724.0
28.0,145258388.0
27.0,145269060.0
28.0,145279724.0
28.0,145290396.0
28.0,145301060.0
28.0,145311732.0
28.0,145322404.0
28.0,145333068.0
28.0,145343740.0
28.0,145354404.0
28.0,145365080.0
28.0,145375748.0
27.0,145386412.0
28.0,145397084.0
27.0,145407748.0
27.0,145418420.0
27.0,145429084.0
27.0,145439760.0
27.0,145450428.0
27.0,145461092.0
27.0,145471764.0
27.0,145482436.0
27.0,145493108.0
28.0,145503772.0
27.0,145514436.0
27.0,145525108.0
27.0,145535772.0
27.0,145546452.0
27.0,145557116.0
27.0,145567792.0
27.0,145578460.0
27.0,145589124.0
28.0,145599796.0
27.0,145610460.0
28.0,145621132.0
28.0,145631796.0
27.0,145642468.0
27.0,145653140.0
27.0,145663804.0
27.0,145674476.0
27.0,145685140.0
28.0,145695816.0
28.0,145706484.0
28.0,145717148.0
28.0,145727820.0
28.0,145738484.0
28.0,145749156.0
28.0,145759820.0
27.0,145770496.0
28.0,145781164.0
27.0,145791828.0
28.0,145802500.0
27.0,145813164.0
28.0,145823840.0
28.0,145834508.0
29.0,145845172.0
29.0,145855844.0
28.0,145866516.0
28.0,145877188.0
28.0,145887852.0
28.0,145898528.0
28.0,145909196.0
28.0,145919868.0
29.0,145930540.0
29.0,145941204.0
29.0,145951876.0
28.0,145962540.0
29.0,145973204.0
29.0,145983876.0
28.0,145994540.0
28.0,146005212.0
29.0,146015876.0
28.0,146026552.0
28.0,146037220.0
28.0,146047884.0
28.0,146058556.0
28.0,146069220.0
29.0,146079892.0
28.0,146090556.0
29.0,146101228.0
28.0,146111900.0
28.0,146122564.0
28.0,146133236.0
29.0,146143908.0
28.0,146154584.0
28.0,146165252.0
28.0,146175916.0
28.0,146186588.0
28.0,146197252.0
27.0,146207924.0
27.0,146218588.0
28.0,146229264.0
28.0,146239932.0
28.0,146250596.0
28.0,146261268.0
28.0,146271932.0
27.0,146282604.0
28.0,146293268.0
27.0,146303932.0
28.0,146314604.0
28.0,146325268.0
28.0,146335940.0
28.0,146346604.0
28.0,146357280.0
28.0,146367948.0
28.0,146378612.0
28.0,146389284.0
28.0,146399948.0
28.0,146410620.0
28.0,146421284.0
28.0,146431948.0
28.0,146442620.0
27.0,146453284.0
28.0,146463964.0
28.0,146474628.0
27.0,146485304.0
27.0,146495972.0
27.0,146506636.0
28.0,146517308.0
27.0,146527972.0
28.0,146538644.0
27.0,146549308.0
27.0,146559980.0
27.0,146570660.0
28.0,146581324.0
28.0,146591996.0
28.0,146602660.0
28.0,146613336.0
28.0,146624004.0
28.0,146634668.0
28.0,146645340.0
28.0,146656004.0
27.0,146666676.0
27.0,146677340.0
27.0,146688016.0
28.0,146698684.0
28.0,146709348.0
28.0,146720020.0
28.0,146730684.0
27.0,146741356.0
27.0,146752020.0
27.0,146762684.0
27.0,146773356.0
27.0,146784020.0
28.0,146794692.0
28.0,146805356.0
27.0,146816032.0
27.0,146826700.0
27.0,146837364.0
27.0,146848036.0
27.0,146858700.0
28.0,146869372.0
28.0,146880036.0
28.0,146890700.0
27.0,146901372.0
27.0,146912036.0
28.0,146922716.0
28.0,146933380.0
27.0,146944056.0
27.0,146954724.0
28.0,146965388.0
28.0,146976060.0
28.0,146986724.0
28.0,146997396.0
28.0,147008060.0
28.0,147018724.0
28.0,147029396.0
28.0,147040068.0
28.0,147050740.0
27.0,147061404.0
27.0,147072080.0
28.0,147082748.0
27.0,147093412.0
28.0,147104084.0
28.0,147114748.0
29.0,147125420.0
28.0,147136084.0
28.0,147146760.0
28.0,147157428.0
27.0,147168092.0
28.0,147178764.0
27.0,147189428.0
27.0,147200104.0
27.0,147210772.0
28.0,147221436.0
28.0,147232108.0
28.0,147242772.0
28.0,147253444.0
28.0,147264108.0
28.0,147274784.0
28.0,147285452.0
28.0,147296116.0
27.0,147306788.0
27.0,147317452.0
28.0,147328124.0
28.0,147338788.0
28.0,147349452.0
27.0,147360124.0
28.0,147370788.0
28.0,147381468.0
28.0,147392132.0
27.0,147402808.0
28.0,147413476.0
27.0,147424140.0
28.0,147434812.0
27.0,147445476.0
28.0,147456156.0
27.0,147466820.0
28.0,147477492.0
28.0,147488164.0
28.0,147498828.0
28.0,147509500.0
28.0,147520164.0
28.0,147530832.0
28.0,147541500.0
28.0,147552164.0
28.0,147562836.0
28.0,147573500.0
28.0,147584172.0
29.0,147594836.0
28.0,147605512.0
28.0,147616180.0
29.0,147626844.0
28.0,147637516.0
28.0,147648180.0
28.0,147658856.0
27.0,147669524.0
27.0,147680188.0
27.0,147690860.0
28.0,147701524.0
28.0,147712196.0
28.0,147722860.0
27.0,147733536.0
28.0,147744204.0
27.0,147754868.0
27.0,147765540.0
27.0,147776204.0
27.0,147786876.0
28.0,147797540.0
27.0,147808204.0
28.0,147818876.0
27.0,147829540.0
27.0,147840220.0
28.0,147850884.0
28.0,147861560.0
27.0,147872228.0
27.0,147882892.0
27.0,147893564.0
27.0,147904228.0
27.0,147914900.0
28.0,147925564.0
27.0,147936236.0
27.0,147946908.0
27.0,147957572.0
27.0,147968244.0
28.0,147978908.0
28.0,147989584.0
27.0,148000252.0
27.0,148010916.0
27.0,148021588.0
27.0,148032252.0
28.0,148042924.0
28.0,148053588.0
27.0,148064264.0
27.0,148074932.0
27.0,148085596.0
28.0,148096268.0
28.0,148106932.0
28.0,148117608.0
28.0,148128276.0
28.0,148138940.0
28.0,148149612.0
29.0,148160276.0
28.0,148170948.0
29.0,148181612.0
28.0,148192288.0
28.0,148202956.0
28.0,148213620.0
28.0,148224292.0
28.0,148234956.0
27.0,148245628.0
28.0,148256292.0
28.0,148266956.0
28.0,148277628.0
28.0,148288292.0
28.0,148298964.0
27.0,148309628.0
27.0,148320304.0
27.0,148330972.0
26.0,148341636.0
27.0,148352308.0
27.0,148362972.0
27.0,148373644.0
27.0,148384308.0
27.0,148394972.0
27.0,148405644.0
27.0,148416308.0
27.0,148426980.0
27.0,148437652.0
26.0,148448328.0
26.0,148458996.0
26.0,148469660.0
26.0,148480332.0
27.0,148490996.0
26.0,148501668.0
27.0,148512332.0
27.0,148523008.0
27.0,148533676.0
27.0,148544340.0
27.0,148555012.0
27.0,148565676.0
27.0,148576352.0
27.0,148587020.0
27.0,148597684.0
27.0,148608356.0
27.0,148619020.0
27.0,148629692.0
28.0,148640356.0
28.0,148651032.0
28.0,148661700.0
29.0,148672364.0
29.0,148683036.0
29.0,148693708.0
29.0,148704380.0
29.0,148715044.0
29.0,148725708.0
28.0,148736380.0
28.0,148747044.0
27.0,148757724.0
28.0,148768388.0
28.0,148779064.0
28.0,148789732.0
27.0,148800396.0
27.0,148811068.0
27.0,148821732.0
27.0,148832404.0
27.0,148843068.0
27.0,148853732.0
27.0,148864404.0
27.0,148875068.0
27.0,148885740.0
27.0,148896404.0
26.0,148907080.0
26.0,148917748.0
27.0,148928412.0
27.0,148939084.0
27.0,148949748.0
28.0,148960420.0
27.0,148971084.0
28.0,148981760.0
28.0,148992428.0
28.0,149003092.0
27.0,149013764.0
27.0,149024428.0
27.0,149035104.0
27.0,149045772.0
28.0,149056436.0
28.0,149067108.0
29.0,149077780.0
29.0,149088452.0
28.0,149099116.0
29.0,149109792.0
30.0,149120460.0
32.0,149131124.0
36.0,149141796.0
43.0,149152460.0
49.0,149163132.0
56.0,149173796.0
61.0,149184460.0
61.0,149195132.0
59.0,149205796.0
57.0,149216476.0
60.0,149227140.0
72.0,149237816.0
77.0,149248484.0
76.0,149259148.0
99.0,149269820.0
137.0,149280528.0
132.0,149291248.0
122.0,149301968.0
109.0,149312688.0
98.0,149323356.0
109.0,149334080.0
117.0,149344792.0
112.0,149355516.0
113.0,149366240.0
116.0,149376960.0
109.0,149387680.0
101.0,149398400.0
104.0,149409120.0
101.0,149419840.0
119.0,149430560.0
111.0,149441280.0
109.0,149452000.0
99.0,149462676.0
119.0,149473396.0
114.0,149484112.0
111.0,149494840.0
120.0,149505552.0
114.0,149516264.0
109.0,149526984.0
99.0,149537660.0
109.0,149548376.0
113.0,149559096.0
110.0,149569816.0
114.0,149580536.0
114.0,149591264.0
112.0,149601984.0
107.0,149612704.0
98.0,149623380.0
91.0,149634056.0
103.0,149644768.0
113.0,149655488.0
108.0,149666208.0
109.0,149676928.0
109.0,149687648.0
108.0,149698368.0
100.0,149709088.0
99.0,149719756.0
98.0,149730428.0
99.0,149741092.0
87.0,149751756.0
89.0,149762428.0
90.0,149773092.0
99.0,149783772.0
99.0,149794436.0
93.0,149805112.0
105.0,149815824.0
101.0,149826544.0
96.0,149837220.0
99.0,149847884.0
97.0,149858556.0
86.0,149869228.0
85.0,149879904.0
81.0,149890572.0
82.0,149901236.0
86.0,149911908.0
87.0,149922572.0
85.0,149933244.0
85.0,149943908.0
93.0,149954584.0
87.0,149965252.0
84.0,149975916.0
90.0,149986588.0
107.0,149997296.0
104.0,150008016.0
104.0,150018736.0
101.0,150029460.0
91.0,150040132.0
83.0,150050804.0
81.0,150061476.0
79.0,150072148.0
79.0,150082820.0
78.0,150093484.0
81.0,150104160.0
78.0,150114828.0
84.0,150125500.0
80.0,150136172.0
79.0,150146836.0
95.0,150157508.0
85.0,150168172.0
81.0,150178848.0
76.0,150189516.0
69.0,150200180.0
69.0,150210852.0
72.0,150221524.0
81.0,150232196.0
84.0,150242868.0
81.0,150253532.0
78.0,150264204.0
79.0,150274868.0
72.0,150285540.0
76.0,150296212.0
75.0,150306896.0
76.0,150317564.0
70.0,150328228.0
70.0,150338900.0
78.0,150349572.0
73.0,150360252.0
68.0,150370916.0
68.0,150381600.0
69.0,150392268.0
65.0,150402932.0
62.0,150413604.0
65.0,150424268.0
65.0,150434940.0
68.0,150445604.0
67.0,150456268.0
69.0,150466940.0
72.0,150477604.0
66.0,150488284.0
67.0,150498948.0
63.0,150509624.0
62.0,150520292.0
66.0,150530956.0
62.0,150541628.0
60.0,150552292.0
72.0,150562964.0
68.0,150573636.0
83.0,150584308.0
82.0,150594980.0
79.0,150605644.0
72.0,150616316.0
72.0,150626980.0
66.0,150637664.0
65.0,150648332.0
66.0,150658996.0
75.0,150669668.0
70.0,150680332.0
67.0,150691004.0
70.0,150701668.0
72.0,150712344.0
68.0,150723012.0
65.0,150733676.0
62.0,150744348.0
62.0,150755012.0
69.0,150765684.0
70.0,150776348.0
66.0,150787012.0
64.0,150797684.0
58.0,150808348.0
58.0,150819020.0
65.0,150829684.0
69.0,150840360.0
70.0,150851028.0
67.0,150861700.0
67.0,150872372.0
66.0,150883036.0
64.0,150893708.0
60.0,150904380.0
58.0,150915052.0
65.0,150925724.0
67.0,150936388.0
64.0,150947060.0
60.0,150957724.0
58.0,150968400.0
53.0,150979068.0
53.0,150989732.0
58.0,151000404.0
55.0,151011068.0
56.0,151021740.0
59.0,151032404.0
60.0,151043088.0
60.0,151053756.0
59.0,151064420.0
66.0,151075092.0
69.0,151085756.0
66.0,151096428.0
66.0,151107092.0
71.0,151117756.0
68.0,151128428.0
68.0,151139092.0
70.0,151149772.0
70.0,151160436.0
67.0,151171112.0
69.0,151181780.0
71.0,151192444.0
73.0,151203116.0
78.0,151213780.0
75.0,151224452.0
69.0,151235116.0
72.0,151245788.0
69.0,151256460.0
72.0,151267124.0
78.0,151277796.0
73.0,151288460.0
66.0,151299136.0
62.0,151309804.0
65.0,151320468.0
70.0,151331140.0
67.0,151341804.0
71.0,151352476.0
73.0,151363140.0
71.0,151373812.0
73.0,151384484.0
72.0,151395148.0
67.0,151405820.0
64.0,151416492.0
68.0,151427168.0
67.0,151437836.0
72.0,151448500.0
81.0,151459172.0
85.0,151469836.0
85.0,151480516.0
76.0,151491180.0
71.0,151501868.0
74.0,151512532.0
75.0,151523196.0
73.0,151533876.0
78.0,151544540.0
88.0,151555212.0
92.0,151565876.0
85.0,151576540.0
87.0,151587212.0
84.0,151597876.0
78.0,151608548.0
83.0,151619212.0
77.0,151629888.0
74.0,151640556.0
72.0,151651220.0
69.0,151661892.0
74.0,151672564.0
76.0,151683244.0
75.0,151693908.0
71.0,151704588.0
72.0,151715252.0
66.0,151725916.0
65.0,151736588.0
65.0,151747252.0
64.0,151757928.0
65.0,151768596.0
66.0,151779260.0
73.0,151789932.0
75.0,151800596.0
76.0,151811268.0
72.0,151821932.0
67.0,151832608.0
71.0,151843276.0
70.0,151853940.0
76.0,151864612.0
79.0,151875284.0
83.0,151885956.0
83.0,151896620.0
87.0,151907284.0
92.0,151917956.0
87.0,151928620.0
90.0,151939292.0
87.0,151949964.0
88.0,151960640.0
78.0,151971308.0
71.0,151981972.0
76.0,151992652.0
100.0,152003360.0
100.0,152014088.0
100.0,152024808.0
89.0,152035484.0
86.0,152046148.0
76.0,152056820.0
77.0,152067492.0
76.0,152078156.0
70.0,152088828.0
71.0,152099492.0
67.0,152110168.0
66.0,152120836.0
69.0,152131500.0
67.0,152142172.0
63.0,152152836.0
66.0,152163508.0
65.0,152174180.0
64.0,152184856.0
68.0,152195524.0
65.0,152206188.0
66.0,152216860.0
68.0,152227524.0
67.0,152238196.0
69.0,152248868.0
68.0,152259532.0
67.0,152270204.0
72.0,152280876.0
72.0,152291548.0
70.0,152302220.0
64.0,152312896.0
63.0,152323564.0
59.0,152334228.0
60.0,152344900.0
60.0,152355572.0
63.0,152366252.0
62.0,152376916.0
65.0,152387592.0
67.0,152398260.0
65.0,152408924.0
66.0,152419596.0
69.0,152430260.0
76.0,152440936.0
74.0,152451604.0
73.0,152462268.0
70.0,152472940.0
67.0,152483604.0
66.0,152494276.0
67.0,152504940.0
71.0,152515616.0
69.0,152526284.0
66.0,152536948.0
63.0,152547620.0
58.0,152558292.0
54.0,152568964.0
59.0,152579636.0
69.0,152590300.0
68.0,152600972.0
62.0,152611636.0
59.0,152622308.0
57.0,152632980.0
55.0,152643656.0
57.0,152654324.0
55.0,152664988.0
51.0,152675660.0
49.0,152686324.0
49.0,152696996.0
51.0,152707660.0
53.0,152718336.0
55.0,152729004.0
60.0,152739676.0
60.0,152750348.0
61.0,152761012.0
54.0,152771688.0
54.0,152782356.0
53.0,152793020.0
54.0,152803692.0
54.0,152814356.0
57.0,152825028.0
52.0,152835700.0
54.0,152846376.0
52.0,152857044.0
53.0,152867716.0
55.0,152878388.0
56.0,152889052.0
55.0,152899724.0
54.0,152910388.0
54.0,152921052.0
52.0,152931724.0
47.0,152942388.0
44.0,152953060.0
41.0,152963724.0
45.0,152974400.0
43.0,152985068.0
45.0,152995732.0
45.0,153006404.0
46.0,153017076.0
44.0,153027756.0
48.0,153038428.0
48.0,153049104.0
49.0,153059772.0
50.0,153070436.0
48.0,153081108.0
50.0,153091772.0
52.0,153102444.0
49.0,153113116.0
50.0,153123780.0
52.0,153134452.0
56.0,153145124.0
60.0,153155804.0
62.0,153166468.0
62.0,153177144.0
62.0,153187812.0
61.0,153198476.0
60.0,153209148.0
60.0,153219812.0
59.0,153230492.0
59.0,153241164.0
60.0,153251848.0
61.0,153262516.0
56.0,153273180.0
55.0,153283852.0
52.0,153294524.0
56.0,153305196.0
57.0,153315860.0
54.0,153326524.0
59.0,153337196.0
65.0,153347860.0
64.0,153358532.0
67.0,153369196.0
64.0,153379872.0
61.0,153390540.0
67.0,153401204.0
69.0,153411876.0
63.0,153422540.0
58.0,153433220.0
58.0,153443884.0
53.0,153454556.0
52.0,153465228.0
51.0,153475892.0
56.0,153486564.0
54.0,153497228.0
61.0,153507904.0
62.0,153518572.0
56.0,153529236.0
64.0,153539908.0
65.0,153550572.0
65.0,153561244.0
62.0,153571908.0
58.0,153582580.0
55.0,153593260.0
56.0,153603932.0
56.0,153614604.0
56.0,153625268.0
55.0,153635944.0
53.0,153646612.0
54.0,153657276.0
57.0,153667948.0
58.0,153678612.0
55.0,153689284.0
51.0,153699948.0
51.0,153710624.0
48.0,153721292.0
48.0,153731956.0
46.0,153742628.0
49.0,153753292.0
51.0,153763964.0
53.0,153774628.0
51.0,153785292.0
50.0,153795964.0
50.0,153806628.0
50.0,153817308.0
48.0,153827972.0
51.0,153838648.0
51.0,153849316.0
52.0,153859980.0
51.0,153870652.0
57.0,153881316.0
61.0,153891988.0
60.0,153902652.0
64.0,153913324.0
66.0,153923996.0
65.0,153934660.0
64.0,153945332.0
62.0,153956004.0
63.0,153966680.0
64.0,153977348.0
59.0,153988012.0
56.0,153998684.0
59.0,154009348.0
63.0,154020028.0
62.0,154030692.0
67.0,154041368.0
63.0,154052036.0
59.0,154062700.0
55.0,154073372.0
67.0,154084036.0
67.0,154094708.0
71.0,154105372.0
70.0,154116036.0
65.0,154126708.0
58.0,154137372.0
56.0,154148044.0
56.0,154158708.0
55.0,154169384.0
54.0,154180052.0
53.0,154190716.0
52.0,154201388.0
48.0,154212052.0
45.0,154222724.0
44.0,154233388.0
41.0,154244052.0
38.0,154254724.0
39.0,154265388.0
42.0,154276060.0
39.0,154286724.0
42.0,154297400.0
41.0,154308068.0
40.0,154318732.0
37.0,154329404.0
41.0,154340068.0
41.0,154350740.0
48.0,154361404.0
44.0,154372076.0
41.0,154382748.0
38.0,154393412.0
37.0,154404084.0
37.0,154414748.0
36.0,154425424.0
38.0,154436092.0
35.0,154446756.0
35.0,154457428.0
41.0,154468100.0
39.0,154478772.0
38.0,154489436.0
36.0,154500112.0
34.0,154510780.0
35.0,154521452.0
38.0,154532124.0
40.0,154542788.0
44.0,154553460.0
43.0,154564124.0
41.0,154574788.0
38.0,154585460.0
36.0,154596132.0
34.0,154606812.0
35.0,154617476.0
36.0,154628152.0
38.0,154638820.0
38.0,154649484.0
35.0,154660156.0
35.0,154670820.0
33.0,154681492.0
32.0,154692156.0
31.0,154702828.0
30.0,154713500.0
30.0,154724164.0
30.0,154734836.0
31.0,154745500.0
30.0,154756184.0
30.0,154766852.0
30.0,154777516.0
30.0,154788188.0
29.0,154798852.0
28.0,154809524.0
28.0,154820188.0
28.0,154830864.0
29.0,154841532.0
29.0,154852196.0
28.0,154862868.0
28.0,154873532.0
27.0,154884204.0
28.0,154894868.0
28.0,154905532.0
28.0,154916204.0
28.0,154926868.0
30.0,154937540.0
29.0,154948212.0
29.0,154958888.0
28.0,154969556.0
28.0,154980220.0
28.0,154990892.0
28.0,155001564.0
28.0,155012244.0
28.0,155022908.0
28.0,155033580.0
28.0,155044252.0
28.0,155054916.0
27.0,155065588.0
27.0,155076252.0
28.0,155086928.0
27.0,155097596.0
27.0,155108260.0
27.0,155118932.0
28.0,155129596.0
27.0,155140268.0
29.0,155150932.0
28.0,155161608.0
29.0,155172276.0
29.0,155182940.0
28.0,155193612.0
27.0,155204284.0
27.0,155214956.0
26.0,155225620.0
28.0,155236284.0
28.0,155246956.0
28.0,155257620.0
28.0,155268292.0
27.0,155278956.0
27.0,155289632.0
27.0,155300300.0
27.0,155310972.0
27.0,155321644.0
28.0,155332308.0
30.0,155342980.0
30.0,155353652.0
30.0,155364316.0
30.0,155374988.0
29.0,155385652.0
28.0,155396324.0
28.0,155406988.0
28.0,155417664.0
28.0,155428332.0
29.0,155438996.0
30.0,155449668.0
29.0,155460332.0
29.0,155471004.0
28.0,155481668.0
29.0,155492340.0
29.0,155503012.0
29.0,155513676.0
28.0,155524348.0
28.0,155535012.0
29.0,155545688.0
29.0,155556356.0
28.0,155567020.0
28.0,155577692.0
28.0,155588364.0
28.0,155599036.0
28.0,155609700.0
28.0,155620376.0
27.0,155631044.0
28.0,155641708.0
28.0,155652380.0
27.0,155663044.0
27.0,155673716.0
27.0,155684380.0
28.0,155695044.0
27.0,155705716.0
28.0,155716380.0
28.0,155727052.0
28.0,155737716.0
28.0,155748392.0
28.0,155759060.0
28.0,155769732.0
28.0,155780404.0
28.0,155791068.0
28.0,155801740.0
27.0,155812404.0
29.0,155823068.0
28.0,155833740.0
29.0,155844404.0
29.0,155855076.0
29.0,155865748.0
29.0,155876424.0
29.0,155887092.0
29.0,155897764.0
28.0,155908436.0
29.0,155919108.0
28.0,155929788.0
29.0,155940452.0
28.0,155951128.0
28.0,155961796.0
28.0,155972468.0
29.0,155983140.0
29.0,155993804.0
29.0,156004476.0
29.0,156015140.0
29.0,156025812.0
29.0,156036484.0
29.0,156047148.0
29.0,156057820.0
29.0,156068484.0
28.0,156079160.0
28.0,156089828.0
29.0,156100492.0
28.0,156111164.0
29.0,156121828.0
29.0,156132500.0
29.0,156143172.0
29.0,156153844.0
29.0,156164516.0
29.0,156175180.0
29.0,156185852.0
28.0,156196516.0
28.0,156207192.0
27.0,156217860.0
28.0,156228524.0
28.0,156239196.0
28.0,156249860.0
28.0,156260532.0
28.0,156271204.0
29.0,156281880.0
30.0,156292548.0
29.0,156303212.0
29.0,156313884.0
30.0,156324548.0
30.0,156335220.0
30.0,156345884.0
30.0,156356548.0
30.0,156367220.0
29.0,156377892.0
30.0,156388572.0
30.0,156399244.0
29.0,156409920.0
29.0,156420588.0
29.0,156431252.0
29.0,156441924.0
29.0,156452588.0
30.0,156463260.0
30.0,156473924.0
30.0,156484596.0
29.0,156495268.0
30.0,156505940.0
31.0,156516612.0
30.0,156527276.0
30.0,156537952.0
31.0,156548620.0
31.0,156559284.0
31.0,156569956.0
31.0,156580620.0
30.0,156591292.0
31.0,156601956.0
30.0,156612632.0
30.0,156623300.0
29.0,156633964.0
29.0,156644636.0
29.0,156655308.0
29.0,156665980.0
28.0,156676644.0
29.0,156687308.0
29.0,156697980.0
29.0,156708644.0
29.0,156719324.0
29.0,156729988.0
29.0,156740664.0
28.0,156751332.0
29.0,156761996.0
29.0,156772668.0
29.0,156783332.0
29.0,156794004.0
29.0,156804668.0
29.0,156815332.0
29.0,156826004.0
29.0,156836668.0
29.0,156847340.0
28.0,156858012.0
29.0,156868688.0
29.0,156879356.0
30.0,156890028.0
29.0,156900700.0
30.0,156911372.0
29.0,156922044.0
30.0,156932716.0
30.0,156943392.0
30.0,156954060.0
29.0,156964732.0
30.0,156975404.0
29.0,156986076.0
30.0,156996748.0
30.0,157007412.0
30.0,157018076.0
30.0,157028748.0
31.0,157039412.0
31.0,157050084.0
30.0,157060748.0
30.0,157071424.0
30.0,157082092.0
30.0,157092756.0
29.0,157103428.0
29.0,157114092.0
29.0,157124764.0
29.0,157135436.0
29.0,157146112.0
29.0,157156780.0
30.0,157167444.0
29.0,157178116.0
29.0,157188780.0
29.0,157199456.0
29.0,157210124.0
29.0,157220796.0
30.0,157231468.0
29.0,157242132.0
29.0,157252804.0
29.0,157263476.0
30.0,157274152.0
30.0,157284820.0
30.0,157295484.0
30.0,157306156.0
29.0,157316820.0
29.0,157327492.0
29.0,157338156.0
29.0,157348820.0
29.0,157359492.0
29.0,157370156.0
28.0,157380828.0
29.0,157391492.0
30.0,157402168.0
31.0,157412836.0
30.0,157423500.0
30.0,157434172.0
30.0,157444836.0
29.0,157455508.0
29.0,157466172.0
29.0,157476836.0
29.0,157487508.0
30.0,157498172.0
30.0,157508844.0
30.0,157519508.0
31.0,157530184.0
30.0,157540852.0
30.0,157551516.0
29.0,157562188.0
29.0,157572852.0
29.0,157583524.0
29.0,157594188.0
30.0,157604864.0
30.0,157615532.0
30.0,157626196.0
30.0,157636868.0
29.0,157647532.0
30.0,157658208.0
30.0,157668876.0
30.0,157679540.0
30.0,157690212.0
30.0,157700876.0
29.0,157711548.0
29.0,157722212.0
29.0,157732888.0
29.0,157743556.0
29.0,157754220.0
29.0,157764892.0
30.0,157775556.0
30.0,157786228.0
31.0,157796892.0
30.0,157807556.0
30.0,157818228.0
30.0,157828900.0
29.0,157839580.0
29.0,157850244.0
30.0,157860920.0
30.0,157871588.0
31.0,157882260.0
31.0,157892932.0
31.0,157903604.0
30.0,157914276.0
30.0,157924940.0
29.0,157935616.0
30.0,157946284.0
30.0,157956948.0
29.0,157967620.0
29.0,157978284.0
29.0,157988960.0
29.0,157999628.0
29.0,158010292.0
29.0,158020964.0
29.0,158031628.0
28.0,158042300.0
29.0,158052964.0
29.0,158063640.0
28.0,158074308.0
29.0,158084972.0
29.0,158095644.0
29.0,158106308.0
30.0,158116980.0
29.0,158127644.0
30.0,158138308.0
30.0,158148980.0
29.0,158159644.0
30.0,158170316.0
30.0,158180980.0
30.0,158191656.0
30.0,158202324.0
30.0,158212988.0
29.0,158223660.0
30.0,158234324.0
29.0,158244996.0
29.0,158255668.0
29.0,158266340.0
29.0,158277012.0
30.0,158287676.0
29.0,158298348.0
29.0,158309012.0
28.0,158319688.0
28.0,158330356.0
28.0,158341020.0
28.0,158351692.0
28.0,158362356.0
29.0,158373028.0
29.0,158383700.0
29.0,158394376.0
30.0,158405044.0
29.0,158415708.0
29.0,158426380.0
29.0,158437044.0
30.0,158447720.0
29.0,158458388.0
29.0,158469052.0
29.0,158479724.0
30.0,158490388.0
30.0,158501060.0
29.0,158511724.0
28.0,158522400.0
29.0,158533068.0
29.0,158543740.0
29.0,158554412.0
29.0,158565076.0
29.0,158575748.0
29.0,158586412.0
28.0,158597084.0
28.0,158607756.0
29.0,158618420.0
29.0,158629092.0
29.0,158639764.0
28.0,158650440.0
29.0,158661108.0
29.0,158671780.0
29.0,158682452.0
29.0,158693116.0
29.0,158703788.0
29.0,158714452.0
29.0,158725128.0
28.0,158735796.0
29.0,158746460.0
30.0,158757132.0
29.0,158767796.0
29.0,158778472.0
28.0,158789140.0
28.0,158799804.0
28.0,158810476.0
29.0,158821140.0
28.0,158831812.0
28.0,158842484.0
29.0,158853160.0
28.0,158863828.0
29.0,158874492.0
29.0,158885164.0
29.0,158895828.0
29.0,158906500.0
29.0,158917164.0
29.0,158927828.0
28.0,158938500.0
28.0,158949164.0
28.0,158959836.0
28.0,158970500.0
27.0,158981176.0
27.0,158991844.0
28.0,159002508.0
28.0,159013180.0
28.0,159023844.0
28.0,159034516.0
28.0,159045180.0
28.0,159055852.0
28.0,159066524.0
28.0,159077188.0
28.0,159087860.0
28.0,159098524.0
28.0,159109200.0
29.0,159119868.0
29.0,159130532.0
28.0,159141204.0
28.0,159151868.0
28.0,159162540.0
28.0,159173204.0
28.0,159183880.0
28.0,159194548.0
28.0,159205212.0
28.0,159215884.0
29.0,159226548.0
29.0,159237224.0
29.0,159247892.0
29.0,159258564.0
29.0,159269236.0
29.0,159279900.0
28.0,159290580.0
28.0,159301252.0
28.0,159311928.0
28.0,159322596.0
28.0,159333268.0
29.0,159343940.0
29.0,159354604.0
29.0,159365276.0
29.0,159375940.0
29.0,159386612.0
29.0,159397284.0
28.0,159407948.0
28.0,159418620.0
28.0,159429284.0
28.0,159439960.0
28.0,159450628.0
28.0,159461292.0
29.0,159471964.0
30.0,159482628.0
29.0,159493308.0
28.0,159503980.0
29.0,159514656.0
28.0,159525324.0
29.0,159535988.0
28.0,159546660.0
28.0,159557332.0
28.0,159568012.0
28.0,159578676.0
29.0,159589340.0
29.0,159600012.0
29.0,159610676.0
28.0,159621348.0
28.0,159632012.0
28.0,159642688.0
28.0,159653356.0
28.0,159664020.0
29.0,159674692.0
29.0,159685356.0
29.0,159696028.0
28.0,159706692.0
29.0,159717376.0
29.0,159728044.0
29.0,159738716.0
29.0,159749388.0
29.0,159760052.0
29.0,159770728.0
29.0,159781396.0
29.0,159792060.0
29.0,159802732.0
29.0,159813404.0
28.0,159824076.0
29.0,159834740.0
28.0,159845416.0
28.0,159856084.0
29.0,159866748.0
29.0,159877420.0
30.0,159888092.0
29.0,159898764.0
29.0,159909428.0
29.0,159920092.0
29.0,159930764.0
29.0,159941436.0
28.0,159952108.0
28.0,159962772.0
30.0,159973448.0
29.0,159984116.0
29.0,159994780.0
28.0,160005452.0
29.0,160016116.0
28.0,160026788.0
28.0,160037452.0
28.0,160048128.0
29.0,160058796.0
28.0,160069460.0
29.0,160080132.0
28.0,160090796.0
28.0,160101472.0
28.0,160112140.0
28.0,160122804.0
28.0,160133476.0
28.0,160144140.0
29.0,160154812.0
29.0,160165476.0
28.0,160176152.0
28.0,160186820.0
29.0,160197484.0
30.0,160208156.0
30.0,160218820.0
30.0,160229492.0
29.0,160240156.0
29.0,160250820.0
30.0,160261492.0
31.0,160272156.0
35.0,160282828.0
42.0,160293492.0
56.0,160304168.0
53.0,160314836.0
57.0,160325500.0
55.0,160336172.0
65.0,160346836.0
68.0,160357508.0
68.0,160368172.0
66.0,160378836.0
75.0,160389508.0
75.0,160400172.0
77.0,160410844.0
82.0,160421508.0
94.0,160432184.0
104.0,160442896.0
101.0,160453608.0
98.0,160464284.0
99.0,160474948.0
92.0,160485620.0
101.0,160496328.0
108.0,160507048.0
110.0,160517768.0
105.0,160528492.0
93.0,160539164.0
105.0,160549872.0
102.0,160560592.0
96.0,160571268.0
96.0,160581940.0
110.0,160592648.0
115.0,160603368.0
111.0,160614088.0
123.0,160624808.0
126.0,160635520.0
120.0,160646244.0
118.0,160656960.0
114.0,160667696.0
113.0,160678416.0
115.0,160689128.0
133.0,160699856.0
124.0,160710576.0
124.0,160721296.0
130.0,160732008.0
125.0,160742736.0
132.0,160753448.0
125.0,160764168.0
135.0,160774888.0
121.0,160785608.0
119.0,160796320.0
104.0,160807044.0
97.0,160817716.0
94.0,160828380.0
112.0,160839096.0
131.0,160849816.0
131.0,160860536.0
131.0,160871256.0
117.0,160881976.0
122.0,160892688.0
110.0,160903408.0
110.0,160914120.0
107.0,160924840.0
101.0,160935552.0
127.0,160946276.0
124.0,160956992.0
114.0,160967716.0
112.0,160978432.0
99.0,160989100.0
107.0,160999816.0
112.0,161010536.0
106.0,161021256.0
94.0,161031932.0
92.0,161042604.0
95.0,161053268.0
91.0,161063944.0
90.0,161074612.0
90.0,161085284.0
83.0,161095956.0
77.0,161106620.0
79.0,161117292.0
85.0,161127956.0
84.0,161138620.0
77.0,161149292.0
90.0,161159956.0
87.0,161170628.0
83.0,161181292.0
81.0,161191968.0
97.0,161202636.0
94.0,161213308.0
87.0,161223980.0
102.0,161234688.0
105.0,161245408.0
104.0,161256128.0
104.0,161266848.0
94.0,161277524.0
101.0,161288244.0
112.0,161298960.0
114.0,161309680.0
112.0,161320400.0
103.0,161331112.0
106.0,161341840.0
108.0,161352560.0
97.0,161363236.0
97.0,161373900.0
90.0,161384572.0
86.0,161395236.0
82.0,161405900.0
85.0,161416572.0
80.0,161427236.0
75.0,161437916.0
85.0,161448588.0
82.0,161459264.0
74.0,161469932.0
72.0,161480596.0
70.0,161491268.0
73.0,161501932.0
77.0,161512604.0
80.0,161523268.0
75.0,161533940.0
71.0,161544612.0
71.0,161555284.0
71.0,161565956.0
76.0,161576628.0
80.0,161587304.0
97.0,161597972.0
95.0,161608644.0
88.0,161619316.0
88.0,161629980.0
91.0,161640652.0
93.0,161651316.0
112.0,161662036.0
122.0,161672752.0
128.0,161683476.0
113.0,161694192.0
106.0,161704912.0
106.0,161715632.0
107.0,161726352.0
118.0,161737072.0
106.0,161747792.0
97.0,161758468.0
91.0,161769140.0
83.0,161779816.0
82.0,161790484.0
80.0,161801148.0
94.0,161811820.0
104.0,161822528.0
97.0,161833204.0
91.0,161843868.0
84.0,161854544.0
78.0,161865212.0
73.0,161875876.0
78.0,161886548.0
74.0,161897220.0
85.0,161907892.0
88.0,161918556.0
88.0,161929232.0
81.0,161939900.0
76.0,161950564.0
74.0,161961236.0
75.0,161971900.0
78.0,161982572.0
81.0,161993244.0
76.0,162003916.0
85.0,162014588.0
87.0,162025252.0
93.0,162035932.0
93.0,162046604.0
88.0,162057280.0
87.0,162067948.0
88.0,162078612.0
93.0,162089284.0
90.0,162099948.0
85.0,162110620.0
89.0,162121284.0
91.0,162131956.0
87.0,162142628.0
92.0,162153292.0
99.0,162163964.0
96.0,162174628.0
86.0,162185304.0
84.0,162195972.0
81.0,162206636.0
77.0,162217308.0
76.0,162227972.0
77.0,162238644.0
93.0,162249316.0
101.0,162260036.0
118.0,162270752.0
132.0,162281476.0
114.0,162292192.0
103.0,162302912.0
93.0,162313596.0
98.0,162324260.0
92.0,162334940.0
90.0,162345604.0
87.0,162356280.0
91.0,162366948.0
89.0,162377612.0
85.0,162388284.0
77.0,162398956.0
73.0,162409636.0
77.0,162420300.0
84.0,162430976.0
91.0,162441644.0
82.0,162452308.0
76.0,162462980.0
74.0,162473652.0
67.0,162484328.0
70.0,162494996.0
72.0,162505660.0
83.0,162516332.0
79.0,162526996.0
71.0,162537676.0
70.0,162548340.0
70.0,162559016.0
75.0,162569684.0
78.0,162580348.0
86.0,162591020.0
102.0,162601728.0
96.0,162612404.0
85.0,162623068.0
81.0,162633744.0
80.0,162644412.0
78.0,162655076.0
89.0,162665748.0
85.0,162676412.0
80.0,162687084.0
73.0,162697756.0
66.0,162708420.0
65.0,162719092.0
66.0,162729756.0
71.0,162740428.0
72.0,162751092.0
80.0,162761776.0
96.0,162772444.0
97.0,162783108.0
91.0,162793780.0
91.0,162804444.0
90.0,162815116.0
97.0,162825780.0
98.0,162836444.0
103.0,162847160.0
95.0,162857836.0
86.0,162868508.0
82.0,162879172.0
78.0,162889844.0
74.0,162900508.0
71.0,162911172.0
71.0,162921844.0
78.0,162932508.0
93.0,162943180.0
103.0,162953888.0
96.0,162964568.0
90.0,162975236.0
88.0,162985900.0
81.0,162996572.0
78.0,163007244.0
79.0,163017924.0
73.0,163028588.0
71.0,163039264.0
73.0,163049932.0
67.0,163060596.0
73.0,163071268.0
76.0,163081932.0
75.0,163092604.0
72.0,163103268.0
66.0,163113932.0
70.0,163124604.0
69.0,163135268.0
70.0,163145948.0
68.0,163156612.0
70.0,163167296.0
83.0,163177964.0
80.0,163188628.0
77.0,163199300.0
76.0,163209964.0
72.0,163220636.0
73.0,163231300.0
77.0,163241972.0
73.0,163252644.0
70.0,163263308.0
72.0,163273980.0
78.0,163284644.0
79.0,163295320.0
81.0,163305988.0
88.0,163316652.0
84.0,163327324.0
83.0,163337988.0
76.0,163348660.0
81.0,163359324.0
80.0,163370000.0
83.0,163380668.0
91.0,163391332.0
95.0,163402004.0
92.0,163412668.0
84.0,163423340.0
88.0,163434004.0
85.0,163444668.0
79.0,163455340.0
74.0,163466004.0
70.0,163476676.0
66.0,163487348.0
70.0,163498036.0
68.0,163508700.0
65.0,163519364.0
60.0,163530036.0
57.0,163540700.0
57.0,163551372.0
70.0,163562036.0
68.0,163572700.0
65.0,163583372.0
67.0,163594036.0
62.0,163604708.0
77.0,163615372.0
72.0,163626052.0
71.0,163636716.0
74.0,163647380.0
76.0,163658052.0
76.0,163668716.0
77.0,163679388.0
81.0,163690052.0
79.0,163700724.0
80.0,163711396.0
75.0,163722060.0
78.0,163732732.0
78.0,163743396.0
72.0,163754072.0
64.0,163764748.0
62.0,163775412.0
67.0,163786092.0
69.0,163796756.0
64.0,163807428.0
60.0,163818092.0
58.0,163828768.0
58.0,163839436.0
60.0,163850108.0
72.0,163860772.0
71.0,163871436.0
76.0,163882108.0
73.0,163892772.0
65.0,163903436.0
77.0,163914108.0
75.0,163924772.0
79.0,163935444.0
79.0,163946108.0
72.0,163956788.0
71.0,163967452.0
66.0,163978116.0
60.0,163988788.0
57.0,163999452.0
59.0,164010124.0
60.0,164020788.0
58.0,164031452.0
58.0,164042124.0
58.0,164052788.0
64.0,164063460.0
63.0,164074124.0
62.0,164084800.0
63.0,164095468.0
66.0,164106132.0
64.0,164116804.0
66.0,164127468.0
64.0,164138140.0
63.0,164148804.0
63.0,164159476.0
62.0,164170148.0
62.0,164180812.0
69.0,164191484.0
65.0,164202148.0
64.0,164212824.0
60.0,164223492.0
57.0,164234156.0
61.0,164244828.0
55.0,164255492.0
56.0,164266164.0
58.0,164276828.0
55.0,164287504.0
54.0,164298172.0
54.0,164308836.0
52.0,164319508.0
58.0,164330172.0
60.0,164340844.0
67.0,164351508.0
60.0,164362180.0
58.0,164372852.0
58.0,164383516.0
57.0,164394188.0
65.0,164404852.0
76.0,164415528.0
82.0,164426196.0
86.0,164436860.0
84.0,164447532.0
82.0,164458196.0
74.0,164468868.0
73.0,164479532.0
76.0,164490204.0
73.0,164500876.0
71.0,164511540.0
76.0,164522212.0
72.0,164532876.0
73.0,164543552.0
74.0,164554220.0
69.0,164564884.0
63.0,164575556.0
59.0,164586220.0
62.0,164596892.0
57.0,164607556.0
60.0,164618228.0
63.0,164628900.0
62.0,164639564.0
64.0,164650236.0
61.0,164660900.0
58.0,164671576.0
59.0,164682244.0
59.0,164692908.0
62.0,164703580.0
61.0,164714244.0
60.0,164724916.0
58.0,164735580.0
55.0,164746256.0
50.0,164756924.0
52.0,164767588.0
52.0,164778260.0
57.0,164788924.0
56.0,164799596.0
63.0,164810260.0
58.0,164820924.0
61.0,164831596.0
65.0,164842260.0
64.0,164852932.0
63.0,164863596.0
62.0,164874280.0
65.0,164884948.0
65.0,164895612.0
62.0,164906284.0
57.0,164916948.0
53.0,164927620.0
56.0,164938284.0
62.0,164948948.0
64.0,164959620.0
59.0,164970284.0
56.0,164980956.0
56.0,164991620.0
55.0,165002296.0
51.0,165012964.0
55.0,165023628.0
51.0,165034300.0
51.0,165044964.0
55.0,165055636.0
55.0,165066308.0
59.0,165076980.0
61.0,165087652.0
63.0,165098316.0
61.0,165108988.0
60.0,165119652.0
57.0,165130328.0
52.0,165140996.0
49.0,165151660.0
49.0,165162332.0
59.0,165172996.0
63.0,165183668.0
62.0,165194332.0
63.0,165205008.0
62.0,165215676.0
61.0,165226340.0
63.0,165237012.0
65.0,165247676.0
67.0,165258348.0
62.0,165269012.0
66.0,165279676.0
67.0,165290348.0
62.0,165301012.0
57.0,165311684.0
56.0,165322348.0
53.0,165333024.0
52.0,165343692.0
52.0,165354356.0
54.0,165365028.0
53.0,165375692.0
52.0,165386364.0
48.0,165397028.0
52.0,165407692.0
61.0,165418364.0
73.0,165429028.0
71.0,165439708.0
66.0,165450372.0
63.0,165461048.0
60.0,165471716.0
61.0,165482388.0
59.0,165493060.0
61.0,165503724.0
63.0,165514396.0
60.0,165525060.0
61.0,165535732.0
58.0,165546404.0
56.0,165557068.0
59.0,165567740.0
62.0,165578404.0
68.0,165589080.0
66.0,165599748.0
60.0,165610412.0
61.0,165621084.0
69.0,165631748.0
74.0,165642420.0
86.0,165653084.0
83.0,165663760.0
85.0,165674428.0
82.0,165685092.0
83.0,165695764.0
79.0,165706428.0
79.0,165717100.0
76.0,165727764.0
71.0,165738428.0
72.0,165749100.0
66.0,165759772.0
72.0,165770452.0
70.0,165781116.0
68.0,165791792.0
68.0,165802460.0
65.0,165813124.0
66.0,165823796.0
62.0,165834468.0
61.0,165845140.0
57.0,165855804.0
54.0,165866476.0
56.0,165877148.0
59.0,165887812.0
69.0,165898484.0
71.0,165909148.0
68.0,165919824.0
66.0,165930492.0
67.0,165941156.0
69.0,165951828.0
64.0,165962492.0
62.0,165973164.0
60.0,165983828.0
62.0,165994504.0
69.0,166005172.0
74.0,166015836.0
70.0,166026508.0
74.0,166037172.0
90.0,166047848.0
115.0,166058560.0
100.0,166069284.0
95.0,166079956.0
89.0,166090620.0
83.0,166101292.0
85.0,166111956.0
84.0,166122636.0
94.0,166133300.0
97.0,166143964.0
95.0,166154636.0
98.0,166165300.0
96.0,166175972.0
88.0,166186636.0
80.0,166197312.0
72.0,166207980.0
85.0,166218644.0
85.0,166229316.0
94.0,166239988.0
87.0,166250668.0
87.0,166261332.0
85.0,166272008.0
96.0,166282676.0
105.0,166293384.0
102.0,166304104.0
101.0,166314816.0
109.0,166325536.0
114.0,166336256.0
101.0,166346976.0
99.0,166357652.0
92.0,166368328.0
83.0,166378996.0
92.0,166389660.0
85.0,166400332.0
89.0,166410996.0
94.0,166421668.0
84.0,166432332.0
81.0,166443008.0
73.0,166453676.0
69.0,166464340.0
72.0,166475004.0
76.0,166485668.0
71.0,166496348.0
72.0,166507012.0
75.0,166517676.0
77.0,166528348.0
74.0,166539012.0
70.0,166549684.0
66.0,166560348.0
66.0,166571024.0
73.0,166581692.0
73.0,166592356.0
70.0,166603028.0
68.0,166613692.0
71.0,166624364.0
74.0,166635028.0
71.0,166645692.0
65.0,166656364.0
66.0,166667028.0
67.0,166677700.0
66.0,166688364.0
62.0,166699044.0
66.0,166709708.0
70.0,166720372.0
72.0,166731044.0
81.0,166741708.0
81.0,166752380.0
78.0,166763044.0
75.0,166773708.0
71.0,166784380.0
82.0,166795044.0
81.0,166805724.0
80.0,166816388.0
74.0,166827068.0
72.0,166837732.0
83.0,166848396.0
76.0,166859068.0
75.0,166869740.0
73.0,166880412.0
70.0,166891076.0
79.0,166901748.0
85.0,166912420.0
88.0,166923084.0
95.0,166933756.0
98.0,166944420.0
100.0,166955140.0
92.0,166965812.0
89.0,166976476.0
90.0,166987148.0
102.0,166997856.0
108.0,167008576.0
111.0,167019296.0
114.0,167030024.0
104.0,167040744.0
108.0,167051464.0
99.0,167062140.0
109.0,167072860.0
106.0,167083576.0
97.0,167094252.0
91.0,167104924.0
87.0,167115588.0
80.0,167126260.0
77.0,167136924.0
85.0,167147600.0
77.0,167158268.0
72.0,167168932.0
84.0,167179604.0
81.0,167190268.0
82.0,167200940.0
84.0,167211604.0
79.0,167222280.0
79.0,167232948.0
79.0,167243612.0
75.0,167254284.0
70.0,167264948.0
71.0,167275628.0
75.0,167286292.0
81.0,167296956.0
82.0,167307628.0
75.0,167318292.0
69.0,167328964.0
82.0,167339628.0
87.0,167350304.0
81.0,167360972.0
77.0,167371636.0
70.0,167382308.0
70.0,167392980.0
62.0,167403652.0
63.0,167414316.0
73.0,167424988.0
80.0,167435660.0
90.0,167446324.0
83.0,167456996.0
78.0,167467660.0
72.0,167478336.0
73.0,167489004.0
73.0,167499668.0
72.0,167510340.0
81.0,167521004.0
82.0,167531676.0
77.0,167542340.0
81.0,167553012.0
81.0,167563684.0
76.0,167574348.0
72.0,167585020.0
69.0,167595692.0
76.0,167606372.0
83.0,167617036.0
79.0,167627700.0
106.0,167638416.0
100.0,167649136.0
94.0,167659812.0
88.0,167670476.0
79.0,167681148.0
95.0,167691812.0
91.0,167702476.0
86.0,167713148.0
79.0,167723812.0
72.0,167734492.0
73.0,167745156.0
69.0,167755832.0
70.0,167766500.0
65.0,167777164.0
64.0,167787836.0
65.0,167798500.0
72.0,167809172.0
68.0,167819836.0
61.0,167830500.0
57.0,167841172.0
56.0,167851836.0
51.0,167862508.0
47.0,167873172.0
44.0,167883848.0
40.0,167894516.0
40.0,167905180.0
41.0,167915852.0
49.0,167926516.0
50.0,167937188.0
49.0,167947852.0
50.0,167958528.0
54.0,167969196.0
50.0,167979860.0
54.0,167990532.0
60.0,168001196.0
55.0,168011872.0
55.0,168022540.0
57.0,168033204.0
54.0,168043876.0
52.0,168054540.0
48.0,168065212.0
46.0,168075876.0
46.0,168086552.0
44.0,168097220.0
44.0,168107884.0
42.0,168118556.0
40.0,168129220.0
38.0,168139892.0
40.0,168150556.0
41.0,168161220.0
48.0,168171892.0
47.0,168182556.0
47.0,168193228.0
47.0,168203892.0
46.0,168214568.0
47.0,168225236.0
49.0,168235900.0
58.0,168246572.0
63.0,168257236.0
63.0,168267908.0
60.0,168278572.0
58.0,168289236.0
57.0,168299908.0
57.0,168310572.0
56.0,168321244.0
63.0,168331908.0
60.0,168342584.0
59.0,168353252.0
62.0,168363916.0
57.0,168374588.0
58.0,168385252.0
56.0,168395924.0
55.0,168406588.0
52.0,168417252.0
52.0,168427924.0
54.0,168438588.0
52.0,168449260.0
51.0,168459924.0
51.0,168470600.0
49.0,168481268.0
48.0,168491932.0
50.0,168502604.0
57.0,168513268.0
62.0,168523940.0
59.0,168534604.0
56.0,168545280.0
54.0,168555948.0
52.0,168566612.0
50.0,168577284.0
50.0,168587948.0
57.0,168598624.0
58.0,168609292.0
63.0,168619956.0
63.0,168630628.0
57.0,168641292.0
55.0,168651964.0
54.0,168662628.0
51.0,168673304.0
52.0,168683972.0
48.0,168694636.0
46.0,168705308.0
48.0,168715972.0
53.0,168726644.0
58.0,168737308.0
58.0,168747972.0
60.0,168758644.0
64.0,168769308.0
60.0,168779980.0
56.0,168790644.0
59.0,168801320.0
58.0,168811988.0
59.0,168822652.0
61.0,168833324.0
60.0,168843988.0
60.0,168854660.0
57.0,168865324.0
59.0,168875988.0
57.0,168886660.0
52.0,168897324.0
52.0,168907996.0
55.0,168918668.0
57.0,168929344.0
55.0,168940012.0
54.0,168950676.0
52.0,168961348.0
50.0,168972012.0
50.0,168982684.0
52.0,168993348.0
53.0,169004020.0
51.0,169014692.0
53.0,169025356.0
51.0,169036028.0
48.0,169046692.0
44.0,169057368.0
46.0,169068036.0
48.0,169078700.0
46.0,169089372.0
43.0,169100036.0
54.0,169110708.0
62.0,169121372.0
58.0,169132048.0
56.0,169142716.0
52.0,169153380.0
50.0,169164052.0
53.0,169174716.0
60.0,169185388.0
55.0,169196052.0
52.0,169206716.0
54.0,169217388.0
55.0,169228052.0
52.0,169238724.0
50.0,169249388.0
47.0,169260064.0
50.0,169270732.0
54.0,169281396.0
58.0,169292068.0
55.0,169302732.0
74.0,169313404.0
87.0,169324068.0
82.0,169334732.0
76.0,169345404.0
72.0,169356068.0
70.0,169366748.0
68.0,169377412.0
67.0,169388088.0
66.0,169398756.0
69.0,169409420.0
63.0,169420092.0
62.0,169430756.0
60.0,169441428.0
71.0,169452092.0
68.0,169462756.0
76.0,169473428.0
75.0,169484092.0
71.0,169494764.0
71.0,169505428.0
66.0,169516104.0
65.0,169526772.0
65.0,169537436.0
67.0,169548108.0
62.0,169558772.0
73.0,169569444.0
76.0,169580108.0
70.0,169590784.0
66.0,169601452.0
63.0,169612116.0
60.0,169622788.0
61.0,169633452.0
71.0,169644128.0
70.0,169654796.0
69.0,169665460.0
76.0,169676132.0
71.0,169686796.0
72.0,169697468.0
67.0,169708132.0
69.0,169718808.0
68.0,169729476.0
71.0,169740140.0
65.0,169750812.0
63.0,169761476.0
64.0,169772148.0
64.0,169782812.0
63.0,169793476.0
59.0,169804148.0
56.0,169814812.0
64.0,169825484.0
58.0,169836148.0
60.0,169846824.0
61.0,169857492.0
62.0,169868156.0
63.0,169878828.0
66.0,169889492.0
63.0,169900164.0
66.0,169910828.0
64.0,169921492.0
59.0,169932164.0
53.0,169942828.0
51.0,169953500.0
57.0,169964164.0
57.0,169974840.0
57.0,169985508.0
60.0,169996172.0
63.0,170006844.0
57.0,170017508.0
59.0,170028180.0
53.0,170038844.0
52.0,170049508.0
50.0,170060180.0
49.0,170070844.0
49.0,170081516.0
46.0,170092180.0
44.0,170102856.0
42.0,170113524.0
42.0,170124188.0
44.0,170134860.0
45.0,170145524.0
42.0,170156196.0
40.0,170166860.0
41.0,170177536.0
41.0,170188204.0
44.0,170198876.0
45.0,170209548.0
45.0,170220212.0
45.0,170230888.0
43.0,170241556.0
42.0,170252220.0
42.0,170262892.0
44.0,170273556.0
47.0,170284228.0
49.0,170294892.0
45.0,170305568.0
44.0,170316236.0
46.0,170326908.0
41.0,170337580.0
41.0,170348244.0
39.0,170358916.0
38.0,170369588.0
36.0,170380252.0
38.0,170390924.0
37.0,170401588.0
37.0,170412260.0
49.0,170422924.0
45.0,170433600.0
41.0,170444268.0
39.0,170454932.0
37.0,170465604.0
38.0,170476268.0
35.0,170486940.0
34.0,170497604.0
32.0,170508268.0
33.0,170518940.0
33.0,170529604.0
34.0,170540276.0
37.0,170550940.0
37.0,170561616.0
36.0,170572276.0
35.0,170582940.0
33.0,170593612.0
32.0,170604276.0
32.0,170614948.0
34.0,170625612.0
32.0,170636288.0
32.0,170646956.0
31.0,170657620.0
33.0,170668292.0
34.0,170678956.0
33.0,170689632.0
33.0,170700300.0
33.0,170710972.0
31.0,170721644.0
30.0,170732308.0
30.0,170742980.0
31.0,170753644.0
31.0,170764320.0
30.0,170774988.0
30.0,170785652.0
30.0,170796324.0
29.0,170806988.0
29.0,170817660.0
29.0,170828324.0
30.0,170838988.0
30.0,170849660.0
30.0,170860324.0
30.0,170871004.0
32.0,170881668.0
30.0,170892344.0
31.0,170903012.0
30.0,170913676.0
30.0,170924348.0
30.0,170935012.0
29.0,170945684.0
31.0,170956348.0
31.0,170967020.0
31.0,170977692.0
31.0,170988356.0
31.0,170999028.0
32.0,171009692.0
31.0,171020368.0
30.0,171031036.0
31.0,171041700.0
31.0,171052372.0
30.0,171063036.0
29.0,171073708.0
32.0,171084372.0
31.0,171095048.0
31.0,171105716.0
31.0,171116380.0
31.0,171127052.0
31.0,171137716.0
31.0,171148392.0
30.0,171159060.0
29.0,171169724.0
30.0,171180396.0
29.0,171191068.0
29.0,171201740.0
29.0,171212404.0
29.0,171223080.0
30.0,171233748.0
30.0,171244412.0
30.0,171255084.0
30.0,171265748.0
29.0,171276420.0
30.0,171287084.0
29.0,171297748.0
30.0,171308420.0
29.0,171319084.0
29.0,171329756.0
29.0,171340420.0
29.0,171351096.0
29.0,171361764.0
30.0,171372428.0
30.0,171383100.0
29.0,171393764.0
30.0,171404436.0
30.0,171415100.0
30.0,171425772.0
30.0,171436444.0
30.0,171447108.0
30.0,171457780.0
30.0,171468444.0
30.0,171479120.0
29.0,171489788.0
29.0,171500452.0
30.0,171511124.0
30.0,171521788.0
31.0,171532460.0
31.0,171543124.0
30.0,171553800.0
30.0,171564468.0
31.0,171575132.0
31.0,171585804.0
31.0,171596468.0
31.0,171607144.0
31.0,171617812.0
30.0,171628476.0
30.0,171639148.0
30.0,171649812.0
29.0,171660484.0
29.0,171671148.0
29.0,171681824.0
29.0,171692492.0
30.0,171703156.0
30.0,171713828.0
30.0,171724492.0
30.0,171735164.0
30.0,171745828.0
30.0,171756492.0
29.0,171767164.0
29.0,171777828.0
29.0,171788508.0
29.0,171799172.0
29.0,171809848.0
29.0,171820516.0
30.0,171831180.0
29.0,171841852.0
29.0,171852516.0
28.0,171863188.0
29.0,171873852.0
30.0,171884516.0
29.0,171895188.0
28.0,171905860.0
29.0,171916532.0
29.0,171927204.0
28.0,171937880.0
28.0,171948548.0
28.0,171959212.0
29.0,171969884.0
30.0,171980548.0
30.0,171991228.0
30.0,172001892.0
29.0,172012568.0
30.0,172023236.0
29.0,172033900.0
30.0,172044572.0
30.0,172055236.0
30.0,172065908.0
32.0,172076572.0
32.0,172087236.0
33.0,172097908.0
33.0,172108572.0
32.0,172119244.0
33.0,172129908.0
34.0,172140584.0
32.0,172151252.0
32.0,172161916.0
32.0,172172588.0
32.0,172183252.0
31.0,172193924.0
31.0,172204588.0
31.0,172215252.0
31.0,172225924.0
30.0,172236588.0
30.0,172247260.0
30.0,172257924.0
30.0,172268600.0
29.0,172279268.0
30.0,172289932.0
30.0,172300604.0
29.0,172311268.0
29.0,172321940.0
31.0,172332604.0
30.0,172343276.0
29.0,172353948.0
29.0,172364612.0
29.0,172375284.0
29.0,172385948.0
29.0,172396624.0
28.0,172407292.0
29.0,172417956.0
28.0,172428628.0
28.0,172439292.0
29.0,172449964.0
30.0,172460628.0
29.0,172471304.0
28.0,172481972.0
29.0,172492636.0
29.0,172503308.0
28.0,172513972.0
28.0,172524648.0
28.0,172535316.0
30.0,172545988.0
29.0,172556660.0
28.0,172567324.0
29.0,172577996.0
28.0,172588660.0
28.0,172599336.0
28.0,172610004.0
28.0,172620668.0
29.0,172631340.0
29.0,172642004.0
30.0,172652676.0
29.0,172663340.0
29.0,172674012.0
29.0,172684684.0
30.0,172695348.0
29.0,172706020.0
29.0,172716684.0
30.0,172727360.0
29.0,172738028.0
29.0,172748692.0
30.0,172759364.0
29.0,172770028.0
29.0,172780700.0
29.0,172791364.0
28.0,172802036.0
28.0,172812708.0
29.0,172823372.0
29.0,172834044.0
29.0,172844708.0
29.0,172855384.0
29.0,172866052.0
29.0,172876716.0
28.0,172887388.0
28.0,172898052.0
28.0,172908724.0
28.0,172919388.0
28.0,172930064.0
29.0,172940732.0
28.0,172951396.0
28.0,172962068.0
29.0,172972732.0
29.0,172983404.0
29.0,172994068.0
30.0,173004732.0
30.0,173015404.0
30.0,173026068.0
29.0,173036740.0
30.0,173047404.0
30.0,173058080.0
29.0,173068748.0
29.0,173079412.0
29.0,173090084.0
29.0,173100748.0
29.0,173111420.0
28.0,173122084.0
29.0,173132748.0
28.0,173143420.0
29.0,173154084.0
29.0,173164756.0
29.0,173175420.0
30.0,173186096.0
30.0,173196764.0
29.0,173207428.0
30.0,173218100.0
30.0,173228764.0
30.0,173239436.0
30.0,173250100.0
30.0,173260764.0
29.0,173271436.0
30.0,173282100.0
30.0,173292772.0
29.0,173303436.0
29.0,173314112.0
29.0,173324780.0
29.0,173335444.0
29.0,173346116.0
29.0,173356780.0
29.0,173367452.0
30.0,173378116.0
30.0,173388788.0
29.0,173399460.0
30.0,173410124.0
30.0,173420796.0
30.0,173431468.0
29.0,173442144.0
29.0,173452812.0
29.0,173463476.0
30.0,173474148.0
30.0,173484812.0
30.0,173495484.0
30.0,173506148.0
30.0,173516824.0
31.0,173527492.0
30.0,173538156.0
30.0,173548828.0
29.0,173559492.0
29.0,173570164.0
30.0,173580828.0
30.0,173591492.0
30.0,173602164.0
29.0,173612828.0
29.0,173623500.0
29.0,173634164.0
29.0,173644840.0
29.0,173655508.0
29.0,173666172.0
29.0,173676844.0
29.0,173687508.0
29.0,173698180.0
29.0,173708844.0
31.0,173719508.0
30.0,173730180.0
31.0,173740844.0
30.0,173751516.0
31.0,173762188.0
31.0,173772864.0
30.0,173783532.0
30.0,173794196.0
30.0,173804868.0
29.0,173815532.0
30.0,173826204.0
29.0,173836868.0
29.0,173847540.0
30.0,173858212.0
30.0,173868876.0
31.0,173879548.0
30.0,173890212.0
30.0,173900888.0
29.0,173911556.0
30.0,173922220.0
30.0,173932892.0
30.0,173943556.0
30.0,173954228.0
30.0,173964892.0
30.0,173975568.0
31.0,173986236.0
30.0,173996900.0
30.0,174007572.0
29.0,174018236.0
29.0,174028908.0
29.0,174039572.0
29.0,174050236.0
29.0,174060908.0
32.0,174071572.0
30.0,174082244.0
31.0,174092908.0
31.0,174103584.0
30.0,174114252.0
30.0,174124916.0
30.0,174135588.0
30.0,174146252.0
30.0,174156924.0
30.0,174167588.0
30.0,174178252.0
29.0,174188924.0
29.0,174199588.0
29.0,174210268.0
30.0,174220932.0
30.0,174231608.0
30.0,174242276.0
29.0,174252940.0
29.0,174263612.0
29.0,174274276.0
30.0,174284948.0
29.0,174295612.0
29.0,174306276.0
29.0,174316948.0
30.0,174327612.0
30.0,174338284.0
51.0,174348948.0
49.0,174359624.0
47.0,174370292.0
43.0,174380956.0
41.0,174391628.0
41.0,174402292.0
38.0,174412964.0
35.0,174423628.0
34.0,174434304.0
33.0,174444972.0
33.0,174455636.0
32.0,174466308.0
31.0,174476972.0
30.0,174487648.0
31.0,174498316.0
30.0,174508980.0
30.0,174519652.0
31.0,174530316.0
31.0,174540988.0
30.0,174551652.0
30.0,174562328.0
30.0,174572996.0
30.0,174583660.0
29.0,174594332.0
29.0,174604996.0
29.0,174615668.0
30.0,174626332.0
29.0,174636996.0
32.0,174647668.0
37.0,174658332.0
36.0,174669004.0
36.0,174679668.0
33.0,174690344.0
33.0,174701012.0
33.0,174711676.0
32.0,174722348.0
32.0,174733012.0
31.0,174743684.0
31.0,174754348.0
30.0,174765012.0
30.0,174775684.0
30.0,174786348.0
30.0,174797020.0
30.0,174807684.0
31.0,174818360.0
31.0,174829028.0
30.0,174839692.0
38.0,174850364.0
36.0,174861028.0
34.0,174871700.0
33.0,174882364.0
32.0,174893028.0
33.0,174903700.0
31.0,174914364.0
31.0,174925036.0
30.0,174935700.0
30.0,174946376.0
30.0,174957044.0
29.0,174967708.0
29.0,174978380.0
29.0,174989044.0
29.0,174999716.0
30.0,175010380.0
30.0,175021056.0
30.0,175031724.0
30.0,175042396.0
29.0,175053068.0
29.0,175063732.0
30.0,175074408.0
31.0,175085076.0
31.0,175095740.0
30.0,175106412.0
30.0,175117076.0
30.0,175127748.0
30.0,175138412.0
32.0,175149088.0
31.0,175159756.0
31.0,175170428.0
30.0,175181100.0
30.0,175191764.0
30.0,175202436.0
30.0,175213100.0
31.0,175223764.0
32.0,175234436.0
31.0,175245100.0
30.0,175255772.0
30.0,175266444.0
31.0,175277120.0
30.0,175287788.0
30.0,175298460.0
29.0,175309132.0
29.0,175319796.0
31.0,175330468.0
30.0,175341132.0
30.0,175351808.0
29.0,175362476.0
29.0,175373140.0
29.0,175383812.0
29.0,175394476.0
29.0,175405152.0
29.0,175415820.0
30.0,175426484.0
30.0,175437156.0
30.0,175447820.0
32.0,175458492.0
31.0,175469156.0
31.0,175479832.0
33.0,175490500.0
32.0,175501164.0
32.0,175511836.0
32.0,175522500.0
35.0,175533172.0
34.0,175543836.0
32.0,175554500.0
33.0,175565172.0
32.0,175575836.0
31.0,175586508.0
31.0,175597180.0
34.0,175607856.0
34.0,175618524.0
40.0,175629188.0
49.0,175639860.0
57.0,175650524.0
56.0,175661196.0
51.0,175671860.0
47.0,175682532.0
48.0,175693204.0
47.0,175703868.0
54.0,175714540.0
76.0,175725204.0
78.0,175735880.0
74.0,175746548.0
70.0,175757212.0
64.0,175767884.0
75.0,175778548.0
69.0,175789220.0
71.0,175799884.0
70.0,175810564.0
83.0,175821228.0
90.0,175831892.0
81.0,175842564.0
79.0,175853228.0
72.0,175863904.0
70.0,175874572.0
79.0,175885236.0
90.0,175895908.0
94.0,175906572.0
87.0,175917244.0
92.0,175927916.0
94.0,175938592.0
88.0,175949260.0
103.0,175959968.0
111.0,175970696.0
101.0,175981416.0
106.0,175992136.0
123.0,176002856.0
120.0,176013576.0
118.0,176024296.0
121.0,176035016.0
113.0,176045736.0
118.0,176056460.0
129.0,176067184.0
123.0,176077908.0
116.0,176088624.0
108.0,176099348.0
110.0,176110064.0
104.0,176120784.0
99.0,176131460.0
95.0,176142124.0
107.0,176152840.0
116.0,176163552.0
103.0,176174272.0
92.0,176184940.0
85.0,176195616.0
94.0,176206284.0
93.0,176216948.0
96.0,176227620.0
92.0,176238284.0
88.0,176248956.0
84.0,176259620.0
86.0,176270284.0
80.0,176280956.0
82.0,176291620.0
98.0,176302300.0
93.0,176312964.0
84.0,176323640.0
79.0,176334308.0
79.0,176344972.0
80.0,176355644.0
81.0,176366308.0
81.0,176376980.0
77.0,176387644.0
80.0,176398308.0
74.0,176408980.0
74.0,176419644.0
83.0,176430316.0
112.0,176441024.0
104.0,176451744.0
97.0,176462420.0
86.0,176473096.0
88.0,176483764.0
80.0,176494428.0
71.0,176505100.0
71.0,176515764.0
76.0,176526440.0
73.0,176537108.0
70.0,176547772.0
67.0,176558444.0
66.0,176569108.0
84.0,176579780.0
81.0,176590444.0
78.0,176601120.0
77.0,176611788.0
72.0,176622452.0
69.0,176633124.0
67.0,176643788.0
65.0,176654460.0
64.0,176665124.0
75.0,176675788.0
86.0,176686460.0
80.0,176697124.0
77.0,176707804.0
73.0,176718468.0
71.0,176729144.0
78.0,176739812.0
89.0,176750484.0
80.0,176761156.0
73.0,176771828.0
82.0,176782500.0
83.0,176793164.0
75.0,176803840.0
76.0,176814508.0
82.0,176825172.0
78.0,176835844.0
72.0,176846508.0
67.0,176857184.0
66.0,176867852.0
66.0,176878516.0
71.0,176889188.0
82.0,176899860.0
74.0,176910532.0
67.0,176921196.0
64.0,176931872.0
69.0,176942540.0
68.0,176953204.0
71.0,176963876.0
83.0,176974540.0
76.0,176985212.0
68.0,176995876.0
64.0,177006540.0
61.0,177017212.0
63.0,177027876.0
63.0,177038556.0
69.0,177049220.0
69.0,177059896.0
84.0,177070564.0
79.0,177081228.0
81.0,177091900.0
74.0,177102564.0
72.0,177113236.0
68.0,177123900.0
74.0,177134564.0
76.0,177145236.0
74.0,177155900.0
71.0,177166572.0
70.0,177177236.0
74.0,177187916.0
73.0,177198580.0
75.0,177209244.0
78.0,177219916.0
79.0,177230580.0
72.0,177241252.0
72.0,177251916.0
69.0,177262592.0
66.0,177273260.0
60.0,177283924.0
59.0,177294596.0
57.0,177305260.0
57.0,177315936.0
66.0,177326604.0
64.0,177337268.0
68.0,177347940.0
67.0,177358604.0
80.0,177369276.0
90.0,177379940.0
79.0,177390616.0
70.0,177401284.0
67.0,177411948.0
76.0,177422620.0
70.0,177433284.0
72.0,177443956.0
71.0,177454620.0
62.0,177465284.0
65.0,177475956.0
66.0,177486620.0
64.0,177497292.0
62.0,177507956.0
67.0,177518632.0
67.0,177529300.0
65.0,177539964.0
64.0,177550636.0
62.0,177561300.0
62.0,177571980.0
61.0,177582644.0
63.0,177593308.0
64.0,177603980.0
65.0,177614644.0
65.0,177625316.0
64.0,177635980.0
72.0,177646660.0
65.0,177657324.0
65.0,177667988.0
81.0,177678660.0
82.0,177689324.0
75.0,177699996.0
75.0,177710660.0
81.0,177721332.0
78.0,177732004.0
77.0,177742668.0
78.0,177753340.0
84.0,177764004.0
75.0,177774680.0
75.0,177785348.0
71.0,177796012.0
67.0,177806684.0
75.0,177817348.0
73.0,177828020.0
66.0,177838684.0
62.0,177849360.0
68.0,177860028.0
76.0,177870692.0
68.0,177881364.0
67.0,177892028.0
64.0,177902700.0
69.0,177913364.0
68.0,177924028.0
68.0,177934700.0
69.0,177945364.0
69.0,177956036.0
62.0,177966700.0
59.0,177977376.0
57.0,177988044.0
54.0,177998708.0
49.0,178009380.0
54.0,178020044.0
60.0,178030716.0
65.0,178041380.0
64.0,178052044.0
66.0,178062716.0
62.0,178073380.0
62.0,178084060.0
62.0,178094724.0
67.0,178105400.0
62.0,178116068.0
61.0,178126732.0
57.0,178137404.0
57.0,178148068.0
55.0,178158740.0
54.0,178169404.0
80.0,178180076.0
75.0,178190748.0
71.0,178201412.0
65.0,178212084.0
66.0,178222748.0
65.0,178233424.0
76.0,178244092.0
71.0,178254756.0
74.0,178265428.0
69.0,178276092.0
65.0,178286764.0
64.0,178297428.0
59.0,178308104.0
58.0,178318772.0
59.0,178329436.0
59.0,178340108.0
63.0,178350772.0
60.0,178361448.0
64.0,178372116.0
63.0,178382780.0
72.0,178393452.0
70.0,178404124.0
69.0,178414796.0
73.0,178425460.0
65.0,178436136.0
58.0,178446804.0
54.0,178457468.0
60.0,178468140.0
63.0,178478804.0
64.0,178489476.0
63.0,178500140.0
64.0,178510804.0
62.0,178521476.0
59.0,178532140.0
58.0,178542812.0
57.0,178553484.0
57.0,178564160.0
57.0,178574828.0
55.0,178585500.0
54.0,178596172.0
50.0,178606836.0
47.0,178617508.0
44.0,178628172.0
47.0,178638848.0
55.0,178649516.0
53.0,178660188.0
63.0,178670860.0
84.0,178681524.0
79.0,178692204.0
80.0,178702868.0
71.0,178713532.0
68.0,178724204.0
68.0,178734868.0
80.0,178745540.0
77.0,178756212.0
72.0,178766892.0
70.0,178777556.0
64.0,178788220.0
62.0,178798892.0
57.0,178809556.0
62.0,178820228.0
64.0,178830892.0
65.0,178841556.0
64.0,178852228.0
62.0,178862892.0
58.0,178873564.0
59.0,178884228.0
62.0,178894904.0
68.0,178905572.0
66.0,178916236.0
60.0,178926908.0
61.0,178937572.0
64.0,178948252.0
71.0,178958916.0
74.0,178969588.0
67.0,178980260.0
66.0,178990924.0
66.0,179001596.0
62.0,179012260.0
62.0,179022936.0
59.0,179033604.0
59.0,179044268.0
56.0,179054940.0
54.0,179065604.0
54.0,179076276.0
55.0,179086948.0
57.0,179097624.0
60.0,179108292.0
57.0,179118956.0
63.0,179129628.0
59.0,179140292.0
56.0,179150964.0
55.0,179161628.0
53.0,179172292.0
51.0,179182964.0
47.0,179193628.0
46.0,179204300.0
47.0,179214964.0
44.0,179225640.0
48.0,179236308.0
45.0,179246972.0
42.0,179257644.0
41.0,179268308.0
42.0,179278980.0
44.0,179289644.0
44.0,179300308.0
50.0,179310980.0
48.0,179321644.0
47.0,179332316.0
49.0,179342980.0
47.0,179353656.0
47.0,179364324.0
48.0,179374988.0
51.0,179385660.0
56.0,179396324.0
56.0,179406996.0
57.0,179417660.0
56.0,179428324.0
52.0,179438996.0
56.0,179449660.0
58.0,179460332.0
54.0,179470996.0
60.0,179481672.0
56.0,179492340.0
51.0,179503004.0
52.0,179513676.0
53.0,179524340.0
51.0,179535012.0
50.0,179545684.0
50.0,179556360.0
53.0,179567028.0
60.0,179577700.0
59.0,179588372.0
58.0,179599036.0
54.0,179609708.0
54.0,179620372.0
53.0,179631036.0
50.0,179641708.0
53.0,179652372.0
57.0,179663044.0
55.0,179673708.0
54.0,179684384.0
60.0,179695052.0
62.0,179705716.0
65.0,179716388.0
58.0,179727052.0
59.0,179737724.0
55.0,179748388.0
52.0,179759052.0
55.0,179769724.0
66.0,179780388.0
64.0,179791068.0
65.0,179801732.0
60.0,179812408.0
55.0,179823076.0
56.0,179833740.0
52.0,179844412.0
55.0,179855076.0
56.0,179865748.0
53.0,179876412.0
52.0,179887076.0
57.0,179897748.0
63.0,179908412.0
60.0,179919084.0
56.0,179929748.0
53.0,179940424.0
54.0,179951092.0
54.0,179961764.0
53.0,179972436.0
53.0,179983100.0
54.0,179993772.0
57.0,180004436.0
56.0,180015112.0
57.0,180025780.0
55.0,180036444.0
51.0,180047116.0
51.0,180057788.0
49.0,180068460.0
52.0,180079124.0
48.0,180089796.0
57.0,180100468.0
54.0,180111132.0
49.0,180121804.0
45.0,180132468.0
42.0,180143144.0
44.0,180153812.0
45.0,180164476.0
47.0,180175148.0
50.0,180185812.0
48.0,180196484.0
47.0,180207148.0
51.0,180217812.0
54.0,180228484.0
52.0,180239148.0
53.0,180249820.0
53.0,180260484.0
53.0,180271160.0
50.0,180281828.0
50.0,180292492.0
50.0,180303164.0
48.0,180313828.0
47.0,180324500.0
48.0,180335164.0
47.0,180345828.0
45.0,180356500.0
50.0,180367164.0
55.0,180377836.0
54.0,180388500.0
51.0,180399176.0
51.0,180409844.0
53.0,180420508.0
50.0,180431180.0
53.0,180441844.0
49.0,180452516.0
49.0,180463180.0
49.0,180473856.0
48.0,180484524.0
50.0,180495188.0
50.0,180505860.0
52.0,180516524.0
58.0,180527200.0
59.0,180537868.0
56.0,180548532.0
59.0,180559204.0
57.0,180569868.0
56.0,180580540.0
57.0,180591204.0
53.0,180601880.0
50.0,180612548.0
55.0,180623212.0
58.0,180633884.0
55.0,180644548.0
54.0,180655220.0
60.0,180665884.0
60.0,180676548.0
56.0,180687220.0
56.0,180697884.0
55.0,180708556.0
54.0,180719220.0
52.0,180729896.0
50.0,180740564.0
49.0,180751228.0
53.0,180761900.0
50.0,180772564.0
54.0,180783236.0
52.0,180793900.0
52.0,180804564.0
49.0,180815236.0
48.0,180825900.0
45.0,180836572.0
48.0,180847236.0
52.0,180857912.0
63.0,180868580.0
57.0,180879244.0
52.0,180889916.0
54.0,180900580.0
53.0,180911252.0
55.0,180921916.0
60.0,180932580.0
56.0,180943252.0
59.0,180953916.0
60.0,180964588.0
55.0,180975252.0
51.0,180985928.0
51.0,180996596.0
52.0,181007260.0
55.0,181017932.0
61.0,181028596.0
64.0,181039268.0
58.0,181049940.0
56.0,181060616.0
52.0,181071284.0
51.0,181081948.0
47.0,181092620.0
45.0,181103284.0
48.0,181113960.0
51.0,181124628.0
62.0,181135292.0
70.0,181145964.0
67.0,181156628.0
60.0,181167300.0
56.0,181177964.0
54.0,181188640.0
50.0,181199308.0
53.0,181209980.0
56.0,181220652.0
51.0,181231316.0
48.0,181241988.0
49.0,181252660.0
46.0,181263324.0
45.0,181273996.0
49.0,181284660.0
48.0,181295332.0
53.0,181305996.0
51.0,181316672.0
54.0,181327340.0
59.0,181338004.0
58.0,181348676.0
55.0,181359340.0
49.0,181370012.0
51.0,181380676.0
54.0,181391348.0
57.0,181402020.0
58.0,181412684.0
57.0,181423356.0
59.0,181434020.0
61.0,181444696.0
67.0,181455364.0
64.0,181466028.0
63.0,181476700.0
59.0,181487372.0
58.0,181498044.0
68.0,181508708.0
66.0,181519384.0
58.0,181530052.0
56.0,181540716.0
56.0,181551388.0
54.0,181562052.0
57.0,181572724.0
56.0,181583388.0
58.0,181594052.0
62.0,181604724.0
57.0,181615388.0
58.0,181626060.0
64.0,181636724.0
60.0,181647400.0
57.0,181658068.0
59.0,181668732.0
59.0,181679404.0
58.0,181690068.0
59.0,181700740.0
59.0,181711404.0
58.0,181722068.0
61.0,181732740.0
59.0,181743404.0
81.0,181754076.0
93.0,181764740.0
98.0,181775416.0
94.0,181786084.0
82.0,181796748.0
76.0,181807420.0
82.0,181818092.0
75.0,181828764.0
65.0,181839428.0
60.0,181850100.0
59.0,181860772.0
55.0,181871436.0
53.0,181882108.0
56.0,181892772.0
52.0,181903448.0
49.0,181914116.0
47.0,181924780.0
52.0,181935452.0
50.0,181946116.0
64.0,181956788.0
63.0,181967452.0
58.0,181978128.0
52.0,181988796.0
46.0,181999468.0
43.0,182010140.0
40.0,182020812.0
39.0,182031484.0
43.0,182042148.0
47.0,182052812.0
43.0,182063484.0
43.0,182074156.0
43.0,182084828.0
41.0,182095492.0
40.0,182106168.0
38.0,182116836.0
37.0,182127500.0
36.0,182138172.0
35.0,182148836.0
34.0,182159508.0
37.0,182170172.0
43.0,182180844.0
43.0,182191516.0
42.0,182202180.0
42.0,182212852.0
44.0,182223516.0
41.0,182234192.0
45.0,182244860.0
44.0,182255524.0
41.0,182266196.0
40.0,182276860.0
41.0,182287532.0
43.0,182298196.0
40.0,182308872.0
40.0,182319540.0
40.0,182330212.0
38.0,182340884.0
43.0,182351548.0
45.0,182362220.0
45.0,182372884.0
42.0,182383548.0
39.0,182394220.0
37.0,182404884.0
36.0,182415556.0
33.0,182426220.0
33.0,182436896.0
34.0,182447564.0
33.0,182458228.0
33.0,182468900.0
34.0,182479564.0
33.0,182490236.0
32.0,182500900.0
31.0,182511564.0
30.0,182522236.0
30.0,182532908.0
29.0,182543580.0
29.0,182554244.0
31.0,182564920.0
30.0,182575588.0
30.0,182586260.0
30.0,182596932.0
29.0,182607604.0
28.0,182618276.0
28.0,182628940.0
28.0,182639616.0
28.0,182650284.0
28.0,182660956.0
28.0,182671628.0
28.0,182682300.0
29.0,182692972.0
29.0,182703636.0
29.0,182714300.0
28.0,182724972.0
28.0,182735636.0
28.0,182746308.0
29.0,182756972.0
28.0,182767648.0
28.0,182778316.0
28.0,182788980.0
28.0,182799652.0
27.0,182810316.0
28.0,182820988.0
28.0,182831652.0
28.0,182842316.0
28.0,182852988.0
28.0,182863652.0
28.0,182874332.0
28.0,182884996.0
29.0,182895672.0
30.0,182906340.0
29.0,182917004.0
28.0,182927676.0
28.0,182938340.0
29.0,182949012.0
29.0,182959684.0
29.0,182970356.0
29.0,182981028.0
28.0,182991700.0
28.0,183002372.0
28.0,183013044.0
28.0,183023720.0
28.0,183034388.0
28.0,183045052.0
28.0,183055724.0
28.0,183066388.0
28.0,183077060.0
29.0,183087732.0
29.0,183098416.0
29.0,183109084.0
28.0,183119756.0
28.0,183130428.0
29.0,183141100.0
29.0,183151772.0
29.0,183162436.0
29.0,183173108.0
29.0,183183780.0
29.0,183194452.0
29.0,183205124.0
29.0,183215788.0
28.0,183226464.0
28.0,183237132.0
29.0,183247804.0
28.0,183258476.0
29.0,183269140.0
29.0,183279812.0
29.0,183290476.0
29.0,183301152.0
29.0,183311820.0
29.0,183322492.0
29.0,183333164.0
29.0,183343828.0
29.0,183354508.0
28.0,183365180.0
28.0,183375852.0
28.0,183386524.0
29.0,183397196.0
28.0,183407868.0
28.0,183418532.0
29.0,183429208.0
28.0,183439876.0
28.0,183450540.0
28.0,183461212.0
28.0,183471876.0
28.0,183482548.0
28.0,183493212.0
28.0,183503888.0
27.0,183514556.0
28.0,183525220.0
28.0,183535892.0
28.0,183546556.0
29.0,183557228.0
28.0,183567892.0
29.0,183578556.0
29.0,183589228.0
29.0,183599892.0
29.0,183610564.0
29.0,183621228.0
29.0,183631904.0
29.0,183642572.0
29.0,183653236.0
29.0,183663908.0
28.0,183674572.0
29.0,183685244.0
29.0,183695908.0
29.0,183706572.0
29.0,183717244.0
29.0,183727908.0
29.0,183738588.0
28.0,183749252.0
29.0,183759928.0
30.0,183770596.0
31.0,183781260.0
30.0,183791932.0
30.0,183802596.0
30.0,183813268.0
29.0,183823932.0
29.0,183834604.0
29.0,183845276.0
29.0,183855940.0
29.0,183866612.0
28.0,183877276.0
29.0,183887952.0
30.0,183898620.0
29.0,183909284.0
29.0,183919956.0
29.0,183930620.0
29.0,183941292.0
29.0,183951956.0
28.0,183962632.0
28.0,183973300.0
29.0,183983972.0
29.0,183994644.0
29.0,184005308.0
28.0,184015980.0
29.0,184026644.0
30.0,184037308.0
29.0,184047980.0
30.0,184058652.0
29.0,184069324.0
28.0,184079988.0
30.0,184090664.0
30.0,184101332.0
29.0,184112004.0
29.0,184122676.0
29.0,184133340.0
29.0,184144012.0
29.0,184154676.0
30.0,184165348.0
29.0,184176020.0
28.0,184186684.0
30.0,184197356.0
30.0,184208020.0
30.0,184218696.0
29.0,184229364.0
29.0,184240028.0
29.0,184250700.0
29.0,184261364.0
29.0,184272036.0
29.0,184282700.0
30.0,184293376.0
29.0,184304044.0
29.0,184314708.0
29.0,184325388.0
29.0,184336052.0
28.0,184346720.0
28.0,184357388.0
29.0,184368052.0
30.0,184378724.0
29.0,184389388.0
29.0,184400060.0
29.0,184410724.0
29.0,184421400.0
29.0,184432068.0
29.0,184442732.0
28.0,184453404.0
29.0,184464068.0
28.0,184474740.0
29.0,184485404.0
29.0,184496068.0
29.0,184506740.0
29.0,184517404.0
29.0,184528076.0
30.0,184538740.0
29.0,184549416.0
29.0,184560084.0
29.0,184570748.0
29.0,184581420.0
29.0,184592084.0
29.0,184602756.0
29.0,184613420.0
29.0,184624084.0
29.0,184634756.0
29.0,184645420.0
29.0,184656092.0
29.0,184666756.0
29.0,184677432.0
29.0,184688100.0
29.0,184698764.0
29.0,184709436.0
29.0,184720100.0
29.0,184730772.0
29.0,184741436.0
30.0,184752100.0
31.0,184762772.0
31.0,184773436.0
30.0,184784108.0
30.0,184794772.0
29.0,184805448.0
30.0,184816116.0
30.0,184826780.0
29.0,184837452.0
30.0,184848116.0
30.0,184858788.0
30.0,184869452.0
30.0,184880128.0
30.0,184890796.0
29.0,184901460.0
29.0,184912132.0
30.0,184922796.0
30.0,184933472.0
31.0,184944140.0
31.0,184954804.0
31.0,184965476.0
31.0,184976140.0
30.0,184986812.0
30.0,184997476.0
29.0,185008152.0
29.0,185018820.0
29.0,185029484.0
30.0,185040156.0
31.0,185050820.0
31.0,185061492.0
31.0,185072156.0
30.0,185082820.0
30.0,185093492.0
30.0,185104156.0
30.0,185114828.0
30.0,185125492.0
30.0,185136168.0
30.0,185146836.0
30.0,185157500.0
31.0,185168172.0
30.0,185178836.0
30.0,185189508.0
30.0,185200172.0
30.0,185210836.0
29.0,185221508.0
30.0,185232172.0
30.0,185242844.0
30.0,185253508.0
29.0,185264184.0
30.0,185274852.0
29.0,185285516.0
31.0,185296188.0
31.0,185306852.0
31.0,185317524.0
30.0,185328188.0
30.0,185338852.0
30.0,185349524.0
30.0,185360188.0
31.0,185370860.0
31.0,185381524.0
31.0,185392200.0
31.0,185402868.0
31.0,185413532.0
31.0,185424204.0
31.0,185434868.0
31.0,185445540.0
31.0,185456212.0
30.0,185466888.0
30.0,185477556.0
30.0,185488220.0
30.0,185498892.0
31.0,185509556.0
30.0,185520232.0
31.0,185530900.0
31.0,185541564.0
32.0,185552236.0
32.0,185562900.0
31.0,185573572.0
30.0,185584236.0
30.0,185594912.0
31.0,185605580.0
30.0,185616244.0
30.0,185626916.0
30.0,185637580.0
31.0,185648252.0
30.0,185658916.0
30.0,185669580.0
30.0,185680252.0
30.0,185690916.0
30.0,185701596.0
30.0,185712268.0
31.0,185722944.0
31.0,185733612.0
31.0,185744276.0
31.0,185754948.0
30.0,185765612.0
31.0,185776284.0
31.0,185786948.0
30.0,185797620.0
30.0,185808292.0
31.0,185818956.0
31.0,185829628.0
31.0,185840292.0
31.0,185850968.0
30.0,185861636.0
31.0,185872300.0
31.0,185882972.0
31.0,185893636.0
30.0,185904308.0
30.0,185914972.0
31.0,185925648.0
30.0,185936316.0
31.0,185946988.0
30.0,185957660.0
30.0,185968324.0
30.0,185978996.0
30.0,185989660.0
31.0,186000324.0
30.0,186010996.0
31.0,186021660.0
30.0,186032332.0
29.0,186042996.0
30.0,186053672.0
30.0,186064340.0
30.0,186075004.0
31.0,186085676.0
31.0,186096340.0
30.0,186107012.0
30.0,186117676.0
31.0,186128340.0
30.0,186139012.0
30.0,186149676.0
31.0,186160348.0
32.0,186171012.0
32.0,186181688.0
32.0,186192356.0
32.0,186203020.0
31.0,186213692.0
32.0,186224364.0
31.0,186235036.0
32.0,186245700.0
32.0,186256372.0
32.0,186267044.0
32.0,186277708.0
32.0,186288380.0
33.0,186299044.0
32.0,186309720.0
32.0,186320388.0
32.0,186331052.0
31.0,186341724.0
32.0,186352388.0
32.0,186363060.0
32.0,186373724.0
32.0,186384400.0
32.0,186395068.0
31.0,186405732.0
32.0,186416404.0
33.0,186427068.0
32.0,186437740.0
32.0,186448404.0
32.0,186459068.0
32.0,186469740.0
32.0,186480404.0
32.0,186491076.0
32.0,186501740.0
31.0,186512416.0
31.0,186523084.0
31.0,186533748.0
31.0,186544420.0
31.0,186555084.0
32.0,186565756.0
31.0,186576420.0
30.0,186587084.0
31.0,186597756.0
31.0,186608420.0
31.0,186619100.0
31.0,186629772.0
31.0,186640448.0
31.0,186651116.0
31.0,186661788.0
31.0,186672460.0
31.0,186683132.0
32.0,186693804.0
31.0,186704468.0
31.0,186715144.0
31.0,186725812.0
30.0,186736484.0
32.0,186747156.0
31.0,186757820.0
32.0,186768492.0
32.0,186779156.0
32.0,186789820.0
31.0,186800492.0
31.0,186811156.0
31.0,186821828.0
30.0,186832492.0
31.0,186843168.0
31.0,186853836.0
31.0,186864508.0
31.0,186875180.0
31.0,186885844.0
31.0,186896516.0
30.0,186907180.0
29.0,186917844.0
31.0,186928516.0
31.0,186939180.0
31.0,186949852.0
31.0,186960516.0
30.0,186971192.0
30.0,186981860.0
29.0,186992524.0
30.0,187003196.0
30.0,187013868.0
30.0,187024540.0
30.0,187035204.0
29.0,187045876.0
29.0,187056548.0
29.0,187067212.0
30.0,187077884.0
29.0,187088548.0
29.0,187099224.0
29.0,187109892.0
29.0,187120556.0
28.0,187131228.0
29.0,187141892.0
29.0,187152564.0
30.0,187163228.0
29.0,187173904.0
30.0,187184572.0
30.0,187195236.0
30.0,187205908.0
30.0,187216572.0
29.0,187227244.0
30.0,187237908.0
30.0,187248580.0
30.0,187259252.0
30.0,187269924.0
29.0,187280604.0
29.0,187291268.0
29.0,187301944.0
29.0,187312612.0
30.0,187323276.0
30.0,187333948.0
30.0,187344620.0
30.0,187355292.0
30.0,187365964.0
29.0,187376640.0
30.0,187387308.0
30.0,187397972.0
31.0,187408644.0
30.0,187419308.0
30.0,187429984.0
30.0,187440652.0
29.0,187451316.0
30.0,187461988.0
30.0,187472652.0
32.0,187483324.0
32.0,187493988.0
32.0,187504664.0
34.0,187515332.0
36.0,187525996.0
44.0,187536668.0
53.0,187547332.0
55.0,187558004.0
56.0,187568676.0
54.0,187579340.0
83.0,187590012.0
85.0,187600676.0
87.0,187611348.0
85.0,187622012.0
90.0,187632688.0
107.0,187643400.0
100.0,187654120.0
128.0,187664840.0
173.0,187675560.0
184.0,187686280.0
190.0,187697000.0
207.0,187707720.0
181.0,187718440.0
174.0,187729160.0
179.0,187739880.0
150.0,187750600.0
170.0,187761320.0
163.0,187772044.0
153.0,187782760.0
164.0,187793484.0
157.0,187804200.0
147.0,187814924.0
139.0,187825640.0
121.0,187836360.0
107.0,187847088.0
100.0,187857808.0
111.0,187868528.0
113.0,187879248.0
132.0,187889968.0
150.0,187900688.0
133.0,187911416.0
120.0,187922136.0
107.0,187932856.0
97.0,187943532.0
131.0,187954260.0
119.0,187964984.0
125.0,187975716.0
123.0,187986432.0
125.0,187997152.0
112.0,188007880.0
111.0,188018600.0
121.0,188029320.0
125.0,188040040.0
122.0,188050760.0
112.0,188061480.0
124.0,188072200.0
115.0,188082920.0
103.0,188093648.0
91.0,188104324.0
106.0,188115044.0
127.0,188125760.0
125.0,188136484.0
122.0,188147200.0
111.0,188157920.0
102.0,188168648.0
91.0,188179324.0
94.0,188189996.0
102.0,188200704.0
135.0,188211424.0
132.0,188222144.0
124.0,188232864.0
118.0,188243584.0
127.0,188254308.0
125.0,188265024.0
137.0,188275752.0
137.0,188286472.0
151.0,188297192.0
145.0,188307920.0
134.0,188318640.0
131.0,188329368.0
120.0,188340088.0
111.0,188350808.0
113.0,188361528.0
138.0,188372256.0
147.0,188382976.0
153.0,188393704.0
150.0,188404424.0
134.0,188415152.0
129.0,188425872.0
114.0,188436600.0
126.0,188447320.0
124.0,188458044.0
114.0,188468760.0
127.0,188479484.0
135.0,188490200.0
140.0,188500920.0
124.0,188511640.0
124.0,188522360.0
126.0,188533080.0
120.0,188543800.0
113.0,188554528.0
123.0,188565248.0
126.0,188575968.0
117.0,188586688.0
117.0,188597408.0
107.0,188608128.0
114.0,188618852.0
113.0,188629576.0
113.0,188640308.0
101.0,188651024.0
95.0,188661700.0
88.0,188672372.0
91.0,188683036.0
88.0,188693708.0
90.0,188704380.0
90.0,188715060.0
104.0,188725768.0
118.0,188736488.0
134.0,188747208.0
127.0,188757928.0
132.0,188768648.0
134.0,188779360.0
142.0,188790080.0
132.0,188800800.0
117.0,188811528.0
120.0,188822240.0
113.0,188832960.0
106.0,188843672.0
151.0,188854400.0
160.0,188865120.0
158.0,188875848.0
155.0,188886560.0
134.0,188897276.0
134.0,188907992.0
120.0,188918712.0
127.0,188929432.0
120.0,188940144.0
113.0,188950864.0
101.0,188961584.0
99.0,188972260.0
96.0,188982924.0
91.0,188993600.0
103.0,189004312.0
95.0,189014988.0
93.0,189025660.0
113.0,189036368.0
105.0,189047088.0
103.0,189057808.0
102.0,189068528.0
97.0,189079204.0
89.0,189089880.0
88.0,189100548.0
80.0,189111212.0
77.0,189121884.0
87.0,189132548.0
81.0,189143220.0
83.0,189153884.0
77.0,189164560.0
83.0,189175228.0
89.0,189185892.0
81.0,189196564.0
80.0,189207228.0
88.0,189217900.0
89.0,189228572.0
89.0,189239244.0
86.0,189249916.0
85.0,189260580.0
106.0,189271304.0
120.0,189282024.0
114.0,189292744.0
100.0,189303464.0
122.0,189314196.0
129.0,189324912.0
122.0,189335636.0
113.0,189346360.0
108.0,189357084.0
115.0,189367800.0
120.0,189378520.0
138.0,189389240.0
125.0,189399960.0
118.0,189410680.0
123.0,189421400.0
114.0,189432120.0
107.0,189442840.0
103.0,189453568.0
119.0,189464280.0
134.0,189475000.0
118.0,189485720.0
119.0,189496444.0
133.0,189507168.0
133.0,189517892.0
138.0,189528608.0
162.0,189539332.0
143.0,189550048.0
129.0,189560768.0
127.0,189571488.0
118.0,189582208.0
108.0,189592928.0
123.0,189603648.0
128.0,189614368.0
130.0,189625088.0
126.0,189635808.0
142.0,189646528.0
124.0,189657248.0
134.0,189667968.0
122.0,189678692.0
137.0,189689408.0
125.0,189700132.0
130.0,189710848.0
129.0,189721568.0
120.0,189732296.0
124.0,189743016.0
132.0,189753736.0
114.0,189764456.0
127.0,189775176.0
117.0,189785896.0
111.0,189796616.0
116.0,189807336.0
110.0,189818064.0
100.0,189828784.0
97.0,189839464.0
118.0,189850176.0
117.0,189860900.0
105.0,189871616.0
101.0,189882336.0
112.0,189893056.0
105.0,189903776.0
101.0,189914496.0
104.0,189925216.0
103.0,189935936.0
100.0,189946656.0
110.0,189957384.0
110.0,189968104.0
105.0,189978824.0
108.0,189989544.0
98.0,190000232.0
118.0,190010944.0
117.0,190021676.0
106.0,190032392.0
121.0,190043112.0
129.0,190053840.0
144.0,190064560.0
164.0,190075280.0
144.0,190085992.0
147.0,190096720.0
141.0,190107432.0
125.0,190118152.0
111.0,190128872.0
110.0,190139592.0
102.0,190150312.0
109.0,190161036.0
104.0,190171752.0
124.0,190182476.0
129.0,190193200.0
119.0,190203924.0
121.0,190214640.0
111.0,190225360.0
108.0,190236080.0
102.0,190246800.0
108.0,190257520.0
115.0,190268240.0
107.0,190278960.0
99.0,190289636.0
94.0,190300308.0
101.0,190311016.0
97.0,190321696.0
102.0,190332408.0
106.0,190343128.0
109.0,190353848.0
114.0,190364568.0
99.0,190375244.0
97.0,190385908.0
91.0,190396588.0
93.0,190407252.0
107.0,190417972.0
101.0,190428688.0
100.0,190439408.0
94.0,190450084.0
88.0,190460748.0
94.0,190471420.0
99.0,190482084.0
106.0,190492804.0
97.0,190503476.0
97.0,190514140.0
99.0,190524812.0
113.0,190535520.0
117.0,190546240.0
129.0,190556960.0
125.0,190567688.0
107.0,190578400.0
101.0,190589120.0
95.0,190599796.0
89.0,190610472.0
93.0,190621140.0
94.0,190631812.0
108.0,190642528.0
104.0,190653248.0
99.0,190663924.0
110.0,190674632.0
100.0,190685352.0
111.0,190696072.0
126.0,190706796.0
148.0,190717520.0
147.0,190728252.0
141.0,190738968.0
155.0,190749696.0
168.0,190760408.0
154.0,190771120.0
143.0,190781848.0
142.0,190792568.0
135.0,190803288.0
136.0,190814000.0
148.0,190824720.0
130.0,190835440.0
122.0,190846160.0
120.0,190856880.0
111.0,190867604.0
119.0,190878320.0
124.0,190889044.0
113.0,190899760.0
105.0,190910484.0
125.0,190921200.0
113.0,190931920.0
99.0,190942596.0
95.0,190953260.0
88.0,190963932.0
82.0,190974604.0
80.0,190985288.0
80.0,190995956.0
76.0,191006620.0
90.0,191017292.0
95.0,191027964.0
87.0,191038636.0
84.0,191049300.0
83.0,191059976.0
85.0,191070644.0
88.0,191081308.0
99.0,191091980.0
93.0,191102644.0
85.0,191113324.0
87.0,191123996.0
87.0,191134660.0
81.0,191145332.0
82.0,191155996.0
78.0,191166676.0
86.0,191177340.0
87.0,191188016.0
148.0,191198728.0
130.0,191209448.0
111.0,191220168.0
108.0,191230888.0
99.0,191241572.0
92.0,191252236.0
90.0,191262916.0
111.0,191273624.0
115.0,191284348.0
109.0,191295064.0
103.0,191305788.0
100.0,191316504.0
88.0,191327180.0
91.0,191337852.0
93.0,191348516.0
97.0,191359196.0
108.0,191369912.0
97.0,191380588.0
92.0,191391252.0
87.0,191401924.0
86.0,191412596.0
88.0,191423268.0
93.0,191433948.0
88.0,191444612.0
86.0,191455288.0
82.0,191465956.0
105.0,191476672.0
103.0,191487400.0
111.0,191498120.0
107.0,191508840.0
101.0,191519560.0
88.0,191530244.0
81.0,191540908.0
80.0,191551584.0
78.0,191562252.0
104.0,191572960.0
120.0,191583680.0
106.0,191594400.0
94.0,191605076.0
88.0,191615740.0
86.0,191626412.0
98.0,191637076.0
88.0,191647760.0
82.0,191658428.0
75.0,191669092.0
74.0,191679772.0
79.0,191690444.0
80.0,191701116.0
74.0,191711780.0
72.0,191722444.0
69.0,191733116.0
75.0,191743780.0
86.0,191754460.0
93.0,191765124.0
87.0,191775800.0
79.0,191786468.0
70.0,191797132.0
65.0,191807804.0
75.0,191818468.0
86.0,191829140.0
104.0,191839848.0
117.0,191850580.0
132.0,191861304.0
131.0,191872040.0
144.0,191882752.0
152.0,191893472.0
135.0,191904200.0
121.0,191914920.0
114.0,191925648.0
123.0,191936368.0
132.0,191947088.0
122.0,191957808.0
122.0,191968536.0
118.0,191979256.0
101.0,191989984.0
88.0,192000660.0
91.0,192011328.0
85.0,192021996.0
78.0,192032660.0
90.0,192043332.0
88.0,192053996.0
83.0,192064668.0
87.0,192075332.0
100.0,192086056.0
91.0,192096724.0
80.0,192107388.0
78.0,192118060.0
71.0,192128724.0
64.0,192139396.0
64.0,192150060.0
67.0,192160724.0
74.0,192171396.0
89.0,192182060.0
84.0,192192732.0
78.0,192203396.0
71.0,192214076.0
76.0,192224740.0
74.0,192235404.0
70.0,192246076.0
77.0,192256740.0
86.0,192267412.0
138.0,192278120.0
126.0,192288844.0
128.0,192299560.0
124.0,192310284.0
114.0,192321000.0
113.0,192331712.0
106.0,192342432.0
98.0,192353108.0
100.0,192363824.0
106.0,192374544.0
95.0,192385220.0
95.0,192395884.0
97.0,192406560.0
91.0,192417228.0
78.0,192427892.0
82.0,192438564.0
79.0,192449228.0
81.0,192459900.0
83.0,192470564.0
78.0,192481228.0
69.0,192491900.0
67.0,192502572.0
72.0,192513244.0
72.0,192523908.0
76.0,192534584.0
88.0,192545252.0
101.0,192555960.0
98.0,192566636.0
95.0,192577300.0
100.0,192588016.0
103.0,192598736.0
107.0,192609456.0
106.0,192620176.0
103.0,192630900.0
96.0,192641572.0
97.0,192652236.0
85.0,192662908.0
93.0,192673572.0
85.0,192684252.0
90.0,192694916.0
89.0,192705592.0
93.0,192716260.0
97.0,192726932.0
96.0,192737604.0
96.0,192748268.0
95.0,192758940.0
112.0,192769648.0
103.0,192780372.0
95.0,192791044.0
83.0,192801708.0
102.0,192812424.0
109.0,192823144.0
115.0,192833864.0
109.0,192844584.0
112.0,192855304.0
110.0,192866024.0
101.0,192876744.0
90.0,192887420.0
98.0,192898096.0
129.0,192908808.0
112.0,192919520.0
119.0,192930240.0
105.0,192940960.0
96.0,192951636.0
87.0,192962300.0
75.0,192972972.0
78.0,192983636.0
74.0,192994312.0
80.0,193004980.0
79.0,193015644.0
87.0,193026316.0
80.0,193036980.0
74.0,193047660.0
71.0,193058324.0
72.0,193068996.0
71.0,193079668.0
72.0,193090332.0
75.0,193101004.0
84.0,193111668.0
83.0,193122344.0
74.0,193133012.0
74.0,193143676.0
68.0,193154348.0
70.0,193165020.0
80.0,193175692.0
78.0,193186356.0
73.0,193197020.0
72.0,193207692.0
69.0,193218364.0
67.0,193229036.0
70.0,193239700.0
77.0,193250388.0
73.0,193261052.0
68.0,193271724.0
63.0,193282396.0
67.0,193293060.0
60.0,193303732.0
60.0,193314396.0
68.0,193325080.0
76.0,193335748.0
78.0,193346412.0
83.0,193357084.0
80.0,193367748.0
81.0,193378420.0
84.0,193389084.0
93.0,193399748.0
101.0,193410464.0
115.0,193421184.0
131.0,193431904.0
138.0,193442624.0
123.0,193453344.0
104.0,193464064.0
124.0,193474784.0
109.0,193485504.0
101.0,193496224.0
93.0,193506900.0
86.0,193517576.0
79.0,193528244.0
85.0,193538908.0
78.0,193549580.0
74.0,193560244.0
73.0,193570924.0
74.0,193581588.0
74.0,193592252.0
76.0,193602924.0
68.0,193613588.0
67.0,193624260.0
67.0,193634924.0
80.0,193645600.0
76.0,193656268.0
70.0,193666940.0
67.0,193677612.0
60.0,193688276.0
61.0,193698948.0
59.0,193709620.0
59.0,193720284.0
69.0,193730956.0
77.0,193741628.0
81.0,193752300.0
87.0,193762964.0
96.0,193773640.0
88.0,193784308.0
84.0,193794972.0
79.0,193805644.0
78.0,193816308.0
76.0,193826988.0
87.0,193837652.0
85.0,193848328.0
96.0,193858996.0
98.0,193869668.0
104.0,193880384.0
99.0,193891060.0
96.0,193901740.0
101.0,193912448.0
103.0,193923180.0
90.0,193933852.0
87.0,193944524.0
82.0,193955196.0
82.0,193965860.0
83.0,193976540.0
105.0,193987256.0
117.0,193997976.0
112.0,194008696.0
107.0,194019420.0
99.0,194030092.0
94.0,194040756.0
88.0,194051428.0
89.0,194062092.0
80.0,194072764.0
94.0,194083428.0
112.0,194094152.0
107.0,194104864.0
103.0,194115588.0
95.0,194126260.0
94.0,194136932.0
105.0,194147648.0
96.0,194158324.0
103.0,194169040.0
113.0,194179760.0
97.0,194190440.0
86.0,194201108.0
83.0,194211780.0
93.0,194222452.0
83.0,194233116.0
90.0,194243788.0
90.0,194254452.0
114.0,194265172.0
109.0,194275888.0
97.0,194286564.0
90.0,194297236.0
79.0,194307900.0
72.0,194318572.0
76.0,194329236.0
78.0,194339920.0
71.0,194350588.0
65.0,194361252.0
79.0,194371924.0
79.0,194382588.0
76.0,194393260.0
81.0,194403924.0
99.0,194414600.0
88.0,194425268.0
84.0,194435932.0
78.0,194446604.0
71.0,194457276.0
65.0,194467948.0
74.0,194478612.0
68.0,194489284.0
64.0,194499956.0
64.0,194510628.0
73.0,194521308.0
107.0,194532016.0
107.0,194542744.0
97.0,194553420.0
88.0,194564096.0
80.0,194574764.0
80.0,194585428.0
82.0,194596100.0
85.0,194606764.0
111.0,194617484.0
128.0,194628200.0
117.0,194638924.0
110.0,194649640.0
98.0,194660308.0
112.0,194671024.0
116.0,194681744.0
120.0,194692464.0
119.0,194703184.0
108.0,194713904.0
99.0,194724580.0
88.0,194735252.0
76.0,194745916.0
90.0,194756588.0
107.0,194767304.0
111.0,194778024.0
109.0,194788744.0
106.0,194799464.0
104.0,194810184.0
103.0,194820904.0
96.0,194831580.0
86.0,194842244.0
82.0,194852920.0
94.0,194863588.0
95.0,194874252.0
86.0,194884924.0
85.0,194895588.0
77.0,194906260.0
85.0,194916924.0
82.0,194927596.0
84.0,194938268.0
75.0,194948940.0
87.0,194959612.0
88.0,194970276.0
79.0,194980952.0
80.0,194991620.0
72.0,195002284.0
66.0,195012956.0
61.0,195023628.0
58.0,195034300.0
54.0,195044972.0
54.0,195055648.0
58.0,195066316.0
74.0,195076980.0
86.0,195087652.0
76.0,195098316.0
73.0,195108988.0
68.0,195119652.0
65.0,195130316.0
64.0,195140988.0
63.0,195151660.0
65.0,195162332.0
61.0,195173004.0
62.0,195183680.0
60.0,195194348.0
56.0,195205012.0
55.0,195215684.0
59.0,195226348.0
60.0,195237020.0
62.0,195247684.0
64.0,195258356.0
59.0,195269028.0
53.0,195279700.0
50.0,195290372.0
53.0,195301036.0
49.0,195311712.0
50.0,195322380.0
50.0,195333044.0
58.0,195343716.0
65.0,195354388.0
61.0,195365060.0
56.0,195375732.0
55.0,195386408.0
50.0,195397076.0
46.0,195407748.0
42.0,195418420.0
41.0,195429084.0
47.0,195439756.0
47.0,195450420.0
48.0,195461084.0
46.0,195471756.0
43.0,195482428.0
43.0,195493100.0
47.0,195503764.0
45.0,195514440.0
52.0,195525108.0
48.0,195535780.0
48.0,195546452.0
51.0,195557116.0
52.0,195567796.0
54.0,195578460.0
49.0,195589136.0
45.0,195599804.0
44.0,195610476.0
43.0,195621148.0
45.0,195631812.0
56.0,195642484.0
51.0,195653148.0
50.0,195663812.0
46.0,195674484.0
43.0,195685156.0
41.0,195695836.0
39.0,195706500.0
39.0,195717184.0
42.0,195727852.0
47.0,195738524.0
51.0,195749196.0
49.0,195759860.0
45.0,195770540.0
41.0,195781204.0
39.0,195791880.0
39.0,195802548.0
39.0,195813220.0
39.0,195823892.0
39.0,195834556.0
38.0,195845228.0
41.0,195855892.0
41.0,195866556.0
41.0,195877228.0
41.0,195887892.0
39.0,195898564.0
36.0,195909228.0
40.0,195919904.0
43.0,195930572.0
44.0,195941244.0
44.0,195951916.0
41.0,195962580.0
38.0,195973252.0
38.0,195983916.0
36.0,195994580.0
35.0,196005252.0
37.0,196015916.0
38.0,196026588.0
37.0,196037252.0
36.0,196047928.0
35.0,196058596.0
35.0,196069260.0
41.0,196079932.0
41.0,196090596.0
39.0,196101268.0
37.0,196111932.0
36.0,196122612.0
34.0,196133284.0
40.0,196143948.0
41.0,196154620.0
41.0,196165284.0
40.0,196175960.0
39.0,196186628.0
37.0,196197292.0
37.0,196207964.0
38.0,196218628.0
37.0,196229300.0
39.0,196239964.0
38.0,196250648.0
38.0,196261316.0
39.0,196271980.0
40.0,196282652.0
40.0,196293316.0
38.0,196303988.0
36.0,196314652.0
35.0,196325316.0
35.0,196335988.0
34.0,196346652.0
35.0,196357324.0
34.0,196367988.0
32.0,196378664.0
32.0,196389332.0
31.0,196399996.0
31.0,196410668.0
30.0,196421332.0
29.0,196432012.0
29.0,196442676.0
29.0,196453340.0
28.0,196464012.0
29.0,196474684.0
29.0,196485356.0
29.0,196496020.0
28.0,196506696.0
29.0,196517364.0
29.0,196528028.0
29.0,196538700.0
29.0,196549364.0
29.0,196560044.0
28.0,196570708.0
29.0,196581384.0
29.0,196592052.0
29.0,196602716.0
28.0,196613388.0
28.0,196624052.0
29.0,196634728.0
28.0,196645396.0
28.0,196656060.0
28.0,196666732.0
28.0,196677396.0
28.0,196688068.0
28.0,196698732.0
28.0,196709408.0
27.0,196720076.0
27.0,196730740.0
28.0,196741412.0
28.0,196752076.0
28.0,196762748.0
28.0,196773412.0
27.0,196784076.0
28.0,196794748.0
28.0,196805412.0
28.0,196816092.0
29.0,196826756.0
29.0,196837432.0
29.0,196848100.0
30.0,196858764.0
30.0,196869436.0
30.0,196880100.0
31.0,196890772.0
31.0,196901436.0
31.0,196912108.0
30.0,196922780.0
30.0,196933444.0
30.0,196944116.0
30.0,196954780.0
31.0,196965456.0
30.0,196976124.0
31.0,196986788.0
31.0,196997460.0
31.0,197008124.0
31.0,197018796.0
30.0,197029460.0
30.0,197040136.0
31.0,197050804.0
31.0,197061468.0
30.0,197072140.0
30.0,197082804.0
29.0,197093480.0
29.0,197104148.0
29.0,197114812.0
28.0,197125484.0
28.0,197136148.0
28.0,197146820.0
28.0,197157484.0
28.0,197168160.0
28.0,197178828.0
28.0,197189492.0
28.0,197200164.0
28.0,197210828.0
28.0,197221500.0
28.0,197232164.0
28.0,197242828.0
28.0,197253500.0
28.0,197264164.0
28.0,197274844.0
28.0,197285508.0
28.0,197296184.0
28.0,197306852.0
27.0,197317516.0
27.0,197328188.0
27.0,197338852.0
27.0,197349524.0
26.0,197360188.0
26.0,197370852.0
27.0,197381524.0
27.0,197392188.0
27.0,197402860.0
26.0,197413524.0
26.0,197424200.0
26.0,197434868.0
26.0,197445532.0
26.0,197456204.0
26.0,197466868.0
26.0,197477540.0
27.0,197488204.0
26.0,197498880.0
27.0,197509548.0
27.0,197520212.0
28.0,197530884.0
28.0,197541548.0
29.0,197552224.0
29.0,197562892.0
28.0,197573556.0
29.0,197584228.0
29.0,197594900.0
30.0,197605572.0
31.0,197616236.0
31.0,197626912.0
33.0,197637580.0
32.0,197648244.0
31.0,197658916.0
33.0,197669580.0
33.0,197680252.0
33.0,197690916.0
33.0,197701580.0
33.0,197712252.0
35.0,197722916.0
35.0,197733596.0
36.0,197744260.0
37.0,197754936.0
36.0,197765604.0
38.0,197776268.0
38.0,197786940.0
38.0,197797604.0
38.0,197808276.0
39.0,197818940.0
40.0,197829612.0
39.0,197840284.0
38.0,197850948.0
37.0,197861620.0
36.0,197872284.0
35.0,197882960.0
33.0,197893628.0
32.0,197904292.0
32.0,197914964.0
32.0,197925636.0
32.0,197936308.0
32.0,197946972.0
33.0,197957648.0
33.0,197968316.0
33.0,197978980.0
32.0,197989652.0
32.0,198000316.0
38.0,198010988.0
36.0,198021652.0
34.0,198032316.0
33.0,198042988.0
33.0,198053652.0
33.0,198064324.0
37.0,198074988.0
39.0,198085664.0
39.0,198096332.0
38.0,198106996.0
35.0,198117668.0
