76.0,388.0
84.0,10788.0
78.0,21276.0
95.0,31776.0
106.0,42312.0
126.0,52856.0
110.0,63400.0
113.0,73952.0
105.0,84496.0
125.0,95040.0
133.0,105596.0
124.0,116184.0
126.0,126768.0
130.0,137368.0
131.0,147952.0
125.0,158544.0
113.0,169136.0
105.0,179728.0
116.0,190320.0
108.0,200920.0
121.0,211512.0
126.0,222104.0
116.0,232696.0
116.0,243288.0
119.0,253880.0
122.0,264472.0
119.0,275064.0
167.0,285656.0
176.0,296248.0
180.0,306840.0
169.0,317436.0
147.0,328032.0
174.0,338616.0
169.0,349212.0
166.0,359800.0
165.0,370384.0
144.0,380988.0
135.0,391576.0
136.0,402168.0
124.0,412764.0
133.0,423352.0
148.0,433944.0
143.0,444544.0
128.0,455128.0
131.0,465720.0
127.0,476312.0
123.0,486904.0
131.0,497496.0
135.0,508096.0
131.0,518688.0
133.0,529280.0
122.0,539872.0
108.0,550464.0
103.0,561056.0
103.0,571656.0
125.0,582248.0
115.0,592840.0
114.0,603432.0
103.0,614024.0
100.0,624616.0
101.0,635216.0
100.0,645808.0
108.0,656404.0
107.0,666992.0
114.0,677584.0
108.0,688180.0
109.0,698768.0
103.0,709360.0
103.0,719956.0
104.0,730544.0
103.0,741136.0
106.0,751732.0
106.0,762328.0
102.0,772920.0
92.0,783476.0
82.0,794004.0
112.0,804584.0
112.0,815184.0
122.0,825776.0
111.0,836360.0
110.0,846964.0
103.0,857552.0
105.0,868144.0
147.0,878740.0
171.0,889328.0
186.0,899920.0
222.0,910520.0
202.0,921112.0
179.0,931704.0
154.0,942296.0
142.0,952888.0
124.0,963480.0
109.0,974080.0
96.0,984628.0
85.0,995156.0
75.0,1005692.0
65.0,1016268.0
58.0,1026844.0
55.0,1037420.0
51.0,1047996.0
49.0,1058572.0
47.0,1069152.0
48.0,1079724.0
47.0,1090300.0
43.0,1100880.0
41.0,1111452.0
38.0,1122028.0
38.0,1132608.0
42.0,1143188.0
40.0,1153764.0
40.0,1164352.0
38.0,1174932.0
38.0,1185508.0
39.0,1196088.0
37.0,1206668.0
35.0,1217244.0
35.0,1227824.0
35.0,1238404.0
35.0,1248980.0
33.0,1259560.0
32.0,1270140.0
33.0,1280716.0
35.0,1291296.0
38.0,1301868.0
36.0,1312444.0
34.0,1323028.0
33.0,1333596.0
34.0,1344172.0
34.0,1354752.0
33.0,1365324.0
32.0,1375900.0
34.0,1386476.0
33.0,1397052.0
32.0,1407628.0
32.0,1418204.0
31.0,1428780.0
31.0,1439356.0
31.0,1449932.0
30.0,1460508.0
29.0,1471084.0
29.0,1481660.0
30.0,1492236.0
32.0,1502812.0
32.0,1513388.0
32.0,1523964.0
32.0,1534540.0
31.0,1545116.0
31.0,1555692.0
30.0,1566268.0
31.0,1576844.0
31.0,1587420.0
30.0,1597996.0
31.0,1608572.0
31.0,1619148.0
31.0,1629724.0
31.0,1640300.0
31.0,1650876.0
31.0,1661452.0
30.0,1672020.0
30.0,1682596.0
30.0,1693164.0
30.0,1703740.0
30.0,1714316.0
29.0,1724892.0
30.0,1735460.0
29.0,1746036.0
30.0,1756604.0
30.0,1767180.0
31.0,1777760.0
30.0,1788332.0
31.0,1798908.0
30.0,1809488.0
30.0,1820060.0
31.0,1830636.0
31.0,1841216.0
31.0,1851796.0
32.0,1862372.0
32.0,1872960.0
31.0,1883540.0
31.0,1894116.0
32.0,1904704.0
32.0,1915284.0
32.0,1925860.0
33.0,1936440.0
32.0,1947020.0
33.0,1957596.0
32.0,1968184.0
32.0,1978756.0
32.0,1989332.0
31.0,1999912.0
31.0,2010492.0
31.0,2021068.0
32.0,2031648.0
31.0,2042228.0
32.0,2052804.0
31.0,2063384.0
31.0,2073956.0
31.0,2084532.0
31.0,2095112.0
31.0,2105692.0
31.0,2116268.0
31.0,2126848.0
30.0,2137428.0
31.0,2148004.0
31.0,2158580.0
31.0,2169164.0
32.0,2179740.0
32.0,2190316.0
32.0,2200892.0
32.0,2211468.0
32.0,2222044.0
32.0,2232620.0
32.0,2243196.0
31.0,2253772.0
31.0,2264348.0
32.0,2274924.0
32.0,2285500.0
31.0,2296076.0
31.0,2306652.0
31.0,2317228.0
32.0,2327812.0
31.0,2338388.0
31.0,2348964.0
31.0,2359548.0
31.0,2370124.0
31.0,2380700.0
32.0,2391284.0
32.0,2401860.0
31.0,2412436.0
31.0,2423012.0
32.0,2433588.0
32.0,2444164.0
32.0,2454748.0
32.0,2465324.0
32.0,2475900.0
31.0,2486476.0
31.0,2497052.0
31.0,2507628.0
32.0,2518204.0
31.0,2528780.0
31.0,2539356.0
31.0,2549940.0
32.0,2560516.0
32.0,2571084.0
33.0,2581660.0
33.0,2592236.0
32.0,2602812.0
33.0,2613388.0
33.0,2623964.0
33.0,2634540.0
34.0,2645116.0
34.0,2655692.0
34.0,2666268.0
33.0,2676844.0
33.0,2687412.0
32.0,2697988.0
33.0,2708568.0
31.0,2719140.0
31.0,2729716.0
32.0,2740296.0
31.0,2750868.0
31.0,2761444.0
31.0,2772024.0
31.0,2782596.0
31.0,2793172.0
30.0,2803752.0
30.0,2814324.0
30.0,2824900.0
30.0,2835480.0
30.0,2846060.0
30.0,2856636.0
29.0,2867224.0
30.0,2877796.0
30.0,2888372.0
30.0,2898960.0
30.0,2909540.0
29.0,2920116.0
29.0,2930696.0
30.0,2941268.0
29.0,2951844.0
29.0,2962420.0
29.0,2972996.0
29.0,2983572.0
29.0,2994148.0
29.0,3004724.0
28.0,3015300.0
28.0,3025876.0
28.0,3036460.0
28.0,3047036.0
28.0,3057612.0
28.0,3068188.0
28.0,3078764.0
28.0,3089340.0
29.0,3099916.0
29.0,3110492.0
28.0,3121068.0
29.0,3131652.0
29.0,3142228.0
28.0,3152804.0
29.0,3163380.0
29.0,3173956.0
29.0,3184532.0
30.0,3195116.0
29.0,3205692.0
29.0,3216268.0
29.0,3226844.0
29.0,3237420.0
29.0,3247996.0
29.0,3258588.0
29.0,3269164.0
29.0,3279740.0
28.0,3290316.0
29.0,3300884.0
29.0,3311452.0
30.0,3322028.0
29.0,3332604.0
29.0,3343180.0
29.0,3353756.0
29.0,3364332.0
28.0,3374908.0
28.0,3385484.0
28.0,3396060.0
28.0,3406636.0
29.0,3417212.0
28.0,3427788.0
28.0,3438364.0
28.0,3448948.0
28.0,3459524.0
28.0,3470100.0
29.0,3480680.0
28.0,3491252.0
29.0,3501828.0
28.0,3512408.0
29.0,3522988.0
29.0,3533564.0
29.0,3544144.0
29.0,3554724.0
29.0,3565300.0
29.0,3575880.0
29.0,3586460.0
29.0,3597036.0
29.0,3607616.0
29.0,3618196.0
30.0,3628772.0
29.0,3639360.0
30.0,3649940.0
29.0,3660516.0
29.0,3671104.0
29.0,3681676.0
30.0,3692252.0
30.0,3702832.0
30.0,3713404.0
30.0,3723980.0
30.0,3734568.0
29.0,3745140.0
29.0,3755716.0
29.0,3766304.0
28.0,3776884.0
28.0,3787460.0
28.0,3798048.0
28.0,3808628.0
27.0,3819204.0
27.0,3829784.0
27.0,3840356.0
27.0,3850932.0
27.0,3861512.0
26.0,3872084.0
27.0,3882660.0
27.0,3893236.0
27.0,3903820.0
27.0,3914396.0
27.0,3924980.0
28.0,3935556.0
28.0,3946132.0
29.0,3956708.0
33.0,3967284.0
37.0,3977860.0
44.0,3988436.0
49.0,3999020.0
56.0,4009596.0
63.0,4020172.0
68.0,4030748.0
77.0,4041324.0
81.0,4051900.0
85.0,4062476.0
89.0,4073052.0
95.0,4083628.0
104.0,4094248.0
124.0,4104880.0
146.0,4115524.0
162.0,4126160.0
171.0,4136792.0
173.0,4147432.0
171.0,4158064.0
169.0,4168700.0
165.0,4179336.0
164.0,4189968.0
170.0,4200608.0
178.0,4211240.0
187.0,4221872.0
193.0,4232512.0
197.0,4243144.0
198.0,4253792.0
197.0,4264424.0
195.0,4275056.0
196.0,4285704.0
197.0,4296336.0
197.0,4306980.0
196.0,4317616.0
194.0,4328248.0
191.0,4338888.0
188.0,4349520.0
184.0,4360152.0
183.0,4370792.0
179.0,4381424.0
176.0,4392068.0
174.0,4402704.0
173.0,4413344.0
173.0,4423984.0
175.0,4434616.0
176.0,4445260.0
176.0,4455896.0
173.0,4466528.0
172.0,4477168.0
167.0,4487800.0
160.0,4498436.0
150.0,4509072.0
136.0,4519704.0
120.0,4530344.0
105.0,4540976.0
94.0,4551572.0
81.0,4562156.0
83.0,4572732.0
114.0,4583352.0
148.0,4593992.0
175.0,4604624.0
193.0,4615268.0
205.0,4625904.0
213.0,4636536.0
219.0,4647176.0
223.0,4657808.0
228.0,4668452.0
231.0,4679088.0
233.0,4689720.0
234.0,4700368.0
233.0,4711000.0
231.0,4721632.0
229.0,4732272.0
223.0,4742912.0
219.0,4753560.0
214.0,4764200.0
209.0,4774832.0
206.0,4785472.0
201.0,4796104.0
196.0,4806748.0
190.0,4817384.0
184.0,4828016.0
176.0,4838664.0
171.0,4849296.0
165.0,4859940.0
159.0,4870576.0
153.0,4881208.0
148.0,4891848.0
142.0,4902480.0
139.0,4913112.0
133.0,4923760.0
129.0,4934392.0
125.0,4945036.0
119.0,4955672.0
116.0,4966312.0
111.0,4976952.0
106.0,4987584.0
103.0,4998228.0
100.0,5008864.0
95.0,5019452.0
92.0,5030028.0
90.0,5040604.0
86.0,5051180.0
85.0,5061764.0
83.0,5072340.0
79.0,5082916.0
79.0,5093500.0
77.0,5104076.0
75.0,5114652.0
72.0,5125236.0
71.0,5135812.0
70.0,5146388.0
70.0,5156972.0
68.0,5167540.0
66.0,5178116.0
64.0,5188696.0
63.0,5199268.0
62.0,5209844.0
61.0,5220424.0
59.0,5231004.0
58.0,5241580.0
58.0,5252168.0
57.0,5262740.0
57.0,5273316.0
56.0,5283904.0
55.0,5294476.0
54.0,5305052.0
51.0,5315632.0
52.0,5326204.0
51.0,5336780.0
51.0,5347360.0
50.0,5357932.0
50.0,5368508.0
49.0,5379088.0
48.0,5389660.0
49.0,5400236.0
49.0,5410816.0
48.0,5421396.0
47.0,5431972.0
48.0,5442560.0
48.0,5453132.0
46.0,5463708.0
45.0,5474284.0
45.0,5484868.0
44.0,5495444.0
44.0,5506020.0
44.0,5516604.0
41.0,5527180.0
43.0,5537756.0
42.0,5548332.0
41.0,5558908.0
41.0,5569484.0
40.0,5580060.0
41.0,5590636.0
41.0,5601212.0
40.0,5611788.0
41.0,5622364.0
41.0,5632940.0
41.0,5643516.0
41.0,5654092.0
42.0,5664668.0
42.0,5675252.0
41.0,5685828.0
41.0,5696404.0
40.0,5706980.0
40.0,5717556.0
40.0,5728132.0
40.0,5738716.0
40.0,5749292.0
40.0,5759868.0
38.0,5770460.0
39.0,5781036.0
40.0,5791612.0
40.0,5802188.0
38.0,5812764.0
39.0,5823340.0
38.0,5833924.0
39.0,5844500.0
39.0,5855076.0
39.0,5865660.0
39.0,5876236.0
39.0,5886812.0
39.0,5897396.0
38.0,5907972.0
39.0,5918548.0
38.0,5929132.0
38.0,5939708.0
38.0,5950284.0
38.0,5960868.0
39.0,5971444.0
40.0,5982020.0
39.0,5992604.0
38.0,6003180.0
38.0,6013756.0
38.0,6024340.0
38.0,6034916.0
39.0,6045492.0
39.0,6056076.0
38.0,6066652.0
38.0,6077228.0
38.0,6087812.0
39.0,6098388.0
38.0,6108964.0
38.0,6119540.0
38.0,6130116.0
38.0,6140692.0
38.0,6151276.0
38.0,6161852.0
39.0,6172428.0
39.0,6183008.0
39.0,6193588.0
38.0,6204164.0
39.0,6214752.0
37.0,6225332.0
37.0,6235908.0
37.0,6246496.0
36.0,6257068.0
37.0,6267644.0
36.0,6278224.0
36.0,6288804.0
36.0,6299380.0
36.0,6309968.0
36.0,6320548.0
36.0,6331124.0
35.0,6341712.0
36.0,6352292.0
36.0,6362868.0
36.0,6373456.0
36.0,6384036.0
35.0,6394612.0
35.0,6405200.0
35.0,6415772.0
35.0,6426348.0
36.0,6436928.0
36.0,6447500.0
36.0,6458076.0
36.0,6468656.0
36.0,6479228.0
39.0,6489804.0
45.0,6500384.0
49.0,6510964.0
50.0,6521540.0
58.0,6532128.0
75.0,6542708.0
73.0,6553284.0
68.0,6563872.0
73.0,6574444.0
64.0,6585012.0
63.0,6595592.0
62.0,6606172.0
56.0,6616748.0
53.0,6627328.0
51.0,6637908.0
48.0,6648484.0
46.0,6659060.0
45.0,6669636.0
42.0,6680212.0
41.0,6690788.0
41.0,6701364.0
40.0,6711940.0
44.0,6722516.0
41.0,6733100.0
42.0,6743676.0
40.0,6754252.0
40.0,6764828.0
38.0,6775396.0
36.0,6785972.0
36.0,6796556.0
35.0,6807132.0
34.0,6817708.0
34.0,6828292.0
33.0,6838868.0
33.0,6849444.0
33.0,6860028.0
33.0,6870604.0
32.0,6881180.0
34.0,6891764.0
34.0,6902340.0
34.0,6912916.0
34.0,6923500.0
33.0,6934076.0
32.0,6944652.0
33.0,6955228.0
33.0,6965804.0
33.0,6976380.0
33.0,6986956.0
34.0,6997532.0
34.0,7008108.0
33.0,7018684.0
33.0,7029260.0
34.0,7039836.0
34.0,7050420.0
33.0,7060996.0
34.0,7071572.0
33.0,7082156.0
35.0,7092732.0
34.0,7103308.0
33.0,7113892.0
33.0,7124468.0
32.0,7135044.0
33.0,7145628.0
33.0,7156204.0
33.0,7166780.0
32.0,7177364.0
32.0,7187940.0
31.0,7198516.0
32.0,7209100.0
31.0,7219676.0
33.0,7230252.0
32.0,7240828.0
33.0,7251404.0
34.0,7261980.0
33.0,7272564.0
33.0,7283140.0
33.0,7293716.0
34.0,7304300.0
34.0,7314876.0
34.0,7325452.0
34.0,7336040.0
33.0,7346612.0
33.0,7357188.0
33.0,7367776.0
32.0,7378356.0
33.0,7388932.0
32.0,7399512.0
33.0,7410092.0
33.0,7420668.0
32.0,7431256.0
33.0,7441836.0
32.0,7452412.0
32.0,7463000.0
31.0,7473580.0
32.0,7484156.0
32.0,7494744.0
31.0,7505324.0
31.0,7515900.0
32.0,7526488.0
31.0,7537060.0
31.0,7547636.0
31.0,7558224.0
31.0,7568804.0
30.0,7579380.0
30.0,7589968.0
31.0,7600548.0
30.0,7611124.0
31.0,7621712.0
31.0,7632292.0
31.0,7642868.0
32.0,7653456.0
32.0,7664036.0
32.0,7674612.0
33.0,7685200.0
33.0,7695772.0
32.0,7706348.0
33.0,7716928.0
33.0,7727508.0
32.0,7738084.0
32.0,7748672.0
32.0,7759252.0
33.0,7769828.0
32.0,7780416.0
32.0,7790996.0
33.0,7801572.0
32.0,7812160.0
33.0,7822732.0
33.0,7833308.0
33.0,7843896.0
32.0,7854476.0
32.0,7865052.0
33.0,7875632.0
33.0,7886212.0
33.0,7896788.0
31.0,7907376.0
31.0,7917956.0
31.0,7928532.0
32.0,7939120.0
32.0,7949700.0
32.0,7960276.0
32.0,7970864.0
32.0,7981444.0
32.0,7992020.0
31.0,8002608.0
31.0,8013180.0
32.0,8023756.0
33.0,8034344.0
32.0,8044916.0
32.0,8055492.0
32.0,8066080.0
32.0,8076660.0
32.0,8087236.0
32.0,8097824.0
31.0,8108396.0
31.0,8118972.0
31.0,8129560.0
32.0,8140140.0
33.0,8150716.0
32.0,8161304.0
33.0,8171876.0
32.0,8182452.0
33.0,8193040.0
32.0,8203612.0
32.0,8214188.0
32.0,8224768.0
32.0,8235340.0
32.0,8245916.0
32.0,8256492.0
32.0,8267068.0
32.0,8277644.0
32.0,8288220.0
32.0,8298796.0
32.0,8309372.0
31.0,8319948.0
31.0,8330532.0
32.0,8341108.0
31.0,8351684.0
31.0,8362260.0
31.0,8372836.0
31.0,8383412.0
31.0,8393996.0
30.0,8404572.0
30.0,8415148.0
30.0,8425732.0
31.0,8436308.0
30.0,8446884.0
30.0,8457460.0
30.0,8468036.0
30.0,8478612.0
30.0,8489196.0
30.0,8499772.0
30.0,8510348.0
30.0,8520932.0
30.0,8531508.0
30.0,8542084.0
30.0,8552668.0
31.0,8563244.0
31.0,8573820.0
31.0,8584412.0
31.0,8594988.0
32.0,8605564.0
31.0,8616140.0
32.0,8626716.0
31.0,8637292.0
31.0,8647876.0
31.0,8658452.0
32.0,8669028.0
31.0,8679604.0
32.0,8690180.0
32.0,8700756.0
32.0,8711340.0
32.0,8721916.0
32.0,8732492.0
32.0,8743068.0
32.0,8753644.0
32.0,8764220.0
33.0,8774804.0
32.0,8785380.0
32.0,8795956.0
32.0,8806540.0
32.0,8817116.0
31.0,8827692.0
31.0,8838268.0
31.0,8848844.0
31.0,8859420.0
31.0,8869996.0
31.0,8880572.0
30.0,8891148.0
31.0,8901736.0
31.0,8912316.0
30.0,8922892.0
30.0,8933480.0
31.0,8944060.0
30.0,8954636.0
31.0,8965224.0
31.0,8975796.0
31.0,8986372.0
31.0,8996960.0
32.0,9007540.0
32.0,9018116.0
32.0,9028696.0
31.0,9039268.0
31.0,9049844.0
30.0,9060424.0
30.0,9071004.0
30.0,9081580.0
29.0,9092168.0
30.0,9102748.0
31.0,9113324.0
32.0,9123912.0
32.0,9134492.0
33.0,9145068.0
32.0,9155656.0
31.0,9166236.0
31.0,9176812.0
31.0,9187392.0
31.0,9197972.0
31.0,9208548.0
31.0,9219136.0
31.0,9229708.0
32.0,9240284.0
32.0,9250864.0
32.0,9261444.0
32.0,9272020.0
31.0,9282608.0
32.0,9293188.0
32.0,9303764.0
31.0,9314352.0
31.0,9324932.0
31.0,9335508.0
31.0,9346096.0
31.0,9356668.0
30.0,9367244.0
30.0,9377832.0
31.0,9388412.0
31.0,9398988.0
31.0,9409576.0
31.0,9420156.0
30.0,9430732.0
31.0,9441320.0
30.0,9451892.0
31.0,9462468.0
31.0,9473056.0
32.0,9483636.0
31.0,9494212.0
31.0,9504800.0
31.0,9515372.0
31.0,9525948.0
30.0,9536536.0
30.0,9547116.0
30.0,9557692.0
30.0,9568280.0
30.0,9578860.0
31.0,9589436.0
31.0,9600028.0
30.0,9610604.0
31.0,9621180.0
32.0,9631768.0
32.0,9642348.0
30.0,9652924.0
31.0,9663512.0
31.0,9674092.0
30.0,9684668.0
31.0,9695256.0
31.0,9705836.0
30.0,9716412.0
30.0,9727000.0
30.0,9737580.0
30.0,9748156.0
31.0,9758744.0
31.0,9769324.0
31.0,9779900.0
32.0,9790488.0
32.0,9801068.0
32.0,9811644.0
32.0,9822232.0
31.0,9832812.0
31.0,9843388.0
31.0,9853968.0
31.0,9864548.0
31.0,9875124.0
31.0,9885712.0
30.0,9896292.0
30.0,9906868.0
30.0,9917456.0
30.0,9928036.0
29.0,9938612.0
30.0,9949192.0
30.0,9959772.0
30.0,9970348.0
30.0,9980936.0
30.0,9991516.0
29.0,10002092.0
28.0,10012720.0
29.0,10023340.0
30.0,10033956.0
29.0,10044588.0
29.0,10055212.0
31.0,10065836.0
30.0,10076460.0
31.0,10087076.0
31.0,10097704.0
31.0,10108324.0
31.0,10118940.0
32.0,10129564.0
32.0,10140180.0
32.0,10150796.0
31.0,10161420.0
32.0,10172036.0
32.0,10182672.0
32.0,10193292.0
31.0,10203908.0
31.0,10214532.0
31.0,10225148.0
30.0,10235764.0
30.0,10246388.0
29.0,10257004.0
31.0,10267628.0
31.0,10278252.0
31.0,10288876.0
30.0,10299500.0
29.0,10310116.0
30.0,10320740.0
29.0,10331364.0
29.0,10341980.0
29.0,10352596.0
29.0,10363220.0
29.0,10373836.0
29.0,10384464.0
29.0,10395084.0
29.0,10405700.0
29.0,10416324.0
28.0,10426940.0
28.0,10437556.0
28.0,10448180.0
29.0,10458796.0
29.0,10469424.0
29.0,10480044.0
29.0,10490660.0
31.0,10501284.0
32.0,10511900.0
32.0,10522516.0
34.0,10533140.0
33.0,10543756.0
33.0,10554384.0
32.0,10565004.0
32.0,10575620.0
31.0,10586244.0
32.0,10596860.0
31.0,10607476.0
30.0,10618100.0
31.0,10628724.0
30.0,10639348.0
31.0,10649972.0
31.0,10660588.0
32.0,10671212.0
31.0,10681828.0
32.0,10692444.0
32.0,10703068.0
32.0,10713684.0
32.0,10724300.0
32.0,10734924.0
31.0,10745540.0
32.0,10756168.0
32.0,10766788.0
31.0,10777404.0
31.0,10788028.0
31.0,10798644.0
31.0,10809260.0
31.0,10819884.0
32.0,10830500.0
31.0,10841128.0
30.0,10851748.0
30.0,10862364.0
29.0,10872988.0
29.0,10883604.0
30.0,10894220.0
29.0,10904844.0
29.0,10915460.0
29.0,10926088.0
29.0,10936708.0
29.0,10947324.0
29.0,10957948.0
29.0,10968572.0
29.0,10979188.0
28.0,10989812.0
29.0,11000428.0
29.0,11011052.0
30.0,11021676.0
30.0,11032300.0
29.0,11042932.0
30.0,11053548.0
29.0,11064164.0
31.0,11074788.0
30.0,11085404.0
31.0,11096020.0
31.0,11106644.0
30.0,11117268.0
31.0,11127904.0
30.0,11138524.0
32.0,11149140.0
32.0,11159772.0
31.0,11170388.0
31.0,11181004.0
31.0,11191628.0
30.0,11202244.0
31.0,11212872.0
30.0,11223492.0
31.0,11234116.0
31.0,11244740.0
31.0,11255356.0
31.0,11265972.0
32.0,11276596.0
31.0,11287220.0
31.0,11297848.0
31.0,11308468.0
31.0,11319092.0
31.0,11329716.0
31.0,11340332.0
31.0,11350948.0
31.0,11361572.0
31.0,11372196.0
31.0,11382824.0
31.0,11393444.0
31.0,11404060.0
31.0,11414684.0
30.0,11425300.0
32.0,11435916.0
31.0,11446540.0
32.0,11457156.0
31.0,11467792.0
32.0,11478412.0
32.0,11489036.0
31.0,11499660.0
31.0,11510284.0
31.0,11520900.0
30.0,11531524.0
31.0,11542140.0
31.0,11552768.0
31.0,11563388.0
30.0,11574004.0
29.0,11584628.0
29.0,11595244.0
30.0,11605860.0
30.0,11616484.0
30.0,11627100.0
30.0,11637716.0
31.0,11648340.0
31.0,11658956.0
30.0,11669584.0
31.0,11680204.0
31.0,11690820.0
31.0,11701444.0
31.0,11712068.0
31.0,11722684.0
31.0,11733308.0
32.0,11743924.0
31.0,11754552.0
31.0,11765172.0
31.0,11775788.0
32.0,11786412.0
31.0,11797028.0
33.0,11807644.0
33.0,11818268.0
32.0,11828892.0
32.0,11839520.0
31.0,11850140.0
31.0,11860756.0
32.0,11871388.0
32.0,11882004.0
31.0,11892620.0
31.0,11903244.0
31.0,11913860.0
31.0,11924488.0
30.0,11935108.0
30.0,11945724.0
31.0,11956348.0
31.0,11966964.0
31.0,11977580.0
30.0,11988204.0
30.0,11998820.0
30.0,12009436.0
30.0,12020060.0
30.0,12030684.0
30.0,12041312.0
31.0,12051932.0
31.0,12062548.0
31.0,12073180.0
31.0,12083796.0
31.0,12094412.0
31.0,12105036.0
31.0,12115652.0
30.0,12126280.0
31.0,12136900.0
30.0,12147516.0
30.0,12158148.0
29.0,12168764.0
29.0,12179380.0
29.0,12190004.0
30.0,12200620.0
30.0,12211248.0
30.0,12221868.0
30.0,12232484.0
30.0,12243108.0
30.0,12253724.0
31.0,12264340.0
30.0,12274964.0
31.0,12285588.0
30.0,12296216.0
31.0,12306836.0
30.0,12317460.0
31.0,12328084.0
32.0,12338708.0
31.0,12349324.0
33.0,12359948.0
32.0,12370564.0
33.0,12381192.0
34.0,12391812.0
33.0,12402428.0
32.0,12413052.0
34.0,12423668.0
39.0,12434284.0
43.0,12444908.0
58.0,12455532.0
60.0,12466156.0
61.0,12476780.0
68.0,12487396.0
73.0,12498024.0
89.0,12508644.0
102.0,12519304.0
102.0,12529984.0
117.0,12540656.0
143.0,12551336.0
131.0,12562008.0
132.0,12572684.0
128.0,12583360.0
125.0,12594032.0
136.0,12604712.0
155.0,12615384.0
142.0,12626072.0
123.0,12636744.0
124.0,12647420.0
149.0,12658096.0
156.0,12668768.0
153.0,12679448.0
156.0,12690120.0
164.0,12700804.0
149.0,12711472.0
141.0,12722144.0
144.0,12732824.0
154.0,12743496.0
145.0,12754176.0
148.0,12764848.0
156.0,12775536.0
165.0,12786208.0
158.0,12796880.0
162.0,12807560.0
163.0,12818232.0
164.0,12828904.0
159.0,12839576.0
169.0,12850260.0
156.0,12860928.0
156.0,12871600.0
144.0,12882280.0
134.0,12892952.0
163.0,12903624.0
158.0,12914296.0
151.0,12924984.0
134.0,12935656.0
128.0,12946328.0
132.0,12957000.0
123.0,12967672.0
120.0,12978352.0
127.0,12989024.0
124.0,12999700.0
122.0,13010376.0
148.0,13021048.0
149.0,13031728.0
148.0,13042400.0
154.0,13053080.0
139.0,13063752.0
131.0,13074428.0
141.0,13085104.0
137.0,13095776.0
121.0,13106456.0
124.0,13117128.0
133.0,13127808.0
143.0,13138480.0
136.0,13149152.0
138.0,13159824.0
148.0,13170496.0
136.0,13181168.0
154.0,13191840.0
141.0,13202520.0
127.0,13213184.0
136.0,13223856.0
140.0,13234528.0
139.0,13245200.0
136.0,13255872.0
129.0,13266544.0
143.0,13277220.0
129.0,13287888.0
130.0,13298560.0
128.0,13309232.0
134.0,13319904.0
137.0,13330580.0
129.0,13341248.0
129.0,13351920.0
130.0,13362600.0
123.0,13373272.0
120.0,13383952.0
131.0,13394624.0
133.0,13405300.0
125.0,13415976.0
135.0,13426648.0
130.0,13437328.0
128.0,13448000.0
131.0,13458672.0
124.0,13469344.0
112.0,13480020.0
127.0,13490688.0
135.0,13501360.0
135.0,13512040.0
134.0,13522712.0
143.0,13533384.0
134.0,13544056.0
149.0,13554732.0
138.0,13565408.0
137.0,13576080.0
148.0,13586752.0
144.0,13597424.0
152.0,13608104.0
166.0,13618776.0
156.0,13629456.0
162.0,13640120.0
142.0,13650792.0
136.0,13661472.0
130.0,13672144.0
147.0,13682832.0
144.0,13693504.0
154.0,13704176.0
161.0,13714848.0
168.0,13725520.0
160.0,13736200.0
167.0,13746872.0
159.0,13757560.0
136.0,13768232.0
147.0,13778904.0
139.0,13789576.0
130.0,13800248.0
135.0,13810920.0
133.0,13821592.0
132.0,13832276.0
129.0,13842944.0
120.0,13853616.0
111.0,13864288.0
111.0,13874960.0
107.0,13885640.0
122.0,13896312.0
132.0,13906996.0
146.0,13917672.0
139.0,13928344.0
133.0,13939016.0
130.0,13949688.0
122.0,13960368.0
116.0,13971040.0
108.0,13981716.0
104.0,13992392.0
100.0,14003064.0
99.0,14013700.0
112.0,14024360.0
116.0,14035048.0
121.0,14045720.0
134.0,14056392.0
158.0,14067072.0
146.0,14077744.0
140.0,14088424.0
138.0,14099096.0
152.0,14109784.0
150.0,14120456.0
169.0,14131128.0
162.0,14141808.0
150.0,14152480.0
158.0,14163152.0
159.0,14173824.0
152.0,14184512.0
153.0,14195184.0
173.0,14205856.0
149.0,14216536.0
135.0,14227208.0
140.0,14237888.0
134.0,14248560.0
132.0,14259244.0
123.0,14269912.0
128.0,14280584.0
132.0,14291264.0
131.0,14301936.0
127.0,14312616.0
127.0,14323288.0
124.0,14333964.0
126.0,14344640.0
144.0,14355312.0
161.0,14365992.0
151.0,14376664.0
156.0,14387352.0
157.0,14398024.0
138.0,14408700.0
133.0,14419368.0
161.0,14430040.0
147.0,14440712.0
131.0,14451384.0
120.0,14462060.0
109.0,14472736.0
105.0,14483408.0
103.0,14494080.0
124.0,14504752.0
139.0,14515432.0
147.0,14526104.0
156.0,14536792.0
140.0,14547464.0
139.0,14558136.0
141.0,14568816.0
147.0,14579488.0
160.0,14590168.0
141.0,14600840.0
126.0,14611516.0
134.0,14622192.0
128.0,14632864.0
115.0,14643544.0
119.0,14654216.0
135.0,14664896.0
153.0,14675568.0
137.0,14686252.0
130.0,14696928.0
122.0,14707600.0
126.0,14718280.0
123.0,14728952.0
127.0,14739632.0
127.0,14750304.0
116.0,14760980.0
130.0,14771648.0
121.0,14782320.0
113.0,14793000.0
105.0,14803672.0
101.0,14814356.0
103.0,14825032.0
103.0,14835708.0
110.0,14846384.0
103.0,14857056.0
108.0,14867728.0
105.0,14878400.0
105.0,14889084.0
116.0,14899752.0
104.0,14910424.0
95.0,14921060.0
89.0,14931676.0
98.0,14942304.0
105.0,14952968.0
114.0,14963640.0
111.0,14974320.0
112.0,14984992.0
113.0,14995672.0
105.0,15006344.0
107.0,15017028.0
108.0,15027704.0
98.0,15038332.0
89.0,15048964.0
87.0,15059588.0
98.0,15070224.0
111.0,15080896.0
100.0,15091568.0
117.0,15102248.0
124.0,15112920.0
116.0,15123604.0
114.0,15134280.0
105.0,15144956.0
104.0,15155632.0
107.0,15166304.0
105.0,15176984.0
100.0,15187656.0
105.0,15198340.0
101.0,15209016.0
99.0,15219644.0
95.0,15230268.0
92.0,15240884.0
91.0,15251512.0
96.0,15262132.0
97.0,15272748.0
88.0,15283372.0
83.0,15293988.0
80.0,15304604.0
75.0,15315228.0
75.0,15325844.0
70.0,15336476.0
86.0,15347100.0
88.0,15357724.0
109.0,15368392.0
95.0,15379020.0
90.0,15389636.0
94.0,15400260.0
86.0,15410876.0
82.0,15421512.0
92.0,15432132.0
99.0,15442756.0
100.0,15453424.0
98.0,15464052.0
93.0,15474676.0
86.0,15485300.0
84.0,15495916.0
101.0,15506584.0
100.0,15517256.0
97.0,15527884.0
93.0,15538508.0
95.0,15549124.0
93.0,15559752.0
92.0,15570380.0
88.0,15580996.0
89.0,15591620.0
98.0,15602236.0
111.0,15612896.0
108.0,15623576.0
100.0,15634248.0
90.0,15644892.0
90.0,15655508.0
92.0,15666124.0
89.0,15676748.0
95.0,15687364.0
87.0,15698000.0
86.0,15708620.0
89.0,15719236.0
100.0,15729912.0
96.0,15740540.0
89.0,15751168.0
90.0,15761788.0
82.0,15772412.0
78.0,15783036.0
77.0,15793652.0
77.0,15804268.0
71.0,15814892.0
71.0,15825508.0
68.0,15836124.0
84.0,15846748.0
87.0,15857372.0
85.0,15868000.0
89.0,15878620.0
81.0,15889244.0
83.0,15899868.0
80.0,15910484.0
87.0,15921100.0
80.0,15931724.0
73.0,15942340.0
87.0,15952968.0
100.0,15963632.0
91.0,15974260.0
82.0,15984884.0
76.0,15995500.0
71.0,16006124.0
85.0,16016748.0
83.0,16027364.0
90.0,16037992.0
90.0,16048612.0
83.0,16059236.0
104.0,16069904.0
93.0,16080532.0
86.0,16091160.0
80.0,16101780.0
83.0,16112404.0
80.0,16123028.0
74.0,16133644.0
72.0,16144260.0
68.0,16154884.0
66.0,16165500.0
64.0,16176136.0
85.0,16186756.0
87.0,16197372.0
82.0,16207996.0
81.0,16218612.0
78.0,16229228.0
80.0,16239852.0
79.0,16250468.0
87.0,16261084.0
85.0,16271708.0
92.0,16282324.0
90.0,16292952.0
84.0,16303572.0
81.0,16314188.0
82.0,16324820.0
80.0,16335436.0
84.0,16346052.0
88.0,16356676.0
92.0,16367292.0
90.0,16377920.0
95.0,16388540.0
101.0,16399200.0
99.0,16409836.0
92.0,16420452.0
81.0,16431068.0
88.0,16441692.0
85.0,16452308.0
90.0,16462936.0
82.0,16473556.0
79.0,16484180.0
78.0,16494812.0
90.0,16505428.0
86.0,16516044.0
88.0,16526668.0
96.0,16537284.0
90.0,16547912.0
91.0,16558532.0
87.0,16569148.0
93.0,16579772.0
90.0,16590388.0
82.0,16601012.0
83.0,16611636.0
84.0,16622260.0
96.0,16632888.0
105.0,16643552.0
111.0,16654224.0
102.0,16664896.0
89.0,16675524.0
81.0,16686152.0
74.0,16696772.0
69.0,16707388.0
61.0,16718012.0
61.0,16728628.0
55.0,16739244.0
56.0,16749868.0
60.0,16760484.0
58.0,16771112.0
57.0,16781732.0
56.0,16792348.0
50.0,16802972.0
46.0,16813588.0
42.0,16824204.0
39.0,16834828.0
37.0,16845444.0
36.0,16856072.0
38.0,16866692.0
39.0,16877316.0
39.0,16887940.0
38.0,16898556.0
38.0,16909172.0
37.0,16919796.0
36.0,16930412.0
36.0,16941036.0
37.0,16951660.0
37.0,16962276.0
36.0,16972904.0
39.0,16983524.0
38.0,16994148.0
39.0,17004772.0
42.0,17015388.0
40.0,17026004.0
40.0,17036628.0
41.0,17047244.0
40.0,17057872.0
39.0,17068492.0
39.0,17079116.0
39.0,17089748.0
39.0,17100364.0
39.0,17110980.0
39.0,17121604.0
38.0,17132220.0
40.0,17142848.0
42.0,17153468.0
42.0,17164084.0
44.0,17174708.0
44.0,17185324.0
42.0,17195948.0
42.0,17206572.0
42.0,17217188.0
42.0,17227816.0
40.0,17238436.0
40.0,17249060.0
40.0,17259684.0
42.0,17270300.0
42.0,17280916.0
41.0,17291540.0
42.0,17302156.0
42.0,17312784.0
41.0,17323404.0
41.0,17334020.0
41.0,17344644.0
41.0,17355260.0
41.0,17365876.0
41.0,17376500.0
41.0,17387116.0
41.0,17397748.0
40.0,17408380.0
41.0,17418996.0
41.0,17429620.0
40.0,17440236.0
38.0,17450852.0
39.0,17461476.0
40.0,17472092.0
40.0,17482708.0
39.0,17493332.0
39.0,17503948.0
39.0,17514576.0
40.0,17525196.0
39.0,17535812.0
39.0,17546436.0
39.0,17557060.0
40.0,17567676.0
40.0,17578300.0
39.0,17588916.0
39.0,17599544.0
39.0,17610164.0
39.0,17620780.0
39.0,17631404.0
39.0,17642020.0
38.0,17652644.0
38.0,17663268.0
39.0,17673884.0
38.0,17684512.0
39.0,17695132.0
39.0,17705756.0
38.0,17716380.0
39.0,17726996.0
38.0,17737612.0
38.0,17748236.0
39.0,17758852.0
37.0,17769488.0
38.0,17780108.0
38.0,17790732.0
38.0,17801356.0
37.0,17811972.0
38.0,17822588.0
38.0,17833212.0
37.0,17843828.0
37.0,17854452.0
38.0,17865076.0
37.0,17875692.0
36.0,17886316.0
36.0,17896940.0
36.0,17907556.0
37.0,17918188.0
36.0,17928812.0
37.0,17939436.0
36.0,17950060.0
36.0,17960676.0
36.0,17971304.0
37.0,17981924.0
36.0,17992540.0
37.0,18003164.0
36.0,18013780.0
36.0,18024396.0
36.0,18035020.0
36.0,18045636.0
36.0,18056264.0
36.0,18066884.0
36.0,18077500.0
36.0,18088124.0
37.0,18098748.0
36.0,18109364.0
36.0,18119988.0
37.0,18130604.0
36.0,18141232.0
36.0,18151852.0
36.0,18162468.0
36.0,18173100.0
36.0,18183716.0
35.0,18194332.0
35.0,18204956.0
37.0,18215572.0
37.0,18226200.0
37.0,18236820.0
37.0,18247436.0
37.0,18258060.0
37.0,18268676.0
37.0,18279292.0
37.0,18289916.0
37.0,18300532.0
37.0,18311156.0
37.0,18321780.0
37.0,18332396.0
37.0,18343020.0
37.0,18353636.0
38.0,18364260.0
37.0,18374884.0
37.0,18385508.0
37.0,18396124.0
36.0,18406748.0
36.0,18417364.0
37.0,18428000.0
37.0,18438620.0
36.0,18449236.0
37.0,18459868.0
37.0,18470484.0
35.0,18481100.0
35.0,18491724.0
35.0,18502340.0
35.0,18512968.0
35.0,18523588.0
35.0,18534204.0
35.0,18544828.0
35.0,18555444.0
35.0,18566060.0
36.0,18576684.0
36.0,18587300.0
36.0,18597928.0
36.0,18608548.0
35.0,18619164.0
35.0,18629788.0
35.0,18640404.0
35.0,18651020.0
35.0,18661644.0
34.0,18672260.0
34.0,18682888.0
34.0,18693508.0
34.0,18704124.0
35.0,18714748.0
35.0,18725364.0
35.0,18735980.0
35.0,18746604.0
35.0,18757220.0
36.0,18767836.0
35.0,18778460.0
35.0,18789076.0
34.0,18799704.0
35.0,18810332.0
34.0,18820948.0
34.0,18831580.0
35.0,18842196.0
34.0,18852812.0
34.0,18863436.0
35.0,18874052.0
35.0,18884688.0
34.0,18895308.0
33.0,18905924.0
34.0,18916548.0
34.0,18927164.0
33.0,18937780.0
33.0,18948404.0
33.0,18959028.0
33.0,18969656.0
34.0,18980276.0
34.0,18990892.0
34.0,19001516.0
34.0,19012140.0
33.0,19022756.0
34.0,19033380.0
34.0,19044004.0
34.0,19054632.0
34.0,19065252.0
34.0,19075876.0
34.0,19086508.0
34.0,19097124.0
34.0,19107740.0
33.0,19118364.0
32.0,19128988.0
32.0,19139616.0
31.0,19150236.0
31.0,19160860.0
33.0,19171484.0
32.0,19182100.0
32.0,19192716.0
32.0,19203340.0
32.0,19213956.0
32.0,19224584.0
32.0,19235204.0
34.0,19245820.0
33.0,19256444.0
32.0,19267060.0
33.0,19277676.0
32.0,19288300.0
32.0,19298916.0
32.0,19309532.0
32.0,19320156.0
33.0,19330772.0
33.0,19341400.0
32.0,19352020.0
33.0,19362636.0
32.0,19373268.0
32.0,19383884.0
33.0,19394500.0
32.0,19405124.0
33.0,19415740.0
32.0,19426376.0
32.0,19437004.0
31.0,19447620.0
32.0,19458244.0
31.0,19468860.0
31.0,19479476.0
31.0,19490100.0
31.0,19500716.0
32.0,19511344.0
32.0,19521964.0
32.0,19532588.0
31.0,19543212.0
31.0,19553828.0
31.0,19564444.0
31.0,19575068.0
32.0,19585684.0
31.0,19596312.0
31.0,19606932.0
30.0,19617548.0
30.0,19628172.0
30.0,19638788.0
30.0,19649412.0
31.0,19660044.0
30.0,19670668.0
31.0,19681296.0
31.0,19691916.0
31.0,19702540.0
31.0,19713164.0
31.0,19723780.0
32.0,19734404.0
31.0,19745028.0
31.0,19755652.0
30.0,19766280.0
31.0,19776900.0
30.0,19787524.0
32.0,19798148.0
31.0,19808764.0
31.0,19819380.0
31.0,19830004.0
31.0,19840620.0
31.0,19851244.0
30.0,19861868.0
30.0,19872484.0
31.0,19883116.0
31.0,19893732.0
31.0,19904348.0
31.0,19914972.0
31.0,19925588.0
31.0,19936204.0
31.0,19946828.0
31.0,19957452.0
31.0,19968080.0
31.0,19978700.0
30.0,19989316.0
31.0,19999940.0
30.0,20010564.0
30.0,20021188.0
30.0,20031812.0
30.0,20042428.0
31.0,20053056.0
30.0,20063676.0
30.0,20074300.0
30.0,20084924.0
29.0,20095540.0
29.0,20106156.0
29.0,20116780.0
29.0,20127396.0
29.0,20138032.0
29.0,20148652.0
29.0,20159268.0
30.0,20169892.0
29.0,20180508.0
30.0,20191124.0
30.0,20201756.0
31.0,20212372.0
32.0,20223000.0
31.0,20233620.0
31.0,20244236.0
31.0,20254868.0
31.0,20265484.0
31.0,20276100.0
31.0,20286724.0
31.0,20297340.0
31.0,20307968.0
30.0,20318596.0
29.0,20329212.0
30.0,20339836.0
30.0,20350452.0
30.0,20361076.0
30.0,20371700.0
30.0,20382316.0
30.0,20392940.0
30.0,20403564.0
30.0,20414180.0
30.0,20424808.0
29.0,20435428.0
30.0,20446044.0
30.0,20456676.0
29.0,20467300.0
29.0,20477924.0
29.0,20488548.0
30.0,20499164.0
29.0,20509792.0
29.0,20520412.0
29.0,20531028.0
30.0,20541660.0
29.0,20552276.0
29.0,20562892.0
29.0,20573516.0
29.0,20584132.0
29.0,20594760.0
30.0,20605380.0
30.0,20615996.0
30.0,20626628.0
31.0,20637252.0
31.0,20647868.0
31.0,20658492.0
30.0,20669108.0
30.0,20679744.0
30.0,20690364.0
30.0,20700988.0
30.0,20711612.0
29.0,20722228.0
30.0,20732844.0
30.0,20743468.0
30.0,20754092.0
30.0,20764720.0
31.0,20775340.0
31.0,20785956.0
30.0,20796588.0
29.0,20807204.0
29.0,20817820.0
29.0,20828444.0
29.0,20839060.0
30.0,20849688.0
29.0,20860308.0
29.0,20870924.0
30.0,20881548.0
30.0,20892164.0
29.0,20902780.0
30.0,20913404.0
29.0,20924020.0
29.0,20934644.0
30.0,20945268.0
30.0,20955884.0
30.0,20966516.0
29.0,20977140.0
29.0,20987756.0
28.0,20998380.0
29.0,21008996.0
29.0,21019612.0
29.0,21030236.0
30.0,21040852.0
31.0,21051480.0
30.0,21062100.0
31.0,21072724.0
31.0,21083356.0
31.0,21093972.0
31.0,21104588.0
30.0,21115212.0
30.0,21125828.0
30.0,21136456.0
30.0,21147076.0
30.0,21157692.0
30.0,21168316.0
30.0,21178932.0
29.0,21189548.0
30.0,21200172.0
29.0,21210788.0
30.0,21221416.0
30.0,21232036.0
30.0,21242660.0
30.0,21253292.0
30.0,21263908.0
30.0,21274524.0
30.0,21285148.0
29.0,21295764.0
30.0,21306392.0
29.0,21317012.0
29.0,21327628.0
28.0,21338252.0
28.0,21348868.0
29.0,21359484.0
29.0,21370108.0
29.0,21380724.0
30.0,21391348.0
29.0,21401972.0
29.0,21412588.0
29.0,21423212.0
30.0,21433828.0
29.0,21444452.0
29.0,21455076.0
29.0,21465692.0
29.0,21476308.0
29.0,21486932.0
29.0,21497556.0
29.0,21508184.0
29.0,21518804.0
28.0,21529420.0
29.0,21540044.0
29.0,21550660.0
29.0,21561276.0
28.0,21571900.0
28.0,21582516.0
29.0,21593144.0
28.0,21603764.0
28.0,21614388.0
29.0,21625012.0
30.0,21635628.0
30.0,21646244.0
30.0,21656868.0
30.0,21667484.0
30.0,21678120.0
30.0,21688740.0
30.0,21699356.0
30.0,21709980.0
30.0,21720596.0
30.0,21731212.0
30.0,21741836.0
30.0,21752452.0
30.0,21763080.0
30.0,21773700.0
30.0,21784324.0
30.0,21794948.0
30.0,21805572.0
31.0,21816188.0
31.0,21826812.0
30.0,21837436.0
30.0,21848064.0
31.0,21858684.0
31.0,21869308.0
30.0,21879932.0
30.0,21890548.0
30.0,21901164.0
30.0,21911788.0
30.0,21922412.0
30.0,21933036.0
31.0,21943660.0
31.0,21954276.0
30.0,21964904.0
30.0,21975524.0
30.0,21986140.0
30.0,21996764.0
30.0,22007380.0
30.0,22017996.0
30.0,22028620.0
31.0,22039236.0
31.0,22049864.0
31.0,22060484.0
31.0,22071100.0
32.0,22081724.0
35.0,22092340.0
43.0,22102956.0
46.0,22113580.0
60.0,22124196.0
65.0,22134824.0
60.0,22145444.0
65.0,22156060.0
58.0,22166684.0
65.0,22177300.0
73.0,22187916.0
77.0,22198540.0
84.0,22209156.0
94.0,22219784.0
84.0,22230404.0
97.0,22241020.0
106.0,22251688.0
107.0,22262360.0
133.0,22273036.0
127.0,22283712.0
148.0,22294384.0
137.0,22305064.0
125.0,22315736.0
114.0,22326420.0
109.0,22337088.0
110.0,22347760.0
116.0,22358440.0
143.0,22369112.0
123.0,22379792.0
119.0,22390464.0
136.0,22401148.0
135.0,22411816.0
127.0,22422488.0
135.0,22433168.0
125.0,22443840.0
130.0,22454520.0
137.0,22465192.0
139.0,22475876.0
159.0,22486552.0
157.0,22497224.0
163.0,22507904.0
164.0,22518576.0
170.0,22529256.0
152.0,22539928.0
144.0,22550612.0
132.0,22561288.0
153.0,22571960.0
167.0,22582640.0
162.0,22593312.0
145.0,22603984.0
177.0,22614656.0
190.0,22625340.0
181.0,22636016.0
186.0,22646688.0
183.0,22657368.0
181.0,22668040.0
175.0,22678720.0
173.0,22689392.0
168.0,22700076.0
169.0,22710752.0
151.0,22721424.0
146.0,22732104.0
178.0,22742776.0
181.0,22753456.0
185.0,22764128.0
197.0,22774804.0
201.0,22785480.0
187.0,22796152.0
164.0,22806832.0
160.0,22817504.0
173.0,22828184.0
166.0,22838856.0
154.0,22849532.0
174.0,22860208.0
158.0,22870880.0
163.0,22881560.0
168.0,22892232.0
164.0,22902916.0
147.0,22913592.0
153.0,22924264.0
155.0,22934944.0
150.0,22945616.0
150.0,22956296.0
158.0,22966968.0
145.0,22977656.0
147.0,22988328.0
138.0,22999000.0
133.0,23009680.0
129.0,23020352.0
134.0,23031032.0
139.0,23041704.0
127.0,23052380.0
126.0,23063056.0
161.0,23073728.0
143.0,23084400.0
139.0,23095072.0
127.0,23105752.0
136.0,23116424.0
134.0,23127108.0
126.0,23137784.0
118.0,23148456.0
135.0,23159136.0
152.0,23169808.0
134.0,23180488.0
124.0,23191160.0
118.0,23201844.0
130.0,23212520.0
146.0,23223192.0
148.0,23233872.0
138.0,23244544.0
129.0,23255224.0
122.0,23265896.0
119.0,23276580.0
119.0,23287256.0
113.0,23297928.0
120.0,23308600.0
137.0,23319272.0
126.0,23329952.0
119.0,23340624.0
112.0,23351300.0
100.0,23361976.0
104.0,23372648.0
102.0,23383328.0
100.0,23394000.0
96.0,23404640.0
93.0,23415260.0
96.0,23425876.0
98.0,23436508.0
99.0,23447124.0
108.0,23457788.0
103.0,23468464.0
104.0,23479136.0
112.0,23489816.0
102.0,23500488.0
102.0,23511172.0
101.0,23521848.0
102.0,23532520.0
94.0,23543156.0
102.0,23553824.0
98.0,23564460.0
103.0,23575120.0
104.0,23585796.0
107.0,23596472.0
116.0,23607144.0
112.0,23617824.0
107.0,23628496.0
123.0,23639180.0
141.0,23649856.0
143.0,23660528.0
144.0,23671208.0
144.0,23681880.0
146.0,23692552.0
147.0,23703224.0
136.0,23713908.0
119.0,23724584.0
131.0,23735256.0
151.0,23745936.0
161.0,23756608.0
157.0,23767288.0
154.0,23777960.0
165.0,23788644.0
157.0,23799320.0
140.0,23809992.0
128.0,23820672.0
130.0,23831344.0
139.0,23842024.0
143.0,23852696.0
139.0,23863380.0
136.0,23874056.0
143.0,23884728.0
149.0,23895408.0
155.0,23906080.0
147.0,23916760.0
138.0,23927432.0
127.0,23938116.0
114.0,23948792.0
144.0,23959464.0
148.0,23970144.0
145.0,23980816.0
135.0,23991496.0
135.0,24002168.0
119.0,24012852.0
104.0,24023520.0
109.0,24034192.0
112.0,24044872.0
110.0,24055544.0
106.0,24066224.0
110.0,24076896.0
105.0,24087572.0
101.0,24098248.0
102.0,24108920.0
114.0,24119600.0
107.0,24130272.0
120.0,24140952.0
129.0,24151624.0
116.0,24162300.0
111.0,24172976.0
99.0,24183604.0
121.0,24194272.0
135.0,24204944.0
118.0,24215628.0
107.0,24226304.0
112.0,24236976.0
115.0,24247656.0
122.0,24258328.0
111.0,24269008.0
106.0,24279680.0
106.0,24290364.0
117.0,24301040.0
116.0,24311712.0
106.0,24322392.0
112.0,24333064.0
113.0,24343744.0
104.0,24354416.0
101.0,24365100.0
104.0,24375776.0
105.0,24386448.0
108.0,24397128.0
94.0,24407756.0
94.0,24418384.0
92.0,24429004.0
91.0,24439620.0
100.0,24450288.0
97.0,24460916.0
91.0,24471540.0
99.0,24482172.0
99.0,24492788.0
98.0,24503412.0
92.0,24514028.0
89.0,24524644.0
89.0,24535276.0
87.0,24545892.0
81.0,24556516.0
80.0,24567148.0
89.0,24577772.0
104.0,24588440.0
108.0,24599112.0
112.0,24609788.0
110.0,24620456.0
105.0,24631128.0
101.0,24641808.0
114.0,24652480.0
99.0,24663120.0
90.0,24673740.0
83.0,24684356.0
80.0,24694980.0
74.0,24705596.0
83.0,24716212.0
99.0,24726836.0
101.0,24737496.0
95.0,24748136.0
105.0,24758800.0
101.0,24769472.0
105.0,24780152.0
100.0,24790824.0
96.0,24801460.0
98.0,24812084.0
93.0,24822700.0
96.0,24833324.0
99.0,24843940.0
98.0,24854576.0
98.0,24865196.0
91.0,24875812.0
93.0,24886436.0
97.0,24897052.0
90.0,24907668.0
93.0,24918292.0
100.0,24928952.0
99.0,24939592.0
92.0,24950212.0
95.0,24960828.0
91.0,24971452.0
92.0,24982068.0
88.0,24992684.0
89.0,25003308.0
99.0,25013924.0
100.0,25024596.0
96.0,25035228.0
101.0,25045888.0
96.0,25056524.0
89.0,25067140.0
91.0,25077768.0
86.0,25088388.0
82.0,25099004.0
84.0,25109628.0
105.0,25120288.0
106.0,25130960.0
94.0,25141596.0
89.0,25152220.0
88.0,25162848.0
82.0,25173468.0
83.0,25184084.0
81.0,25194716.0
94.0,25205340.0
93.0,25215956.0
101.0,25226624.0
93.0,25237252.0
95.0,25247876.0
94.0,25258500.0
91.0,25269116.0
91.0,25279748.0
102.0,25290416.0
108.0,25301100.0
97.0,25311732.0
89.0,25322356.0
82.0,25332980.0
103.0,25343640.0
97.0,25354280.0
93.0,25364900.0
89.0,25375516.0
80.0,25386140.0
78.0,25396764.0
81.0,25407380.0
81.0,25418004.0
79.0,25428620.0
73.0,25439248.0
99.0,25449876.0
94.0,25460492.0
88.0,25471124.0
85.0,25481748.0
86.0,25492364.0
91.0,25502996.0
90.0,25513620.0
105.0,25524292.0
91.0,25534924.0
97.0,25545548.0
102.0,25556216.0
89.0,25566844.0
82.0,25577472.0
80.0,25588100.0
87.0,25598724.0
94.0,25609348.0
103.0,25620008.0
101.0,25630680.0
99.0,25641316.0
93.0,25651932.0
94.0,25662560.0
91.0,25673180.0
81.0,25683804.0
81.0,25694428.0
85.0,25705044.0
91.0,25715660.0
97.0,25726284.0
91.0,25736900.0
82.0,25747528.0
87.0,25758148.0
90.0,25768764.0
90.0,25779388.0
97.0,25790004.0
90.0,25800620.0
87.0,25811244.0
81.0,25821860.0
76.0,25832488.0
81.0,25843108.0
81.0,25853724.0
77.0,25864348.0
85.0,25874964.0
85.0,25885580.0
82.0,25896204.0
77.0,25906820.0
77.0,25917448.0
74.0,25928068.0
78.0,25938684.0
78.0,25949308.0
82.0,25959924.0
81.0,25970540.0
79.0,25981164.0
81.0,25991780.0
89.0,26002396.0
79.0,26013020.0
74.0,26023636.0
88.0,26034264.0
87.0,26044884.0
91.0,26055500.0
89.0,26066124.0
91.0,26076740.0
93.0,26087356.0
88.0,26097980.0
89.0,26108596.0
92.0,26119224.0
96.0,26129844.0
85.0,26140460.0
79.0,26151084.0
74.0,26161700.0
70.0,26172316.0
70.0,26182940.0
70.0,26193564.0
70.0,26204192.0
69.0,26214812.0
77.0,26225428.0
78.0,26236052.0
84.0,26246676.0
84.0,26257292.0
84.0,26267916.0
90.0,26278532.0
98.0,26289160.0
97.0,26299780.0
91.0,26310404.0
83.0,26321028.0
80.0,26331644.0
79.0,26342260.0
78.0,26352884.0
81.0,26363500.0
83.0,26374124.0
80.0,26384748.0
76.0,26395364.0
71.0,26405992.0
81.0,26416612.0
82.0,26427236.0
82.0,26437860.0
78.0,26448476.0
72.0,26459092.0
64.0,26469716.0
75.0,26480332.0
84.0,26490960.0
76.0,26501580.0
70.0,26512196.0
68.0,26522820.0
76.0,26533436.0
86.0,26544052.0
83.0,26554676.0
79.0,26565300.0
73.0,26575932.0
75.0,26586548.0
81.0,26597172.0
84.0,26607796.0
84.0,26618412.0
109.0,26629072.0
109.0,26639744.0
94.0,26650372.0
82.0,26660996.0
81.0,26671612.0
81.0,26682236.0
91.0,26692860.0
85.0,26703476.0
86.0,26714112.0
93.0,26724732.0
94.0,26735356.0
87.0,26745980.0
83.0,26756596.0
87.0,26767220.0
85.0,26777844.0
96.0,26788460.0
91.0,26799084.0
82.0,26809708.0
81.0,26820324.0
85.0,26830952.0
87.0,26841572.0
76.0,26852188.0
73.0,26862812.0
67.0,26873428.0
62.0,26884044.0
79.0,26894668.0
95.0,26905284.0
91.0,26915912.0
84.0,26926532.0
92.0,26937156.0
97.0,26947780.0
88.0,26958404.0
95.0,26969020.0
95.0,26979644.0
93.0,26990268.0
92.0,27000896.0
92.0,27011516.0
102.0,27022176.0
91.0,27032812.0
82.0,27043428.0
76.0,27054052.0
69.0,27064676.0
64.0,27075300.0
64.0,27085928.0
62.0,27096548.0
69.0,27107164.0
64.0,27117788.0
61.0,27128404.0
68.0,27139020.0
68.0,27149644.0
65.0,27160268.0
66.0,27170896.0
62.0,27181516.0
59.0,27192132.0
54.0,27202756.0
57.0,27213372.0
56.0,27223996.0
54.0,27234620.0
50.0,27245236.0
47.0,27255864.0
47.0,27266484.0
48.0,27277100.0
46.0,27287724.0
42.0,27298348.0
42.0,27308964.0
43.0,27319588.0
41.0,27330204.0
40.0,27340832.0
45.0,27351452.0
41.0,27362068.0
41.0,27372692.0
42.0,27383308.0
43.0,27393924.0
45.0,27404548.0
46.0,27415164.0
46.0,27425792.0
48.0,27436412.0
48.0,27447028.0
46.0,27457660.0
48.0,27468276.0
48.0,27478892.0
46.0,27489516.0
46.0,27500132.0
45.0,27510748.0
44.0,27521372.0
42.0,27531996.0
42.0,27542624.0
44.0,27553244.0
46.0,27563868.0
45.0,27574492.0
47.0,27585116.0
48.0,27595732.0
49.0,27606364.0
47.0,27616980.0
48.0,27627608.0
48.0,27638228.0
48.0,27648844.0
45.0,27659468.0
46.0,27670092.0
45.0,27680716.0
45.0,27691340.0
47.0,27701964.0
48.0,27712592.0
47.0,27723212.0
45.0,27733828.0
44.0,27744460.0
43.0,27755076.0
45.0,27765692.0
49.0,27776316.0
46.0,27786940.0
47.0,27797576.0
47.0,27808196.0
47.0,27818820.0
46.0,27829444.0
44.0,27840060.0
44.0,27850676.0
43.0,27861300.0
47.0,27871924.0
45.0,27882552.0
44.0,27893172.0
43.0,27903788.0
42.0,27914412.0
41.0,27925028.0
40.0,27935652.0
42.0,27946276.0
43.0,27956892.0
45.0,27967520.0
45.0,27978140.0
44.0,27988756.0
43.0,27999380.0
42.0,28009996.0
41.0,28020612.0
42.0,28031236.0
42.0,28041852.0
42.0,28052480.0
42.0,28063100.0
40.0,28073716.0
40.0,28084348.0
39.0,28094972.0
39.0,28105588.0
38.0,28116220.0
39.0,28126836.0
42.0,28137460.0
41.0,28148092.0
43.0,28158708.0
42.0,28169332.0
42.0,28179956.0
41.0,28190572.0
40.0,28201196.0
41.0,28211820.0
44.0,28222444.0
42.0,28233068.0
42.0,28243692.0
42.0,28254316.0
41.0,28264932.0
40.0,28275556.0
40.0,28286180.0
40.0,28296796.0
38.0,28307412.0
39.0,28318036.0
40.0,28328652.0
41.0,28339280.0
41.0,28349900.0
41.0,28360516.0
40.0,28371140.0
40.0,28381756.0
40.0,28392372.0
39.0,28402996.0
40.0,28413620.0
38.0,28424248.0
38.0,28434868.0
38.0,28445484.0
38.0,28456108.0
40.0,28466724.0
39.0,28477340.0
39.0,28487972.0
40.0,28498588.0
41.0,28509216.0
42.0,28519836.0
44.0,28530452.0
43.0,28541076.0
43.0,28551692.0
42.0,28562308.0
41.0,28572932.0
40.0,28583548.0
41.0,28594176.0
40.0,28604796.0
39.0,28615420.0
39.0,28626044.0
40.0,28636660.0
43.0,28647276.0
41.0,28657900.0
41.0,28668524.0
40.0,28679148.0
41.0,28689772.0
41.0,28700388.0
38.0,28711016.0
39.0,28721644.0
39.0,28732260.0
38.0,28742884.0
38.0,28753500.0
41.0,28764124.0
39.0,28774748.0
38.0,28785364.0
38.0,28795992.0
37.0,28806612.0
35.0,28817228.0
35.0,28827852.0
36.0,28838468.0
38.0,28849084.0
41.0,28859708.0
39.0,28870324.0
38.0,28880960.0
37.0,28891580.0
37.0,28902204.0
35.0,28912836.0
35.0,28923460.0
34.0,28934076.0
33.0,28944700.0
33.0,28955316.0
33.0,28965952.0
33.0,28976572.0
32.0,28987188.0
32.0,28997820.0
33.0,29008436.0
33.0,29019052.0
34.0,29029676.0
33.0,29040292.0
32.0,29050920.0
32.0,29061540.0
32.0,29072156.0
32.0,29082780.0
32.0,29093404.0
32.0,29104020.0
32.0,29114644.0
33.0,29125260.0
32.0,29135888.0
33.0,29146508.0
34.0,29157124.0
34.0,29167748.0
35.0,29178364.0
35.0,29188980.0
36.0,29199604.0
37.0,29210220.0
38.0,29220844.0
37.0,29231468.0
38.0,29242084.0
39.0,29252716.0
39.0,29263332.0
40.0,29273948.0
41.0,29284572.0
41.0,29295188.0
41.0,29305804.0
41.0,29316428.0
41.0,29327044.0
41.0,29337672.0
41.0,29348292.0
41.0,29358908.0
40.0,29369532.0
40.0,29380148.0
40.0,29390764.0
41.0,29401388.0
41.0,29412012.0
42.0,29422640.0
43.0,29433260.0
43.0,29443884.0
43.0,29454508.0
43.0,29465124.0
44.0,29475740.0
44.0,29486372.0
44.0,29496996.0
43.0,29507624.0
43.0,29518244.0
43.0,29528868.0
44.0,29539492.0
44.0,29550108.0
44.0,29560724.0
44.0,29571348.0
44.0,29581964.0
44.0,29592600.0
44.0,29603220.0
44.0,29613844.0
42.0,29624476.0
42.0,29635100.0
42.0,29645716.0
42.0,29656340.0
42.0,29666964.0
42.0,29677592.0
42.0,29688212.0
42.0,29698828.0
41.0,29709452.0
42.0,29720068.0
41.0,29730684.0
41.0,29741308.0
41.0,29751924.0
41.0,29762548.0
42.0,29773172.0
41.0,29783788.0
41.0,29794412.0
42.0,29805028.0
42.0,29815644.0
43.0,29826276.0
43.0,29836900.0
43.0,29847524.0
44.0,29858148.0
44.0,29868764.0
44.0,29879392.0
45.0,29890020.0
45.0,29900636.0
45.0,29911260.0
47.0,29921876.0
46.0,29932492.0
48.0,29943116.0
49.0,29953732.0
49.0,29964368.0
50.0,29974988.0
50.0,29985612.0
50.0,29996236.0
50.0,30006860.0
48.0,30017476.0
48.0,30028100.0
47.0,30038716.0
47.0,30049344.0
46.0,30059964.0
46.0,30070588.0
46.0,30081212.0
44.0,30091828.0
43.0,30102444.0
43.0,30113068.0
42.0,30123684.0
41.0,30134312.0
40.0,30144932.0
40.0,30155556.0
40.0,30166180.0
39.0,30176796.0
38.0,30187420.0
37.0,30198044.0
36.0,30208668.0
35.0,30219296.0
34.0,30229916.0
35.0,30240532.0
34.0,30251164.0
34.0,30261788.0
33.0,30272404.0
33.0,30283028.0
33.0,30293652.0
32.0,30304280.0
33.0,30314908.0
32.0,30325524.0
32.0,30336148.0
32.0,30346764.0
32.0,30357380.0
32.0,30368012.0
32.0,30378628.0
32.0,30389256.0
31.0,30399876.0
32.0,30410500.0
32.0,30421124.0
32.0,30431740.0
32.0,30442364.0
32.0,30452988.0
32.0,30463612.0
31.0,30474240.0
31.0,30484860.0
30.0,30495476.0
31.0,30506100.0
31.0,30516724.0
31.0,30527340.0
31.0,30537964.0
32.0,30548588.0
32.0,30559212.0
33.0,30569844.0
33.0,30580460.0
33.0,30591084.0
33.0,30601708.0
32.0,30612324.0
33.0,30622948.0
32.0,30633572.0
32.0,30644196.0
32.0,30654820.0
33.0,30665444.0
32.0,30676072.0
32.0,30686692.0
32.0,30697316.0
32.0,30707940.0
32.0,30718564.0
32.0,30729188.0
31.0,30739812.0
31.0,30750428.0
30.0,30761056.0
30.0,30771676.0
30.0,30782292.0
30.0,30792924.0
30.0,30803540.0
30.0,30814156.0
30.0,30824780.0
30.0,30835396.0
30.0,30846024.0
30.0,30856644.0
29.0,30867268.0
29.0,30877892.0
29.0,30888508.0
30.0,30899124.0
29.0,30909756.0
30.0,30920372.0
29.0,30931000.0
29.0,30941628.0
29.0,30952244.0
29.0,30962876.0
29.0,30973500.0
28.0,30984116.0
28.0,30994740.0
28.0,31005356.0
28.0,31015984.0
29.0,31026604.0
28.0,31037228.0
28.0,31047852.0
29.0,31058468.0
29.0,31069084.0
29.0,31079708.0
29.0,31090324.0
30.0,31100952.0
30.0,31111572.0
31.0,31122196.0
31.0,31132820.0
31.0,31143444.0
31.0,31154060.0
32.0,31164684.0
31.0,31175308.0
30.0,31185936.0
31.0,31196556.0
31.0,31207180.0
30.0,31217804.0
31.0,31228420.0
30.0,31239044.0
30.0,31249668.0
30.0,31260284.0
30.0,31270912.0
30.0,31281540.0
31.0,31292164.0
30.0,31302788.0
30.0,31313412.0
30.0,31324036.0
30.0,31334660.0
29.0,31345276.0
29.0,31355904.0
30.0,31366524.0
30.0,31377140.0
29.0,31387764.0
29.0,31398380.0
29.0,31409004.0
29.0,31419628.0
30.0,31430252.0
29.0,31440876.0
29.0,31451500.0
29.0,31462124.0
28.0,31472756.0
28.0,31483372.0
29.0,31493988.0
28.0,31504612.0
29.0,31515228.0
28.0,31525844.0
28.0,31536468.0
28.0,31547084.0
28.0,31557712.0
28.0,31568332.0
28.0,31578948.0
29.0,31589572.0
29.0,31600196.0
29.0,31610812.0
29.0,31621436.0
30.0,31632052.0
30.0,31642680.0
30.0,31653300.0
30.0,31663916.0
31.0,31674540.0
30.0,31685164.0
30.0,31695780.0
30.0,31706404.0
31.0,31717020.0
30.0,31727648.0
30.0,31738268.0
30.0,31748892.0
29.0,31759516.0
30.0,31770140.0
30.0,31780756.0
31.0,31791380.0
31.0,31801996.0
31.0,31812624.0
31.0,31823244.0
30.0,31833868.0
32.0,31844492.0
32.0,31855108.0
32.0,31865732.0
32.0,31876356.0
32.0,31886980.0
33.0,31897608.0
33.0,31908228.0
35.0,31918844.0
37.0,31929468.0
38.0,31940092.0
38.0,31950716.0
36.0,31961348.0
35.0,31971972.0
34.0,31982600.0
35.0,31993220.0
34.0,32003844.0
32.0,32014468.0
35.0,32025084.0
40.0,32035700.0
60.0,32046324.0
68.0,32056940.0
65.0,32067564.0
86.0,32078188.0
95.0,32088804.0
86.0,32099432.0
79.0,32110052.0
108.0,32120720.0
116.0,32131400.0
123.0,32142072.0
167.0,32152752.0
152.0,32163424.0
166.0,32174100.0
168.0,32184768.0
153.0,32195440.0
134.0,32206120.0
133.0,32216792.0
119.0,32227480.0
114.0,32238152.0
133.0,32248828.0
128.0,32259504.0
119.0,32270176.0
115.0,32280856.0
133.0,32291528.0
129.0,32302212.0
168.0,32312888.0
195.0,32323560.0
183.0,32334240.0
214.0,32344912.0
198.0,32355592.0
180.0,32366264.0
189.0,32376948.0
198.0,32387624.0
205.0,32398296.0
204.0,32408976.0
212.0,32419648.0
250.0,32430328.0
247.0,32441000.0
222.0,32451684.0
208.0,32462360.0
194.0,32473032.0
192.0,32483712.0
174.0,32494384.0
209.0,32505064.0
203.0,32515736.0
195.0,32526420.0
191.0,32537096.0
175.0,32547768.0
162.0,32558448.0
166.0,32569120.0
161.0,32579800.0
178.0,32590472.0
179.0,32601156.0
170.0,32611832.0
151.0,32622504.0
143.0,32633184.0
133.0,32643856.0
150.0,32654536.0
161.0,32665208.0
150.0,32675896.0
150.0,32686568.0
138.0,32697240.0
126.0,32707920.0
129.0,32718592.0
125.0,32729272.0
116.0,32739944.0
137.0,32750628.0
139.0,32761304.0
149.0,32771976.0
142.0,32782648.0
132.0,32793320.0
125.0,32803992.0
133.0,32814664.0
143.0,32825340.0
132.0,32836008.0
117.0,32846680.0
138.0,32857352.0
159.0,32868024.0
151.0,32878704.0
139.0,32889376.0
136.0,32900048.0
125.0,32910720.0
110.0,32921392.0
112.0,32932072.0
121.0,32942744.0
119.0,32953420.0
132.0,32964096.0
144.0,32974768.0
152.0,32985440.0
144.0,32996112.0
134.0,33006792.0
131.0,33017464.0
151.0,33028152.0
166.0,33038824.0
160.0,33049496.0
153.0,33060176.0
138.0,33070848.0
132.0,33081528.0
117.0,33092200.0
106.0,33102884.0
107.0,33113552.0
132.0,33124224.0
129.0,33134904.0
122.0,33145576.0
111.0,33156256.0
112.0,33166928.0
126.0,33177604.0
130.0,33188280.0
122.0,33198952.0
118.0,33209632.0
104.0,33220304.0
96.0,33230944.0
96.0,33241564.0
92.0,33252180.0
90.0,33262812.0
90.0,33273428.0
102.0,33284100.0
93.0,33294724.0
91.0,33305340.0
98.0,33315964.0
96.0,33326580.0
89.0,33337204.0
97.0,33347828.0
91.0,33358444.0
89.0,33369068.0
94.0,33379692.0
107.0,33390352.0
98.0,33400988.0
93.0,33411604.0
85.0,33422220.0
86.0,33432844.0
90.0,33443460.0
101.0,33454132.0
92.0,33464756.0
90.0,33475380.0
88.0,33486004.0
82.0,33496628.0
78.0,33507244.0
79.0,33517868.0
82.0,33528484.0
80.0,33539112.0
83.0,33549732.0
91.0,33560348.0
97.0,33570972.0
104.0,33581632.0
125.0,33592304.0
121.0,33602984.0
111.0,33613656.0
100.0,33624328.0
90.0,33634956.0
94.0,33645584.0
110.0,33656248.0
110.0,33666920.0
125.0,33677600.0
121.0,33688272.0
118.0,33698960.0
128.0,33709632.0
122.0,33720304.0
116.0,33730984.0
108.0,33741656.0
105.0,33752336.0
124.0,33763008.0
127.0,33773692.0
135.0,33784368.0
135.0,33795040.0
119.0,33805712.0
108.0,33816384.0
101.0,33827064.0
100.0,33837736.0
103.0,33848420.0
115.0,33859088.0
111.0,33869760.0
102.0,33880440.0
99.0,33891068.0
97.0,33901692.0
97.0,33912308.0
109.0,33922976.0
105.0,33933648.0
98.0,33944276.0
104.0,33954948.0
110.0,33965624.0
103.0,33976296.0
101.0,33986976.0
101.0,33997648.0
107.0,34008328.0
107.0,34019000.0
101.0,34029684.0
106.0,34040360.0
101.0,34051032.0
104.0,34061712.0
101.0,34072384.0
106.0,34083064.0
113.0,34093736.0
116.0,34104420.0
130.0,34115088.0
121.0,34125760.0
124.0,34136432.0
126.0,34147104.0
124.0,34157784.0
121.0,34168456.0
120.0,34179140.0
125.0,34189816.0
121.0,34200488.0
128.0,34211168.0
141.0,34221840.0
153.0,34232520.0
139.0,34243192.0
148.0,34253876.0
160.0,34264552.0
159.0,34275224.0
145.0,34285904.0
139.0,34296576.0
135.0,34307256.0
138.0,34317928.0
128.0,34328612.0
125.0,34339288.0
119.0,34349960.0
122.0,34360640.0
117.0,34371312.0
110.0,34381992.0
111.0,34392664.0
110.0,34403340.0
102.0,34414016.0
105.0,34424688.0
126.0,34435360.0
128.0,34446032.0
121.0,34456716.0
113.0,34467392.0
99.0,34478020.0
111.0,34488688.0
120.0,34499360.0
121.0,34510040.0
117.0,34520712.0
135.0,34531396.0
127.0,34542072.0
121.0,34552744.0
134.0,34563424.0
136.0,34574096.0
126.0,34584768.0
117.0,34595440.0
106.0,34606124.0
110.0,34616800.0
125.0,34627472.0
113.0,34638152.0
119.0,34648824.0
123.0,34659504.0
121.0,34670176.0
118.0,34680852.0
117.0,34691528.0
106.0,34702200.0
108.0,34712880.0
103.0,34723552.0
104.0,34734232.0
128.0,34744904.0
121.0,34755580.0
116.0,34766256.0
104.0,34776928.0
93.0,34787564.0
90.0,34798180.0
88.0,34808796.0
96.0,34819428.0
98.0,34830044.0
104.0,34840716.0
98.0,34851348.0
99.0,34861964.0
103.0,34872632.0
116.0,34883304.0
140.0,34893984.0
140.0,34904656.0
138.0,34915332.0
131.0,34926008.0
123.0,34936680.0
122.0,34947360.0
119.0,34958032.0
128.0,34968716.0
117.0,34979392.0
129.0,34990064.0
127.0,35000744.0
124.0,35011416.0
121.0,35022096.0
114.0,35032768.0
106.0,35043452.0
108.0,35054128.0
103.0,35064800.0
106.0,35075480.0
115.0,35086152.0
110.0,35096840.0
104.0,35107512.0
103.0,35118196.0
99.0,35128828.0
102.0,35139488.0
97.0,35150124.0
102.0,35160784.0
103.0,35171468.0
97.0,35182100.0
94.0,35192724.0
106.0,35203392.0
103.0,35214064.0
96.0,35224700.0
97.0,35235324.0
92.0,35245940.0
86.0,35256564.0
91.0,35267180.0
86.0,35277804.0
81.0,35288428.0
88.0,35299052.0
97.0,35309676.0
99.0,35320292.0
92.0,35330916.0
84.0,35341540.0
79.0,35352156.0
83.0,35362780.0
99.0,35373404.0
109.0,35384064.0
102.0,35394744.0
99.0,35405372.0
90.0,35415988.0
84.0,35426620.0
91.0,35437236.0
91.0,35447872.0
92.0,35458492.0
104.0,35469152.0
111.0,35479832.0
106.0,35490504.0
106.0,35501188.0
112.0,35511864.0
105.0,35522536.0
102.0,35533216.0
108.0,35543888.0
108.0,35554568.0
105.0,35565240.0
103.0,35575924.0
125.0,35586600.0
126.0,35597272.0
120.0,35607952.0
115.0,35618624.0
124.0,35629304.0
116.0,35639976.0
114.0,35650660.0
127.0,35661336.0
134.0,35672008.0
129.0,35682688.0
114.0,35693360.0
123.0,35704040.0
127.0,35714712.0
127.0,35725396.0
130.0,35736072.0
126.0,35746744.0
154.0,35757424.0
145.0,35768096.0
159.0,35778776.0
175.0,35789448.0
152.0,35800136.0
145.0,35810808.0
130.0,35821480.0
132.0,35832160.0
131.0,35842832.0
117.0,35853504.0
106.0,35864176.0
116.0,35874860.0
107.0,35885536.0
106.0,35896208.0
106.0,35906888.0
104.0,35917560.0
100.0,35928240.0
103.0,35938912.0
94.0,35949540.0
88.0,35960172.0
90.0,35970788.0
104.0,35981464.0
96.0,35992092.0
101.0,36002760.0
103.0,36013440.0
103.0,36024112.0
95.0,36034748.0
98.0,36045364.0
98.0,36055980.0
100.0,36066648.0
106.0,36077320.0
97.0,36087956.0
95.0,36098572.0
94.0,36109188.0
105.0,36119856.0
94.0,36130484.0
89.0,36141112.0
95.0,36151732.0
94.0,36162348.0
90.0,36172972.0
91.0,36183596.0
91.0,36194212.0
101.0,36204880.0
94.0,36215508.0
86.0,36226136.0
88.0,36236756.0
89.0,36247380.0
83.0,36258012.0
102.0,36268672.0
116.0,36279356.0
105.0,36290032.0
100.0,36300704.0
93.0,36311340.0
84.0,36321964.0
84.0,36332592.0
85.0,36343212.0
81.0,36353828.0
89.0,36364452.0
94.0,36375068.0
85.0,36385684.0
84.0,36396308.0
81.0,36406924.0
80.0,36417560.0
82.0,36428180.0
77.0,36438796.0
81.0,36449420.0
88.0,36460036.0
86.0,36470652.0
82.0,36481276.0
86.0,36491892.0
82.0,36502528.0
81.0,36513148.0
82.0,36523764.0
81.0,36534388.0
78.0,36545012.0
82.0,36555628.0
76.0,36566260.0
77.0,36576884.0
74.0,36587508.0
76.0,36598132.0
87.0,36608756.0
84.0,36619388.0
87.0,36630004.0
88.0,36640628.0
86.0,36651260.0
95.0,36661884.0
88.0,36672512.0
87.0,36683132.0
83.0,36693756.0
82.0,36704380.0
88.0,36714996.0
98.0,36725612.0
102.0,36736280.0
97.0,36746908.0
96.0,36757536.0
88.0,36768156.0
89.0,36778772.0
113.0,36789440.0
101.0,36800112.0
91.0,36810752.0
95.0,36821372.0
90.0,36831988.0
96.0,36842612.0
90.0,36853228.0
90.0,36863844.0
82.0,36874468.0
81.0,36885084.0
81.0,36895700.0
77.0,36906324.0
71.0,36916948.0
68.0,36927576.0
68.0,36938196.0
79.0,36948812.0
77.0,36959436.0
70.0,36970060.0
66.0,36980676.0
67.0,36991300.0
66.0,37001924.0
66.0,37012560.0
62.0,37023180.0
71.0,37033804.0
75.0,37044436.0
78.0,37055052.0
76.0,37065676.0
76.0,37076300.0
82.0,37086916.0
82.0,37097544.0
85.0,37108164.0
80.0,37118780.0
79.0,37129404.0
76.0,37140020.0
74.0,37150636.0
71.0,37161268.0
72.0,37171884.0
67.0,37182512.0
62.0,37193132.0
60.0,37203748.0
57.0,37214380.0
55.0,37225004.0
57.0,37235620.0
64.0,37246244.0
62.0,37256860.0
61.0,37267496.0
60.0,37278124.0
61.0,37288740.0
60.0,37299364.0
58.0,37309988.0
56.0,37320612.0
61.0,37331236.0
60.0,37341852.0
56.0,37352480.0
53.0,37363100.0
53.0,37373724.0
51.0,37384348.0
55.0,37394964.0
56.0,37405580.0
65.0,37416204.0
65.0,37426820.0
61.0,37437448.0
60.0,37448068.0
58.0,37458684.0
59.0,37469308.0
54.0,37479924.0
54.0,37490540.0
57.0,37501172.0
56.0,37511796.0
56.0,37522420.0
53.0,37533044.0
52.0,37543660.0
52.0,37554284.0
54.0,37564908.0
53.0,37575532.0
58.0,37586156.0
59.0,37596780.0
56.0,37607404.0
54.0,37618028.0
54.0,37628652.0
53.0,37639276.0
53.0,37649900.0
54.0,37660524.0
54.0,37671156.0
55.0,37681780.0
56.0,37692404.0
54.0,37703028.0
55.0,37713652.0
53.0,37724276.0
50.0,37734892.0
52.0,37745508.0
51.0,37756140.0
50.0,37766764.0
46.0,37777388.0
46.0,37788012.0
46.0,37798628.0
46.0,37809260.0
49.0,37819876.0
58.0,37830500.0
56.0,37841132.0
58.0,37851756.0
56.0,37862380.0
54.0,37873004.0
51.0,37883620.0
49.0,37894248.0
51.0,37904868.0
48.0,37915484.0
48.0,37926116.0
48.0,37936740.0
46.0,37947356.0
47.0,37957988.0
48.0,37968612.0
46.0,37979240.0
50.0,37989868.0
48.0,38000492.0
47.0,38011116.0
45.0,38021732.0
43.0,38032348.0
45.0,38042972.0
44.0,38053588.0
45.0,38064216.0
46.0,38074836.0
50.0,38085460.0
48.0,38096092.0
47.0,38106716.0
48.0,38117332.0
47.0,38127964.0
45.0,38138588.0
44.0,38149216.0
44.0,38159836.0
45.0,38170460.0
46.0,38181084.0
47.0,38191700.0
46.0,38202324.0
44.0,38212948.0
42.0,38223572.0
41.0,38234200.0
42.0,38244820.0
53.0,38255444.0
49.0,38266076.0
46.0,38276700.0
46.0,38287324.0
45.0,38297948.0
46.0,38308564.0
46.0,38319192.0
47.0,38329812.0
52.0,38340436.0
50.0,38351068.0
48.0,38361692.0
45.0,38372308.0
44.0,38382932.0
44.0,38393556.0
47.0,38404192.0
48.0,38414812.0
48.0,38425428.0
46.0,38436060.0
43.0,38446676.0
41.0,38457292.0
42.0,38467916.0
44.0,38478532.0
44.0,38489160.0
45.0,38499780.0
48.0,38510404.0
46.0,38521028.0
44.0,38531644.0
44.0,38542260.0
48.0,38552884.0
46.0,38563500.0
44.0,38574128.0
42.0,38584748.0
41.0,38595364.0
41.0,38605988.0
43.0,38616604.0
48.0,38627220.0
46.0,38637844.0
44.0,38648468.0
44.0,38659096.0
42.0,38669716.0
40.0,38680332.0
41.0,38690956.0
47.0,38701572.0
44.0,38712196.0
43.0,38722828.0
43.0,38733444.0
40.0,38744072.0
39.0,38754692.0
39.0,38765308.0
44.0,38775932.0
48.0,38786556.0
45.0,38797180.0
45.0,38807804.0
43.0,38818428.0
43.0,38829056.0
41.0,38839676.0
43.0,38850300.0
41.0,38860924.0
44.0,38871540.0
43.0,38882164.0
44.0,38892788.0
42.0,38903412.0
42.0,38914036.0
42.0,38924660.0
41.0,38935276.0
44.0,38945908.0
43.0,38956524.0
41.0,38967148.0
40.0,38977772.0
40.0,38988388.0
40.0,38999012.0
40.0,39009644.0
38.0,39020260.0
38.0,39030888.0
38.0,39041508.0
40.0,39052124.0
39.0,39062748.0
45.0,39073372.0
44.0,39083988.0
42.0,39094620.0
41.0,39105244.0
42.0,39115872.0
42.0,39126492.0
40.0,39137108.0
42.0,39147740.0
43.0,39158364.0
48.0,39168988.0
46.0,39179612.0
43.0,39190228.0
43.0,39200856.0
41.0,39211476.0
40.0,39222100.0
45.0,39232732.0
45.0,39243348.0
43.0,39253972.0
44.0,39264596.0
42.0,39275220.0
43.0,39285848.0
47.0,39296476.0
47.0,39307092.0
44.0,39317724.0
42.0,39328348.0
47.0,39338964.0
48.0,39349588.0
46.0,39360204.0
47.0,39370832.0
46.0,39381452.0
43.0,39392068.0
43.0,39402692.0
46.0,39413308.0
42.0,39423924.0
42.0,39434548.0
42.0,39445164.0
43.0,39455792.0
47.0,39466412.0
47.0,39477028.0
45.0,39487660.0
46.0,39498276.0
43.0,39508892.0
41.0,39519516.0
39.0,39530140.0
41.0,39540776.0
38.0,39551404.0
37.0,39562028.0
38.0,39572652.0
38.0,39583268.0
37.0,39593884.0
36.0,39604516.0
39.0,39615132.0
40.0,39625760.0
39.0,39636380.0
39.0,39647004.0
38.0,39657628.0
37.0,39668244.0
36.0,39678868.0
40.0,39689492.0
42.0,39700108.0
45.0,39710744.0
41.0,39721364.0
40.0,39731980.0
41.0,39742604.0
39.0,39753220.0
41.0,39763836.0
42.0,39774460.0
44.0,39785076.0
43.0,39795712.0
41.0,39806332.0
39.0,39816956.0
38.0,39827580.0
37.0,39838204.0
37.0,39848828.0
36.0,39859452.0
45.0,39870068.0
43.0,39880692.0
43.0,39891316.0
43.0,39901940.0
42.0,39912564.0
41.0,39923188.0
40.0,39933812.0
39.0,39944436.0
39.0,39955052.0
38.0,39965676.0
37.0,39976308.0
36.0,39986932.0
35.0,39997556.0
35.0,40008180.0
39.0,40018804.0
38.0,40029428.0
38.0,40040044.0
37.0,40050668.0
37.0,40061292.0
36.0,40071908.0
36.0,40082536.0
37.0,40093156.0
41.0,40103772.0
40.0,40114396.0
42.0,40125020.0
43.0,40135636.0
42.0,40146260.0
42.0,40156884.0
42.0,40167512.0
43.0,40178132.0
43.0,40188748.0
45.0,40199372.0
43.0,40209988.0
42.0,40220604.0
43.0,40231228.0
42.0,40241844.0
43.0,40252472.0
44.0,40263100.0
43.0,40273716.0
42.0,40284340.0
40.0,40294956.0
41.0,40305572.0
42.0,40316196.0
42.0,40326812.0
40.0,40337440.0
43.0,40348060.0
41.0,40358676.0
41.0,40369308.0
40.0,40379924.0
41.0,40390540.0
40.0,40401164.0
42.0,40411780.0
42.0,40422408.0
44.0,40433028.0
43.0,40443644.0
43.0,40454268.0
43.0,40464884.0
42.0,40475500.0
41.0,40486124.0
40.0,40496740.0
41.0,40507356.0
40.0,40517988.0
45.0,40528612.0
44.0,40539240.0
44.0,40549860.0
43.0,40560484.0
42.0,40571108.0
41.0,40581732.0
43.0,40592356.0
42.0,40602980.0
46.0,40613596.0
46.0,40624224.0
46.0,40634852.0
44.0,40645476.0
43.0,40656100.0
40.0,40666716.0
40.0,40677340.0
39.0,40687964.0
42.0,40698588.0
40.0,40709216.0
40.0,40719836.0
38.0,40730460.0
37.0,40741084.0
36.0,40751708.0
37.0,40762332.0
37.0,40772964.0
36.0,40783588.0
37.0,40794216.0
39.0,40804836.0
44.0,40815452.0
43.0,40826084.0
43.0,40836700.0
43.0,40847324.0
42.0,40857948.0
42.0,40868564.0
41.0,40879192.0
40.0,40889812.0
42.0,40900428.0
42.0,40911052.0
41.0,40921676.0
41.0,40932292.0
41.0,40942916.0
40.0,40953540.0
40.0,40964176.0
39.0,40974796.0
39.0,40985412.0
38.0,40996036.0
37.0,41006652.0
37.0,41017268.0
37.0,41027892.0
36.0,41038516.0
39.0,41049144.0
39.0,41059764.0
38.0,41070380.0
41.0,41081004.0
40.0,41091620.0
39.0,41102244.0
39.0,41112868.0
39.0,41123484.0
39.0,41134112.0
38.0,41144732.0
38.0,41155356.0
37.0,41165980.0
37.0,41176596.0
37.0,41187212.0
40.0,41197836.0
39.0,41208452.0
39.0,41219080.0
40.0,41229700.0
40.0,41240324.0
39.0,41250948.0
39.0,41261564.0
38.0,41272180.0
42.0,41282804.0
41.0,41293420.0
41.0,41304044.0
40.0,41314668.0
39.0,41325292.0
38.0,41335916.0
38.0,41346540.0
37.0,41357156.0
37.0,41367780.0
36.0,41378396.0
37.0,41389012.0
40.0,41399636.0
39.0,41410252.0
39.0,41420880.0
38.0,41431500.0
38.0,41442116.0
38.0,41452748.0
38.0,41463364.0
40.0,41473980.0
39.0,41484604.0
41.0,41495220.0
39.0,41505848.0
38.0,41516468.0
38.0,41527092.0
41.0,41537716.0
38.0,41548332.0
40.0,41558956.0
44.0,41569588.0
43.0,41580212.0
42.0,41590840.0
41.0,41601460.0
41.0,41612076.0
40.0,41622700.0
39.0,41633316.0
38.0,41643932.0
39.0,41654556.0
37.0,41665172.0
36.0,41675808.0
39.0,41686436.0
37.0,41697052.0
38.0,41707684.0
38.0,41718308.0
39.0,41728932.0
37.0,41739556.0
37.0,41750172.0
36.0,41760800.0
36.0,41771420.0
38.0,41782036.0
38.0,41792660.0
37.0,41803276.0
36.0,41813892.0
37.0,41824516.0
37.0,41835132.0
37.0,41845760.0
38.0,41856380.0
39.0,41866996.0
39.0,41877628.0
40.0,41888244.0
39.0,41898868.0
39.0,41909492.0
37.0,41920116.0
37.0,41930740.0
35.0,41941372.0
37.0,41951996.0
37.0,41962620.0
38.0,41973244.0
39.0,41983860.0
37.0,41994492.0
37.0,42005108.0
37.0,42015732.0
36.0,42026356.0
35.0,42036980.0
34.0,42047604.0
34.0,42058228.0
33.0,42068844.0
32.0,42079468.0
32.0,42090084.0
31.0,42100700.0
30.0,42111324.0
30.0,42121940.0
30.0,42132568.0
29.0,42143188.0
29.0,42153804.0
29.0,42164428.0
29.0,42175052.0
28.0,42185668.0
28.0,42196292.0
28.0,42206908.0
28.0,42217536.0
28.0,42228156.0
28.0,42238772.0
28.0,42249396.0
29.0,42260020.0
28.0,42270636.0
28.0,42281260.0
28.0,42291876.0
28.0,42302504.0
28.0,42313124.0
28.0,42323748.0
28.0,42334372.0
28.0,42344988.0
28.0,42355604.0
28.0,42366228.0
28.0,42376844.0
28.0,42387472.0
28.0,42398092.0
28.0,42408716.0
28.0,42419340.0
28.0,42429956.0
28.0,42440572.0
28.0,42451196.0
28.0,42461812.0
28.0,42472436.0
28.0,42483060.0
29.0,42493676.0
29.0,42504300.0
29.0,42514916.0
29.0,42525532.0
29.0,42536156.0
29.0,42546772.0
28.0,42557388.0
28.0,42568020.0
29.0,42578636.0
28.0,42589264.0
28.0,42599884.0
28.0,42610500.0
28.0,42621124.0
28.0,42631740.0
28.0,42642356.0
28.0,42652980.0
32.0,42663596.0
33.0,42674224.0
36.0,42684844.0
39.0,42695460.0
38.0,42706092.0
36.0,42716708.0
34.0,42727324.0
33.0,42737948.0
32.0,42748564.0
31.0,42759192.0
40.0,42769812.0
40.0,42780428.0
38.0,42791052.0
38.0,42801668.0
40.0,42812284.0
39.0,42822908.0
37.0,42833524.0
36.0,42844148.0
43.0,42854772.0
65.0,42865396.0
74.0,42876028.0
69.0,42886644.0
64.0,42897260.0
57.0,42907884.0
51.0,42918500.0
46.0,42929116.0
42.0,42939740.0
49.0,42950356.0
48.0,42960984.0
56.0,42971604.0
62.0,42982220.0
58.0,42992844.0
53.0,43003460.0
60.0,43014084.0
97.0,43024708.0
114.0,43035368.0
112.0,43046048.0
106.0,43056720.0
126.0,43067396.0
132.0,43078072.0
119.0,43088744.0
120.0,43099424.0
151.0,43110096.0
161.0,43120780.0
143.0,43131456.0
126.0,43142128.0
116.0,43152808.0
110.0,43163480.0
96.0,43174116.0
83.0,43184732.0
76.0,43195348.0
93.0,43205980.0
96.0,43216596.0
93.0,43227224.0
110.0,43237888.0
114.0,43248560.0
102.0,43259240.0
89.0,43269868.0
103.0,43280536.0
117.0,43291208.0
125.0,43301884.0
122.0,43312560.0
123.0,43323232.0
123.0,43333912.0
133.0,43344584.0
119.0,43355268.0
123.0,43365944.0
124.0,43376616.0
128.0,43387296.0
122.0,43397968.0
119.0,43408648.0
137.0,43419320.0
140.0,43430004.0
140.0,43440680.0
122.0,43451352.0
123.0,43462032.0
115.0,43472704.0
122.0,43483384.0
129.0,43494056.0
146.0,43504740.0
145.0,43515416.0
131.0,43526088.0
135.0,43536760.0
158.0,43547432.0
168.0,43558112.0
148.0,43568784.0
147.0,43579468.0
145.0,43590144.0
141.0,43600816.0
141.0,43611488.0
142.0,43622160.0
169.0,43632840.0
178.0,43643512.0
184.0,43654196.0
165.0,43664872.0
173.0,43675544.0
170.0,43686224.0
183.0,43696896.0
179.0,43707576.0
167.0,43718248.0
153.0,43728936.0
145.0,43739608.0
132.0,43750280.0
131.0,43760960.0
136.0,43771632.0
143.0,43782312.0
152.0,43792984.0
151.0,43803664.0
144.0,43814336.0
162.0,43825008.0
162.0,43835688.0
160.0,43846360.0
140.0,43857044.0
143.0,43867720.0
150.0,43878400.0
142.0,43889072.0
184.0,43899744.0
192.0,43910424.0
164.0,43921096.0
163.0,43931780.0
154.0,43942456.0
136.0,43953128.0
127.0,43963808.0
115.0,43974480.0
123.0,43985160.0
126.0,43995832.0
117.0,44006520.0
129.0,44017192.0
135.0,44027864.0
126.0,44038544.0
113.0,44049216.0
103.0,44059896.0
101.0,44070568.0
102.0,44081252.0
131.0,44091928.0
145.0,44102600.0
136.0,44113280.0
142.0,44123952.0
125.0,44134632.0
122.0,44145304.0
139.0,44155988.0
130.0,44166664.0
132.0,44177336.0
134.0,44188016.0
129.0,44198688.0
121.0,44209368.0
111.0,44220040.0
119.0,44230724.0
146.0,44241400.0
151.0,44252072.0
155.0,44262752.0
154.0,44273424.0
142.0,44284104.0
163.0,44294776.0
158.0,44305464.0
178.0,44316136.0
176.0,44326808.0
170.0,44337488.0
155.0,44348160.0
156.0,44358840.0
136.0,44369512.0
129.0,44380196.0
118.0,44390872.0
118.0,44401544.0
123.0,44412224.0
121.0,44422896.0
126.0,44433576.0
124.0,44444248.0
119.0,44454924.0
112.0,44465600.0
111.0,44476272.0
107.0,44486952.0
104.0,44497624.0
113.0,44508308.0
99.0,44518940.0
108.0,44529600.0
99.0,44540236.0
99.0,44550860.0
103.0,44561532.0
125.0,44572208.0
136.0,44582880.0
131.0,44593560.0
140.0,44604232.0
133.0,44614912.0
118.0,44625584.0
109.0,44636268.0
112.0,44646944.0
101.0,44657616.0
122.0,44668296.0
117.0,44678968.0
119.0,44689648.0
115.0,44700320.0
115.0,44711004.0
117.0,44721680.0
127.0,44732352.0
137.0,44743032.0
126.0,44753704.0
112.0,44764384.0
128.0,44775056.0
108.0,44785740.0
102.0,44796416.0
102.0,44807088.0
91.0,44817716.0
87.0,44828332.0
88.0,44838960.0
82.0,44849580.0
81.0,44860196.0
84.0,44870820.0
103.0,44881480.0
106.0,44892156.0
112.0,44902832.0
108.0,44913504.0
108.0,44924184.0
109.0,44934856.0
105.0,44945540.0
104.0,44956216.0
113.0,44966888.0
116.0,44977568.0
120.0,44988240.0
111.0,44998920.0
104.0,45009592.0
116.0,45020276.0
127.0,45030952.0
145.0,45041624.0
143.0,45052304.0
138.0,45062976.0
141.0,45073656.0
130.0,45084328.0
127.0,45095012.0
132.0,45105688.0
126.0,45116360.0
124.0,45127040.0
148.0,45137712.0
141.0,45148392.0
129.0,45159064.0
114.0,45169748.0
112.0,45180424.0
120.0,45191096.0
116.0,45201776.0
104.0,45212448.0
94.0,45223084.0
90.0,45233700.0
108.0,45244360.0
110.0,45255040.0
115.0,45265712.0
119.0,45276392.0
111.0,45287064.0
123.0,45297748.0
119.0,45308424.0
109.0,45319096.0
98.0,45329732.0
99.0,45340348.0
108.0,45351028.0
102.0,45361704.0
96.0,45372332.0
86.0,45382956.0
93.0,45393572.0
90.0,45404200.0
135.0,45414864.0
126.0,45425536.0
111.0,45436216.0
107.0,45446888.0
119.0,45457568.0
128.0,45468240.0
125.0,45478916.0
119.0,45489592.0
114.0,45500264.0
116.0,45510944.0
127.0,45521616.0
129.0,45532300.0
126.0,45542976.0
119.0,45553648.0
107.0,45564328.0
103.0,45575000.0
111.0,45585680.0
100.0,45596352.0
96.0,45606992.0
95.0,45617612.0
91.0,45628228.0
92.0,45638852.0
85.0,45649468.0
91.0,45660084.0
94.0,45670716.0
92.0,45681332.0
96.0,45691960.0
104.0,45702624.0
90.0,45713252.0
91.0,45723884.0
96.0,45734500.0
94.0,45745116.0
88.0,45755740.0
97.0,45766364.0
93.0,45776992.0
89.0,45787612.0
90.0,45798236.0
84.0,45808860.0
88.0,45819476.0
87.0,45830100.0
97.0,45840732.0
95.0,45851348.0
96.0,45861976.0
97.0,45872596.0
90.0,45883220.0
95.0,45893852.0
94.0,45904468.0
88.0,45915084.0
85.0,45925708.0
81.0,45936324.0
89.0,45946960.0
86.0,45957580.0
91.0,45968196.0
108.0,45978864.0
113.0,45989536.0
104.0,46000220.0
120.0,46010896.0
119.0,46021568.0
117.0,46032248.0
102.0,46042920.0
90.0,46053556.0
87.0,46064180.0
82.0,46074796.0
81.0,46085420.0
95.0,46096036.0
86.0,46106664.0
86.0,46117284.0
85.0,46127900.0
79.0,46138524.0
82.0,46149140.0
81.0,46159764.0
83.0,46170388.0
90.0,46181004.0
86.0,46191632.0
93.0,46202260.0
93.0,46212876.0
86.0,46223500.0
82.0,46234116.0
87.0,46244732.0
91.0,46255356.0
95.0,46265980.0
92.0,46276608.0
83.0,46287228.0
92.0,46297844.0
106.0,46308512.0
110.0,46319184.0
102.0,46329860.0
92.0,46340492.0
87.0,46351108.0
83.0,46361732.0
101.0,46372392.0
92.0,46383020.0
87.0,46393644.0
80.0,46404260.0
80.0,46414888.0
85.0,46425508.0
87.0,46436124.0
89.0,46446748.0
90.0,46457364.0
86.0,46467980.0
87.0,46478604.0
86.0,46489220.0
89.0,46499848.0
100.0,46510512.0
103.0,46521184.0
113.0,46531864.0
107.0,46542536.0
95.0,46553176.0
92.0,46563804.0
100.0,46574464.0
95.0,46585100.0
106.0,46595768.0
98.0,46606408.0
87.0,46617028.0
83.0,46627644.0
79.0,46638268.0
79.0,46648892.0
86.0,46659508.0
81.0,46670132.0
75.0,46680748.0
84.0,46691376.0
117.0,46702048.0
128.0,46712720.0
121.0,46723400.0
110.0,46734072.0
108.0,46744752.0
132.0,46755424.0
124.0,46766100.0
107.0,46776776.0
97.0,46787404.0
105.0,46798072.0
102.0,46808744.0
98.0,46819384.0
89.0,46830004.0
89.0,46840628.0
80.0,46851252.0
76.0,46861868.0
89.0,46872484.0
92.0,46883108.0
97.0,46893724.0
92.0,46904352.0
89.0,46914972.0
81.0,46925588.0
77.0,46936212.0
72.0,46946836.0
76.0,46957460.0
70.0,46968092.0
69.0,46978716.0
68.0,46989344.0
67.0,46999972.0
76.0,47010596.0
68.0,47021220.0
64.0,47031844.0
60.0,47042468.0
55.0,47053100.0
56.0,47063724.0
54.0,47074352.0
56.0,47084972.0
80.0,47095596.0
71.0,47106220.0
69.0,47116836.0
62.0,47127452.0
63.0,47138076.0
59.0,47148692.0
61.0,47159320.0
65.0,47169940.0
64.0,47180556.0
60.0,47191180.0
57.0,47201796.0
67.0,47212412.0
70.0,47223036.0
65.0,47233660.0
63.0,47244288.0
65.0,47254908.0
64.0,47265532.0
61.0,47276156.0
61.0,47286780.0
63.0,47297396.0
67.0,47308020.0
63.0,47318644.0
59.0,47329268.0
55.0,47339892.0
52.0,47350516.0
49.0,47361140.0
50.0,47371756.0
47.0,47382372.0
48.0,47392996.0
47.0,47403612.0
49.0,47414228.0
53.0,47424852.0
59.0,47435468.0
56.0,47446100.0
54.0,47456716.0
50.0,47467340.0
48.0,47477964.0
49.0,47488580.0
51.0,47499196.0
52.0,47509820.0
50.0,47520444.0
50.0,47531076.0
47.0,47541692.0
46.0,47552308.0
47.0,47562940.0
49.0,47573556.0
48.0,47584180.0
47.0,47594804.0
47.0,47605428.0
49.0,47616056.0
47.0,47626676.0
50.0,47637292.0
48.0,47647916.0
45.0,47658540.0
44.0,47669156.0
44.0,47679788.0
44.0,47690412.0
53.0,47701040.0
49.0,47711660.0
54.0,47722284.0
50.0,47732908.0
46.0,47743524.0
47.0,47754148.0
48.0,47764780.0
46.0,47775396.0
44.0,47786024.0
50.0,47796652.0
48.0,47807276.0
46.0,47817900.0
46.0,47828524.0
42.0,47839148.0
44.0,47849772.0
44.0,47860388.0
43.0,47871016.0
45.0,47881636.0
46.0,47892252.0
46.0,47902876.0
49.0,47913500.0
47.0,47924124.0
46.0,47934748.0
46.0,47945364.0
46.0,47955992.0
44.0,47966612.0
44.0,47977236.0
44.0,47987860.0
47.0,47998484.0
52.0,48009108.0
51.0,48019732.0
49.0,48030348.0
47.0,48040984.0
48.0,48051604.0
52.0,48062228.0
52.0,48072852.0
50.0,48083468.0
47.0,48094084.0
47.0,48104708.0
43.0,48115324.0
43.0,48125960.0
40.0,48136580.0
39.0,48147196.0
39.0,48157820.0
40.0,48168444.0
44.0,48179060.0
43.0,48189684.0
45.0,48200308.0
43.0,48210944.0
40.0,48221564.0
40.0,48232180.0
38.0,48242804.0
41.0,48253420.0
41.0,48264036.0
41.0,48274660.0
41.0,48285276.0
41.0,48295900.0
40.0,48306532.0
39.0,48317156.0
40.0,48327784.0
45.0,48338404.0
42.0,48349028.0
45.0,48359652.0
46.0,48370268.0
48.0,48380884.0
48.0,48391508.0
45.0,48402132.0
44.0,48412760.0
50.0,48423388.0
47.0,48434004.0
45.0,48444636.0
46.0,48455260.0
45.0,48465884.0
47.0,48476516.0
49.0,48487132.0
46.0,48497768.0
49.0,48508388.0
47.0,48519004.0
45.0,48529628.0
44.0,48540244.0
42.0,48550868.0
40.0,48561492.0
46.0,48572108.0
44.0,48582736.0
43.0,48593356.0
41.0,48603980.0
40.0,48614604.0
40.0,48625220.0
41.0,48635844.0
42.0,48646468.0
43.0,48657084.0
43.0,48667720.0
41.0,48678340.0
40.0,48688964.0
40.0,48699588.0
38.0,48710204.0
40.0,48720828.0
46.0,48731452.0
47.0,48742076.0
45.0,48752704.0
44.0,48763324.0
41.0,48773940.0
42.0,48784564.0
41.0,48795180.0
39.0,48805804.0
37.0,48816428.0
39.0,48827044.0
40.0,48837680.0
40.0,48848300.0
38.0,48858916.0
39.0,48869548.0
38.0,48880164.0
38.0,48890780.0
38.0,48901404.0
38.0,48912020.0
37.0,48922648.0
38.0,48933268.0
38.0,48943892.0
37.0,48954516.0
37.0,48965140.0
37.0,48975756.0
38.0,48986380.0
37.0,48997004.0
35.0,49007632.0
38.0,49018252.0
41.0,49028876.0
40.0,49039500.0
40.0,49050124.0
41.0,49060740.0
39.0,49071364.0
43.0,49081988.0
45.0,49092616.0
42.0,49103236.0
41.0,49113860.0
39.0,49124484.0
39.0,49135108.0
38.0,49145732.0
39.0,49156356.0
38.0,49166980.0
41.0,49177608.0
44.0,49188228.0
42.0,49198844.0
42.0,49209468.0
41.0,49220084.0
40.0,49230700.0
38.0,49241324.0
47.0,49251940.0
47.0,49262556.0
44.0,49273180.0
45.0,49283804.0
42.0,49294432.0
41.0,49305052.0
40.0,49315668.0
39.0,49326300.0
39.0,49336916.0
40.0,49347532.0
41.0,49358156.0
39.0,49368772.0
38.0,49379400.0
37.0,49390020.0
36.0,49400644.0
39.0,49411276.0
37.0,49421892.0
40.0,49432508.0
45.0,49443132.0
44.0,49453748.0
44.0,49464376.0
41.0,49474996.0
40.0,49485612.0
38.0,49496236.0
37.0,49506852.0
40.0,49517476.0
40.0,49528108.0
44.0,49538724.0
45.0,49549352.0
42.0,49559972.0
40.0,49570596.0
39.0,49581220.0
38.0,49591844.0
40.0,49602468.0
38.0,49613092.0
38.0,49623708.0
38.0,49634344.0
46.0,49644972.0
43.0,49655596.0
42.0,49666220.0
41.0,49676836.0
42.0,49687460.0
40.0,49698084.0
39.0,49708700.0
39.0,49719328.0
37.0,49729948.0
37.0,49740564.0
38.0,49751188.0
40.0,49761812.0
39.0,49772428.0
39.0,49783052.0
39.0,49793668.0
39.0,49804304.0
37.0,49814924.0
37.0,49825540.0
35.0,49836164.0
34.0,49846780.0
34.0,49857396.0
34.0,49868020.0
36.0,49878644.0
41.0,49889268.0
41.0,49899900.0
41.0,49910516.0
39.0,49921140.0
38.0,49931756.0
37.0,49942372.0
37.0,49953004.0
37.0,49963620.0
38.0,49974236.0
37.0,49984860.0
37.0,49995484.0
39.0,50006116.0
38.0,50016732.0
40.0,50027348.0
40.0,50037980.0
41.0,50048596.0
41.0,50059212.0
41.0,50069836.0
39.0,50080460.0
39.0,50091092.0
37.0,50101716.0
36.0,50112340.0
36.0,50122972.0
34.0,50133596.0
34.0,50144220.0
33.0,50154844.0
32.0,50165468.0
32.0,50176100.0
32.0,50186716.0
32.0,50197332.0
35.0,50207964.0
36.0,50218588.0
38.0,50229204.0
38.0,50239828.0
37.0,50250452.0
36.0,50261080.0
36.0,50271708.0
35.0,50282332.0
36.0,50292956.0
34.0,50303580.0
33.0,50314204.0
33.0,50324828.0
35.0,50335444.0
44.0,50346072.0
42.0,50356692.0
40.0,50367316.0
38.0,50377948.0
38.0,50388572.0
37.0,50399188.0
35.0,50409812.0
34.0,50420428.0
36.0,50431056.0
37.0,50441676.0
37.0,50452292.0
36.0,50462916.0
38.0,50473532.0
37.0,50484156.0
35.0,50494780.0
34.0,50505404.0
35.0,50516032.0
34.0,50526660.0
34.0,50537284.0
38.0,50547908.0
37.0,50558532.0
37.0,50569156.0
35.0,50579788.0
34.0,50590412.0
33.0,50601040.0
32.0,50611660.0
32.0,50622284.0
32.0,50632908.0
32.0,50643532.0
31.0,50654148.0
31.0,50664772.0
31.0,50675396.0
31.0,50686024.0
31.0,50696644.0
35.0,50707260.0
41.0,50717884.0
40.0,50728508.0
39.0,50739132.0
37.0,50749764.0
36.0,50760388.0
35.0,50771016.0
34.0,50781636.0
33.0,50792260.0
32.0,50802884.0
34.0,50813500.0
40.0,50824124.0
39.0,50834748.0
38.0,50845372.0
39.0,50856000.0
38.0,50866620.0
36.0,50877244.0
35.0,50887868.0
34.0,50898492.0
33.0,50909108.0
33.0,50919732.0
32.0,50930356.0
33.0,50940984.0
36.0,50951604.0
38.0,50962228.0
37.0,50972852.0
35.0,50983476.0
34.0,50994100.0
35.0,51004724.0
35.0,51015348.0
34.0,51025976.0
36.0,51036596.0
37.0,51047220.0
38.0,51057844.0
38.0,51068468.0
37.0,51079092.0
36.0,51089716.0
35.0,51100340.0
35.0,51110968.0
37.0,51121588.0
35.0,51132212.0
35.0,51142836.0
34.0,51153460.0
33.0,51164084.0
37.0,51174708.0
38.0,51185332.0
36.0,51195968.0
35.0,51206596.0
36.0,51217212.0
35.0,51227836.0
34.0,51238452.0
34.0,51249068.0
34.0,51259692.0
33.0,51270308.0
34.0,51280936.0
37.0,51291556.0
37.0,51302172.0
36.0,51312796.0
35.0,51323412.0
34.0,51334028.0
34.0,51344652.0
33.0,51355276.0
33.0,51365904.0
32.0,51376524.0
33.0,51387140.0
32.0,51397764.0
31.0,51408380.0
36.0,51418996.0
34.0,51429620.0
33.0,51440236.0
34.0,51450860.0
33.0,51461484.0
34.0,51472108.0
36.0,51482732.0
35.0,51493348.0
35.0,51503964.0
34.0,51514588.0
34.0,51525204.0
33.0,51535820.0
34.0,51546444.0
36.0,51557060.0
35.0,51567688.0
34.0,51578308.0
34.0,51588932.0
34.0,51599556.0
34.0,51610180.0
37.0,51620804.0
35.0,51631428.0
34.0,51642044.0
33.0,51652672.0
33.0,51663292.0
33.0,51673908.0
35.0,51684532.0
35.0,51695148.0
35.0,51705772.0
34.0,51716396.0
33.0,51727012.0
33.0,51737640.0
32.0,51748260.0
31.0,51758876.0
31.0,51769500.0
31.0,51780124.0
34.0,51790740.0
35.0,51801372.0
35.0,51811996.0
34.0,51822624.0
33.0,51833244.0
33.0,51843868.0
33.0,51854492.0
33.0,51865108.0
33.0,51875724.0
35.0,51886356.0
35.0,51896980.0
34.0,51907616.0
34.0,51918236.0
33.0,51928860.0
33.0,51939484.0
33.0,51950100.0
32.0,51960716.0
31.0,51971340.0
32.0,51981956.0
35.0,51992584.0
38.0,52003204.0
38.0,52013820.0
38.0,52024444.0
37.0,52035060.0
37.0,52045676.0
36.0,52056300.0
36.0,52066924.0
37.0,52077548.0
40.0,52088180.0
53.0,52098796.0
75.0,52109420.0
87.0,52120044.0
85.0,52130660.0
91.0,52141292.0
91.0,52151916.0
114.0,52162588.0
125.0,52173264.0
124.0,52183936.0
120.0,52194616.0
104.0,52205288.0
94.0,52215924.0
82.0,52226548.0
71.0,52237164.0
62.0,52247788.0
55.0,52258404.0
49.0,52269020.0
45.0,52279644.0
42.0,52290268.0
39.0,52300904.0
37.0,52311524.0
34.0,52322148.0
33.0,52332780.0
32.0,52343404.0
31.0,52354028.0
31.0,52364652.0
30.0,52375276.0
30.0,52385900.0
30.0,52396524.0
30.0,52407148.0
30.0,52417772.0
32.0,52428396.0
38.0,52439028.0
38.0,52449652.0
36.0,52460268.0
35.0,52470892.0
35.0,52481508.0
38.0,52492124.0
54.0,52502748.0
67.0,52513364.0
72.0,52523980.0
79.0,52534604.0
74.0,52545220.0
72.0,52555848.0
71.0,52566468.0
82.0,52577092.0
91.0,52587716.0
129.0,52598376.0
124.0,52609060.0
127.0,52619728.0
146.0,52630400.0
154.0,52641080.0
153.0,52651752.0
144.0,52662432.0
139.0,52673104.0
144.0,52683780.0
150.0,52694456.0
136.0,52705128.0
149.0,52715808.0
168.0,52726480.0
166.0,52737156.0
149.0,52747824.0
127.0,52758496.0
113.0,52769168.0
121.0,52779840.0
128.0,52790520.0
123.0,52801192.0
127.0,52811868.0
130.0,52822544.0
122.0,52833216.0
122.0,52843896.0
125.0,52854568.0
119.0,52865240.0
113.0,52875912.0
108.0,52886596.0
111.0,52897272.0
113.0,52907944.0
119.0,52918624.0
121.0,52929296.0
123.0,52939968.0
143.0,52950640.0
152.0,52961328.0
145.0,52971992.0
143.0,52982664.0
129.0,52993344.0
132.0,53004016.0
118.0,53014696.0
112.0,53025368.0
117.0,53036048.0
127.0,53046720.0
113.0,53057392.0
112.0,53068072.0
108.0,53078744.0
113.0,53089432.0
102.0,53100104.0
100.0,53110780.0
102.0,53121456.0
117.0,53132128.0
112.0,53142808.0
107.0,53153480.0
121.0,53164164.0
121.0,53174840.0
118.0,53185512.0
116.0,53196192.0
101.0,53206864.0
92.0,53217500.0
89.0,53228116.0
84.0,53238732.0
76.0,53249356.0
76.0,53259972.0
84.0,53270600.0
94.0,53281220.0
96.0,53291844.0
115.0,53302512.0
112.0,53313184.0
113.0,53323872.0
114.0,53334544.0
110.0,53345216.0
112.0,53355896.0
104.0,53366568.0
99.0,53377204.0
107.0,53387872.0
99.0,53398500.0
98.0,53409124.0
96.0,53419740.0
114.0,53430412.0
128.0,53441088.0
114.0,53451760.0
105.0,53462440.0
99.0,53473068.0
109.0,53483736.0
108.0,53494408.0
95.0,53505040.0
84.0,53515660.0
88.0,53526276.0
105.0,53536944.0
107.0,53547616.0
106.0,53558292.0
96.0,53568924.0
89.0,53579540.0
97.0,53590164.0
99.0,53600780.0
99.0,53611396.0
94.0,53622020.0
93.0,53632636.0
98.0,53643264.0
97.0,53653884.0
92.0,53664500.0
83.0,53675124.0
75.0,53685740.0
73.0,53696356.0
86.0,53706980.0
82.0,53717596.0
84.0,53728220.0
92.0,53738844.0
97.0,53749468.0
105.0,53760144.0
102.0,53770816.0
98.0,53781444.0
95.0,53792068.0
95.0,53802684.0
93.0,53813312.0
104.0,53823976.0
113.0,53834648.0
124.0,53845328.0
112.0,53856000.0
100.0,53866672.0
92.0,53877300.0
96.0,53887916.0
87.0,53898540.0
84.0,53909156.0
88.0,53919784.0
89.0,53930404.0
97.0,53941020.0
91.0,53951644.0
91.0,53962268.0
88.0,53972884.0
95.0,53983508.0
109.0,53994176.0
110.0,54004860.0
113.0,54015536.0
110.0,54026208.0
103.0,54036888.0
110.0,54047560.0
103.0,54058240.0
104.0,54068912.0
113.0,54079588.0
106.0,54090264.0
100.0,54100936.0
101.0,54111616.0
109.0,54122288.0
106.0,54132968.0
112.0,54143640.0
111.0,54154328.0
109.0,54165000.0
115.0,54175672.0
113.0,54186352.0
104.0,54197024.0
105.0,54207704.0
109.0,54218376.0
111.0,54229064.0
114.0,54239736.0
102.0,54250408.0
111.0,54261088.0
100.0,54271760.0
99.0,54282396.0
91.0,54293012.0
105.0,54303672.0
92.0,54314308.0
108.0,54324968.0
102.0,54335648.0
89.0,54346276.0
85.0,54356892.0
79.0,54367516.0
82.0,54378140.0
82.0,54388768.0
78.0,54399388.0
75.0,54410012.0
78.0,54420636.0
89.0,54431252.0
90.0,54441868.0
82.0,54452492.0
76.0,54463108.0
85.0,54473736.0
91.0,54484356.0
88.0,54494972.0
87.0,54505596.0
89.0,54516212.0
92.0,54526828.0
88.0,54537452.0
90.0,54548068.0
94.0,54558684.0
103.0,54569360.0
95.0,54579988.0
100.0,54590664.0
103.0,54601336.0
122.0,54612020.0
129.0,54622696.0
116.0,54633368.0
102.0,54644048.0
92.0,54654676.0
96.0,54665304.0
107.0,54675968.0
104.0,54686640.0
98.0,54697276.0
91.0,54707892.0
93.0,54718520.0
97.0,54729140.0
91.0,54739756.0
87.0,54750380.0
99.0,54761004.0
123.0,54771664.0
113.0,54782344.0
120.0,54793016.0
117.0,54803696.0
105.0,54814368.0
116.0,54825052.0
117.0,54835728.0
112.0,54846400.0
111.0,54857080.0
103.0,54867752.0
110.0,54878432.0
101.0,54889104.0
115.0,54899788.0
130.0,54910464.0
120.0,54921136.0
118.0,54931816.0
117.0,54942488.0
123.0,54953168.0
124.0,54963840.0
116.0,54974524.0
113.0,54985200.0
106.0,54995872.0
117.0,55006552.0
108.0,55017224.0
97.0,55027860.0
86.0,55038484.0
83.0,55049108.0
81.0,55059740.0
82.0,55070356.0
77.0,55080988.0
75.0,55091604.0
75.0,55102220.0
82.0,55112844.0
91.0,55123460.0
89.0,55134076.0
96.0,55144700.0
103.0,55155360.0
115.0,55166044.0
120.0,55176720.0
116.0,55187392.0
101.0,55198072.0
95.0,55208700.0
94.0,55219324.0
99.0,55229940.0
96.0,55240564.0
101.0,55251232.0
101.0,55261904.0
97.0,55272544.0
100.0,55283216.0
97.0,55293844.0
86.0,55304468.0
86.0,55315092.0
92.0,55325720.0
96.0,55336340.0
99.0,55346956.0
100.0,55357624.0
97.0,55368252.0
92.0,55378868.0
103.0,55389536.0
95.0,55400164.0
101.0,55410836.0
97.0,55421468.0
90.0,55432084.0
87.0,55442708.0
82.0,55453324.0
89.0,55463952.0
86.0,55474572.0
89.0,55485188.0
86.0,55495812.0
90.0,55506436.0
98.0,55517052.0
101.0,55527728.0
101.0,55538400.0
102.0,55549080.0
95.0,55559708.0
99.0,55570324.0
98.0,55580956.0
101.0,55591624.0
103.0,55602308.0
103.0,55612984.0
94.0,55623612.0
94.0,55634236.0
96.0,55644860.0
92.0,55655488.0
89.0,55666108.0
85.0,55676732.0
82.0,55687356.0
79.0,55697980.0
84.0,55708604.0
91.0,55719228.0
88.0,55729844.0
85.0,55740480.0
79.0,55751100.0
79.0,55761716.0
79.0,55772340.0
80.0,55782956.0
95.0,55793572.0
86.0,55804204.0
81.0,55814820.0
80.0,55825448.0
84.0,55836068.0
85.0,55846684.0
88.0,55857308.0
99.0,55867924.0
99.0,55878548.0
96.0,55889172.0
104.0,55899840.0
124.0,55910524.0
121.0,55921200.0
115.0,55931872.0
106.0,55942552.0
98.0,55953180.0
95.0,55963804.0
97.0,55974428.0
102.0,55985088.0
96.0,55995724.0
89.0,56006348.0
83.0,56016976.0
86.0,56027596.0
89.0,56038212.0
91.0,56048836.0
87.0,56059452.0
88.0,56070068.0
92.0,56080692.0
95.0,56091308.0
92.0,56101944.0
87.0,56112564.0
93.0,56123188.0
89.0,56133812.0
88.0,56144428.0
84.0,56155044.0
76.0,56165668.0
70.0,56176292.0
71.0,56186920.0
82.0,56197540.0
72.0,56208156.0
71.0,56218788.0
71.0,56229404.0
71.0,56240028.0
77.0,56250652.0
94.0,56261276.0
85.0,56271904.0
76.0,56282524.0
77.0,56293148.0
78.0,56303772.0
77.0,56314396.0
83.0,56325020.0
84.0,56335644.0
81.0,56346260.0
82.0,56356888.0
82.0,56367508.0
93.0,56378124.0
85.0,56388748.0
80.0,56399364.0
88.0,56409980.0
81.0,56420604.0
79.0,56431220.0
99.0,56441844.0
100.0,56452512.0
102.0,56463184.0
98.0,56473820.0
102.0,56484480.0
92.0,56495112.0
98.0,56505740.0
98.0,56516356.0
97.0,56526980.0
93.0,56537596.0
86.0,56548220.0
82.0,56558844.0
86.0,56569460.0
83.0,56580084.0
82.0,56590708.0
80.0,56601324.0
76.0,56611948.0
82.0,56622564.0
80.0,56633180.0
80.0,56643804.0
82.0,56654420.0
85.0,56665036.0
85.0,56675660.0
82.0,56686276.0
77.0,56696908.0
74.0,56707524.0
74.0,56718140.0
76.0,56728764.0
79.0,56739388.0
82.0,56750004.0
85.0,56760636.0
76.0,56771252.0
78.0,56781880.0
70.0,56792508.0
85.0,56803132.0
84.0,56813756.0
85.0,56824380.0
80.0,56834996.0
82.0,56845620.0
81.0,56856236.0
77.0,56866864.0
72.0,56877484.0
72.0,56888108.0
77.0,56898732.0
77.0,56909348.0
81.0,56919972.0
87.0,56930596.0
91.0,56941220.0
86.0,56951848.0
88.0,56962468.0
103.0,56973128.0
98.0,56983772.0
103.0,56994440.0
98.0,57005080.0
97.0,57015700.0
111.0,57026368.0
100.0,57037048.0
92.0,57047676.0
92.0,57058304.0
87.0,57068924.0
85.0,57079540.0
79.0,57090164.0
69.0,57100780.0
70.0,57111404.0
74.0,57122028.0
97.0,57132644.0
87.0,57143268.0
78.0,57153900.0
72.0,57164524.0
71.0,57175148.0
71.0,57185772.0
63.0,57196396.0
64.0,57207020.0
62.0,57217644.0
68.0,57228268.0
68.0,57238892.0
78.0,57249516.0
75.0,57260140.0
69.0,57270764.0
70.0,57281388.0
69.0,57292012.0
70.0,57302636.0
76.0,57313260.0
73.0,57323884.0
74.0,57334508.0
72.0,57345132.0
68.0,57355748.0
70.0,57366364.0
68.0,57376988.0
70.0,57387604.0
72.0,57398220.0
81.0,57408844.0
76.0,57419468.0
68.0,57430096.0
66.0,57440716.0
63.0,57451332.0
63.0,57461956.0
69.0,57472580.0
67.0,57483196.0
62.0,57493820.0
62.0,57504444.0
60.0,57515076.0
60.0,57525692.0
54.0,57536316.0
50.0,57546940.0
45.0,57557564.0
45.0,57568188.0
41.0,57578812.0
38.0,57589436.0
39.0,57600076.0
39.0,57610692.0
42.0,57621308.0
41.0,57631932.0
42.0,57642548.0
42.0,57653164.0
41.0,57663788.0
46.0,57674412.0
46.0,57685040.0
45.0,57695660.0
48.0,57706276.0
49.0,57716900.0
49.0,57727516.0
48.0,57738140.0
53.0,57748764.0
57.0,57759380.0
58.0,57770008.0
53.0,57780628.0
50.0,57791244.0
51.0,57801868.0
48.0,57812484.0
51.0,57823100.0
48.0,57833724.0
50.0,57844340.0
46.0,57854976.0
47.0,57865596.0
50.0,57876212.0
47.0,57886844.0
54.0,57897460.0
52.0,57908076.0
53.0,57918700.0
54.0,57929324.0
52.0,57939948.0
50.0,57950572.0
47.0,57961188.0
47.0,57971820.0
46.0,57982436.0
46.0,57993052.0
53.0,58003676.0
50.0,58014292.0
51.0,58024908.0
50.0,58035532.0
50.0,58046148.0
49.0,58056776.0
47.0,58067404.0
49.0,58078020.0
48.0,58088644.0
51.0,58099268.0
48.0,58109884.0
48.0,58120516.0
52.0,58131132.0
50.0,58141760.0
56.0,58152380.0
53.0,58163004.0
49.0,58173628.0
48.0,58184244.0
45.0,58194860.0
47.0,58205484.0
48.0,58216100.0
47.0,58226736.0
48.0,58237364.0
50.0,58247988.0
47.0,58258612.0
52.0,58269228.0
49.0,58279844.0
54.0,58290468.0
56.0,58301092.0
55.0,58311720.0
51.0,58322348.0
52.0,58332972.0
49.0,58343604.0
48.0,58354220.0
49.0,58364844.0
49.0,58375476.0
48.0,58386092.0
46.0,58396720.0
46.0,58407340.0
44.0,58417956.0
42.0,58428588.0
42.0,58439204.0
41.0,58449820.0
46.0,58460444.0
45.0,58471060.0
44.0,58481696.0
48.0,58492316.0
45.0,58502932.0
44.0,58513564.0
45.0,58524188.0
44.0,58534804.0
42.0,58545428.0
44.0,58556052.0
44.0,58566680.0
42.0,58577300.0
42.0,58587916.0
42.0,58598540.0
41.0,58609156.0
44.0,58619780.0
45.0,58630404.0
44.0,58641020.0
45.0,58651656.0
43.0,58662284.0
42.0,58672908.0
39.0,58683532.0
40.0,58694148.0
42.0,58704772.0
40.0,58715404.0
40.0,58726028.0
43.0,58736656.0
43.0,58747276.0
46.0,58757900.0
45.0,58768524.0
43.0,58779148.0
50.0,58789772.0
45.0,58800396.0
46.0,58811020.0
44.0,58821648.0
42.0,58832268.0
41.0,58842884.0
44.0,58853508.0
47.0,58864132.0
47.0,58874756.0
48.0,58885380.0
50.0,58895996.0
48.0,58906624.0
47.0,58917244.0
46.0,58927860.0
45.0,58938484.0
48.0,58949100.0
48.0,58959724.0
47.0,58970348.0
46.0,58980972.0
46.0,58991596.0
45.0,59002220.0
42.0,59012836.0
43.0,59023464.0
43.0,59034084.0
46.0,59044708.0
45.0,59055332.0
44.0,59065948.0
42.0,59076564.0
42.0,59087188.0
45.0,59097804.0
43.0,59108432.0
40.0,59119052.0
43.0,59129676.0
44.0,59140300.0
42.0,59150916.0
40.0,59161532.0
42.0,59172156.0
40.0,59182780.0
38.0,59193408.0
39.0,59204028.0
41.0,59214652.0
40.0,59225284.0
43.0,59235900.0
41.0,59246516.0
43.0,59257140.0
44.0,59267764.0
41.0,59278392.0
42.0,59289012.0
43.0,59299636.0
43.0,59310260.0
43.0,59320876.0
42.0,59331492.0
43.0,59342116.0
41.0,59352732.0
40.0,59363360.0
41.0,59373980.0
42.0,59384604.0
42.0,59395228.0
41.0,59405844.0
42.0,59416460.0
42.0,59427084.0
42.0,59437700.0
42.0,59448328.0
40.0,59458948.0
40.0,59469564.0
39.0,59480188.0
41.0,59490804.0
42.0,59501420.0
41.0,59512052.0
46.0,59522676.0
46.0,59533300.0
45.0,59543924.0
46.0,59554548.0
45.0,59565172.0
46.0,59575788.0
45.0,59586412.0
47.0,59597036.0
45.0,59607652.0
46.0,59618268.0
50.0,59628892.0
50.0,59639508.0
48.0,59650136.0
50.0,59660756.0
47.0,59671380.0
45.0,59682012.0
45.0,59692628.0
51.0,59703252.0
48.0,59713884.0
46.0,59724508.0
44.0,59735136.0
52.0,59745764.0
48.0,59756380.0
46.0,59767004.0
43.0,59777628.0
44.0,59788244.0
43.0,59798876.0
45.0,59809500.0
43.0,59820128.0
44.0,59830756.0
45.0,59841380.0
43.0,59852004.0
42.0,59862620.0
44.0,59873244.0
50.0,59883868.0
48.0,59894484.0
46.0,59905112.0
44.0,59915732.0
43.0,59926356.0
41.0,59936988.0
39.0,59947604.0
40.0,59958228.0
40.0,59968852.0
40.0,59979468.0
43.0,59990096.0
45.0,60000716.0
46.0,60011332.0
45.0,60021956.0
42.0,60032572.0
42.0,60043188.0
39.0,60053812.0
41.0,60064436.0
43.0,60075064.0
43.0,60085684.0
50.0,60096308.0
46.0,60106932.0
44.0,60117556.0
42.0,60128180.0
41.0,60138812.0
47.0,60149436.0
46.0,60160068.0
45.0,60170684.0
43.0,60181300.0
42.0,60191924.0
44.0,60202548.0
40.0,60213172.0
40.0,60223796.0
41.0,60234420.0
41.0,60245048.0
43.0,60255676.0
44.0,60266300.0
42.0,60276924.0
43.0,60287548.0
42.0,60298172.0
47.0,60308804.0
46.0,60319420.0
43.0,60330048.0
47.0,60340668.0
49.0,60351284.0
47.0,60361908.0
43.0,60372532.0
43.0,60383156.0
48.0,60393780.0
46.0,60404404.0
44.0,60415032.0
45.0,60425660.0
44.0,60436276.0
43.0,60446900.0
44.0,60457516.0
44.0,60468140.0
41.0,60478764.0
40.0,60489388.0
41.0,60500016.0
43.0,60510636.0
48.0,60521260.0
54.0,60531884.0
49.0,60542508.0
47.0,60553132.0
43.0,60563756.0
43.0,60574380.0
45.0,60585008.0
41.0,60595636.0
38.0,60606260.0
42.0,60616884.0
42.0,60627508.0
45.0,60638124.0
44.0,60648756.0
43.0,60659372.0
42.0,60670000.0
41.0,60680620.0
43.0,60691236.0
43.0,60701860.0
41.0,60712484.0
40.0,60723108.0
39.0,60733732.0
41.0,60744356.0
45.0,60754984.0
42.0,60765604.0
41.0,60776228.0
39.0,60786852.0
40.0,60797476.0
38.0,60808100.0
41.0,60818724.0
40.0,60829340.0
41.0,60839976.0
40.0,60850596.0
40.0,60861212.0
38.0,60871836.0
40.0,60882460.0
41.0,60893076.0
42.0,60903708.0
44.0,60914332.0
43.0,60924960.0
44.0,60935580.0
42.0,60946204.0
39.0,60956828.0
39.0,60967444.0
41.0,60978060.0
39.0,60988684.0
38.0,60999308.0
37.0,61009936.0
36.0,61020556.0
35.0,61031180.0
37.0,61041804.0
35.0,61052420.0
34.0,61063044.0
37.0,61073676.0
35.0,61084300.0
34.0,61094928.0
33.0,61105548.0
34.0,61116172.0
33.0,61126796.0
35.0,61137420.0
35.0,61148044.0
36.0,61158668.0
37.0,61169292.0
36.0,61179920.0
40.0,61190540.0
37.0,61201164.0
37.0,61211788.0
36.0,61222412.0
36.0,61233036.0
37.0,61243660.0
37.0,61254284.0
40.0,61264912.0
40.0,61275532.0
39.0,61286156.0
38.0,61296780.0
39.0,61307404.0
37.0,61318028.0
38.0,61328652.0
37.0,61339276.0
38.0,61349904.0
41.0,61360524.0
43.0,61371148.0
45.0,61381772.0
46.0,61392396.0
45.0,61403020.0
46.0,61413644.0
43.0,61424268.0
44.0,61434896.0
45.0,61445524.0
43.0,61456148.0
45.0,61466772.0
45.0,61477388.0
43.0,61488004.0
42.0,61498628.0
43.0,61509244.0
42.0,61519872.0
41.0,61530492.0
40.0,61541108.0
39.0,61551732.0
38.0,61562356.0
36.0,61572980.0
37.0,61583612.0
36.0,61594236.0
38.0,61604864.0
38.0,61615484.0
36.0,61626100.0
36.0,61636732.0
34.0,61647356.0
34.0,61657972.0
35.0,61668596.0
34.0,61679212.0
33.0,61689836.0
34.0,61700460.0
37.0,61711076.0
36.0,61721704.0
37.0,61732324.0
38.0,61742940.0
37.0,61753564.0
37.0,61764188.0
37.0,61774804.0
36.0,61785428.0
39.0,61796052.0
40.0,61806680.0
38.0,61817308.0
39.0,61827932.0
37.0,61838564.0
36.0,61849188.0
36.0,61859812.0
36.0,61870436.0
35.0,61881052.0
34.0,61891680.0
38.0,61902300.0
36.0,61912924.0
37.0,61923548.0
35.0,61934172.0
35.0,61944796.0
35.0,61955420.0
34.0,61966036.0
33.0,61976664.0
33.0,61987292.0
32.0,61997916.0
32.0,62008540.0
32.0,62019164.0
31.0,62029788.0
32.0,62040420.0
31.0,62051044.0
31.0,62061672.0
30.0,62072292.0
32.0,62082916.0
32.0,62093540.0
31.0,62104164.0
34.0,62114788.0
34.0,62125412.0
35.0,62136036.0
35.0,62146664.0
34.0,62157292.0
38.0,62167908.0
52.0,62178532.0
56.0,62189156.0
55.0,62199780.0
76.0,62210404.0
69.0,62221028.0
73.0,62231656.0
95.0,62242284.0
103.0,62252952.0
102.0,62263632.0
115.0,62274304.0
141.0,62284984.0
146.0,62295656.0
140.0,62306340.0
191.0,62317016.0
184.0,62327688.0
158.0,62338368.0
132.0,62349040.0
110.0,62359720.0
93.0,62370348.0
79.0,62380972.0
72.0,62391596.0
98.0,62402220.0
112.0,62412892.0
102.0,62423568.0
88.0,62434196.0
76.0,62444828.0
66.0,62455444.0
112.0,62466116.0
132.0,62476792.0
131.0,62487464.0
126.0,62498144.0
115.0,62508816.0
107.0,62519496.0
93.0,62530124.0
80.0,62540748.0
69.0,62551372.0
61.0,62561996.0
54.0,62572624.0
58.0,62583244.0
104.0,62593912.0
132.0,62604592.0
135.0,62615264.0
119.0,62625944.0
101.0,62636616.0
86.0,62647244.0
106.0,62657912.0
140.0,62668584.0
137.0,62679264.0
131.0,62689936.0
157.0,62700620.0
145.0,62711296.0
131.0,62721968.0
116.0,62732648.0
98.0,62743276.0
85.0,62753900.0
88.0,62764524.0
95.0,62775148.0
95.0,62785780.0
107.0,62796448.0
99.0,62807088.0
89.0,62817708.0
78.0,62828332.0
79.0,62838956.0
88.0,62849580.0
98.0,62860204.0
94.0,62870828.0
88.0,62881452.0
84.0,62892080.0
85.0,62902708.0
90.0,62913332.0
92.0,62923956.0
99.0,62934580.0
134.0,62945240.0
136.0,62955920.0
133.0,62966592.0
145.0,62977272.0
141.0,62987944.0
137.0,62998628.0
127.0,63009304.0
117.0,63019976.0
115.0,63030656.0
129.0,63041328.0
137.0,63052008.0
142.0,63062680.0
140.0,63073364.0
164.0,63084040.0
160.0,63094712.0
175.0,63105392.0
176.0,63116064.0
165.0,63126744.0
172.0,63137416.0
173.0,63148100.0
184.0,63158776.0
161.0,63169448.0
145.0,63180128.0
128.0,63190800.0
112.0,63201480.0
121.0,63212152.0
123.0,63222836.0
119.0,63233512.0
106.0,63244184.0
116.0,63254864.0
142.0,63265536.0
142.0,63276216.0
138.0,63286888.0
134.0,63297572.0
131.0,63308248.0
124.0,63318920.0
116.0,63329600.0
140.0,63340272.0
150.0,63350952.0
153.0,63361632.0
145.0,63372312.0
140.0,63382984.0
138.0,63393656.0
149.0,63404336.0
133.0,63415008.0
125.0,63425688.0
119.0,63436360.0
122.0,63447036.0
120.0,63457712.0
133.0,63468384.0
136.0,63479064.0
155.0,63489736.0
141.0,63500420.0
127.0,63511096.0
138.0,63521768.0
130.0,63532448.0
128.0,63543120.0
115.0,63553800.0
116.0,63564472.0
119.0,63575156.0
128.0,63585832.0
120.0,63596504.0
105.0,63607184.0
98.0,63617812.0
102.0,63628480.0
111.0,63639152.0
113.0,63649836.0
103.0,63660512.0
107.0,63671184.0
117.0,63681864.0
118.0,63692536.0
125.0,63703216.0
137.0,63713888.0
150.0,63724568.0
146.0,63735240.0
154.0,63745912.0
146.0,63756592.0
140.0,63767264.0
117.0,63777944.0
109.0,63788616.0
111.0,63799296.0
108.0,63809968.0
101.0,63820640.0
122.0,63831320.0
113.0,63841992.0
118.0,63852676.0
114.0,63863352.0
131.0,63874032.0
125.0,63884712.0
126.0,63895384.0
122.0,63906064.0
112.0,63916736.0
103.0,63927420.0
112.0,63938096.0
110.0,63948768.0
97.0,63959404.0
93.0,63970028.0
148.0,63980696.0
173.0,63991368.0
160.0,64002044.0
147.0,64012720.0
147.0,64023392.0
168.0,64034072.0
162.0,64044744.0
154.0,64055432.0
149.0,64066104.0
141.0,64076776.0
124.0,64087456.0
123.0,64098128.0
115.0,64108808.0
106.0,64119480.0
113.0,64130164.0
123.0,64140840.0
126.0,64151512.0
125.0,64162192.0
129.0,64172864.0
124.0,64183544.0
111.0,64194216.0
127.0,64204900.0
116.0,64215568.0
120.0,64226240.0
120.0,64236912.0
116.0,64247584.0
108.0,64258264.0
129.0,64268936.0
125.0,64279612.0
111.0,64290288.0
108.0,64300960.0
101.0,64311640.0
113.0,64322312.0
118.0,64332992.0
136.0,64343664.0
121.0,64354348.0
114.0,64365024.0
110.0,64375696.0
104.0,64386376.0
111.0,64397048.0
114.0,64407728.0
118.0,64418400.0
129.0,64429076.0
131.0,64439752.0
134.0,64450424.0
143.0,64461104.0
130.0,64471776.0
121.0,64482456.0
121.0,64493128.0
116.0,64503808.0
132.0,64514480.0
132.0,64525152.0
133.0,64535832.0
129.0,64546504.0
118.0,64557188.0
110.0,64567864.0
100.0,64578536.0
110.0,64589216.0
154.0,64599888.0
190.0,64610568.0
180.0,64621240.0
168.0,64631924.0
160.0,64642600.0
162.0,64653272.0
154.0,64663952.0
153.0,64674624.0
180.0,64685304.0
159.0,64695976.0
139.0,64706660.0
134.0,64717336.0
132.0,64728008.0
123.0,64738688.0
112.0,64749360.0
111.0,64760040.0
107.0,64770712.0
117.0,64781396.0
109.0,64792072.0
125.0,64802744.0
117.0,64813424.0
130.0,64824096.0
136.0,64834776.0
142.0,64845448.0
141.0,64856136.0
127.0,64866808.0
132.0,64877480.0
129.0,64888160.0
135.0,64898832.0
124.0,64909512.0
124.0,64920184.0
129.0,64930868.0
130.0,64941544.0
126.0,64952216.0
145.0,64962896.0
149.0,64973568.0
137.0,64984248.0
146.0,64994920.0
136.0,65005608.0
139.0,65016280.0
128.0,65026952.0
128.0,65037632.0
122.0,65048304.0
114.0,65058984.0
106.0,65069656.0
111.0,65080332.0
119.0,65091008.0
108.0,65101680.0
111.0,65112360.0
118.0,65123032.0
111.0,65133716.0
109.0,65144392.0
117.0,65155068.0
115.0,65165744.0
116.0,65176416.0
118.0,65187096.0
109.0,65197768.0
99.0,65208408.0
103.0,65219072.0
94.0,65229700.0
118.0,65240376.0
107.0,65251048.0
100.0,65261728.0
97.0,65272356.0
110.0,65283024.0
105.0,65293704.0
98.0,65304332.0
93.0,65314956.0
91.0,65325580.0
88.0,65336204.0
95.0,65346828.0
100.0,65357496.0
96.0,65368136.0
90.0,65378764.0
94.0,65389388.0
94.0,65400012.0
97.0,65410636.0
106.0,65421308.0
97.0,65431940.0
88.0,65442564.0
85.0,65453188.0
83.0,65463812.0
79.0,65474436.0
75.0,65485060.0
89.0,65495684.0
95.0,65506312.0
100.0,65516976.0
95.0,65527604.0
95.0,65538236.0
93.0,65548852.0
91.0,65559468.0
84.0,65570092.0
81.0,65580708.0
87.0,65591336.0
84.0,65601956.0
122.0,65612616.0
110.0,65623304.0
110.0,65633976.0
99.0,65644608.0
93.0,65655228.0
85.0,65665844.0
96.0,65676468.0
87.0,65687084.0
90.0,65697700.0
99.0,65708324.0
90.0,65718940.0
109.0,65729612.0
102.0,65740280.0
99.0,65750908.0
92.0,65761532.0
102.0,65772200.0
99.0,65782832.0
97.0,65793452.0
99.0,65804068.0
100.0,65814736.0
106.0,65825408.0
102.0,65836084.0
98.0,65846716.0
88.0,65857332.0
85.0,65867956.0
95.0,65878572.0
103.0,65889240.0
106.0,65899920.0
111.0,65910592.0
103.0,65921272.0
94.0,65931900.0
109.0,65942572.0
98.0,65953204.0
100.0,65963864.0
114.0,65974544.0
117.0,65985216.0
112.0,65995900.0
111.0,66006576.0
113.0,66017248.0
120.0,66027928.0
120.0,66038600.0
111.0,66049288.0
114.0,66059960.0
103.0,66070644.0
106.0,66081320.0
136.0,66091992.0
131.0,66102672.0
116.0,66113344.0
116.0,66124024.0
113.0,66134696.0
112.0,66145380.0
124.0,66156056.0
129.0,66166728.0
118.0,66177408.0
113.0,66188080.0
105.0,66198760.0
111.0,66209432.0
117.0,66220116.0
124.0,66230792.0
119.0,66241464.0
116.0,66252144.0
107.0,66262816.0
95.0,66273452.0
88.0,66284068.0
77.0,66294684.0
75.0,66305308.0
83.0,66315924.0
74.0,66326556.0
91.0,66337172.0
89.0,66347788.0
84.0,66358412.0
81.0,66369028.0
77.0,66379652.0
69.0,66390276.0
67.0,66400900.0
63.0,66411528.0
65.0,66422148.0
67.0,66432764.0
66.0,66443388.0
60.0,66454004.0
57.0,66464620.0
56.0,66475244.0
55.0,66485860.0
53.0,66496476.0
56.0,66507100.0
55.0,66517724.0
50.0,66528352.0
47.0,66538972.0
45.0,66549588.0
42.0,66560220.0
39.0,66570836.0
37.0,66581452.0
43.0,66592076.0
53.0,66602692.0
47.0,66613320.0
46.0,66623940.0
42.0,66634556.0
41.0,66645188.0
41.0,66655812.0
39.0,66666428.0
40.0,66677052.0
43.0,66687668.0
42.0,66698296.0
45.0,66708916.0
45.0,66719532.0
46.0,66730156.0
44.0,66740772.0
49.0,66751388.0
46.0,66762012.0
53.0,66772628.0
51.0,66783264.0
49.0,66793884.0
49.0,66804500.0
51.0,66815132.0
50.0,66825756.0
48.0,66836372.0
46.0,66846996.0
47.0,66857620.0
51.0,66868248.0
50.0,66878868.0
50.0,66889484.0
54.0,66900108.0
52.0,66910724.0
51.0,66921340.0
50.0,66931964.0
47.0,66942580.0
48.0,66953204.0
47.0,66963828.0
48.0,66974444.0
47.0,66985068.0
48.0,66995684.0
50.0,67006300.0
48.0,67016932.0
47.0,67027548.0
49.0,67038164.0
49.0,67048796.0
48.0,67059412.0
46.0,67070040.0
45.0,67080660.0
42.0,67091276.0
42.0,67101908.0
45.0,67112532.0
44.0,67123156.0
49.0,67133780.0
45.0,67144396.0
44.0,67155024.0
44.0,67165644.0
42.0,67176268.0
41.0,67186892.0
39.0,67197508.0
40.0,67208132.0
42.0,67218756.0
44.0,67229380.0
42.0,67240008.0
42.0,67250628.0
41.0,67261244.0
43.0,67271868.0
40.0,67282484.0
44.0,67293100.0
48.0,67303724.0
45.0,67314340.0
45.0,67324968.0
46.0,67335588.0
45.0,67346204.0
44.0,67356828.0
42.0,67367452.0
41.0,67378068.0
46.0,67388692.0
47.0,67399308.0
47.0,67409944.0
48.0,67420564.0
45.0,67431180.0
43.0,67441804.0
43.0,67452420.0
45.0,67463036.0
45.0,67473660.0
47.0,67484276.0
45.0,67494912.0
46.0,67505540.0
46.0,67516156.0
44.0,67526780.0
43.0,67537396.0
46.0,67548012.0
45.0,67558636.0
45.0,67569252.0
43.0,67579868.0
42.0,67590492.0
44.0,67601108.0
45.0,67611736.0
46.0,67622356.0
44.0,67632972.0
42.0,67643596.0
42.0,67654212.0
41.0,67664828.0
41.0,67675452.0
43.0,67686068.0
45.0,67696696.0
44.0,67707316.0
46.0,67717932.0
44.0,67728556.0
43.0,67739172.0
42.0,67749788.0
42.0,67760412.0
44.0,67771028.0
42.0,67781656.0
41.0,67792276.0
43.0,67802892.0
43.0,67813516.0
42.0,67824140.0
40.0,67834764.0
39.0,67845388.0
41.0,67856012.0
40.0,67866640.0
39.0,67877260.0
38.0,67887876.0
37.0,67898500.0
35.0,67909116.0
36.0,67919740.0
37.0,67930372.0
38.0,67940996.0
36.0,67951624.0
36.0,67962244.0
36.0,67972860.0
39.0,67983484.0
40.0,67994108.0
38.0,68004724.0
38.0,68015348.0
40.0,68025964.0
42.0,68036588.0
42.0,68047212.0
43.0,68057828.0
44.0,68068460.0
43.0,68079076.0
43.0,68089692.0
42.0,68100316.0
45.0,68110932.0
42.0,68121548.0
40.0,68132180.0
39.0,68142796.0
39.0,68153424.0
41.0,68164044.0
41.0,68174660.0
44.0,68185284.0
40.0,68195900.0
43.0,68206516.0
43.0,68217140.0
41.0,68227756.0
40.0,68238384.0
41.0,68249004.0
39.0,68259620.0
42.0,68270244.0
43.0,68280860.0
41.0,68291476.0
41.0,68302100.0
40.0,68312716.0
38.0,68323344.0
39.0,68333964.0
40.0,68344580.0
41.0,68355204.0
41.0,68365828.0
43.0,68376444.0
43.0,68387068.0
42.0,68397684.0
41.0,68408308.0
48.0,68418932.0
48.0,68429548.0
50.0,68440172.0
47.0,68450788.0
45.0,68461404.0
47.0,68472028.0
47.0,68482644.0
46.0,68493260.0
43.0,68503884.0
41.0,68514500.0
43.0,68525128.0
40.0,68535748.0
40.0,68546364.0
41.0,68556988.0
41.0,68567604.0
39.0,68578220.0
41.0,68588844.0
41.0,68599460.0
41.0,68610088.0
43.0,68620708.0
43.0,68631332.0
41.0,68641956.0
40.0,68652572.0
42.0,68663188.0
40.0,68673812.0
39.0,68684428.0
39.0,68695056.0
38.0,68705676.0
38.0,68716292.0
38.0,68726916.0
39.0,68737540.0
41.0,68748156.0
41.0,68758780.0
43.0,68769404.0
40.0,68780032.0
39.0,68790652.0
36.0,68801276.0
37.0,68811900.0
39.0,68822524.0
40.0,68833148.0
41.0,68843772.0
46.0,68854396.0
43.0,68865024.0
43.0,68875644.0
42.0,68886268.0
41.0,68896892.0
40.0,68907508.0
42.0,68918124.0
40.0,68928748.0
39.0,68939372.0
38.0,68949996.0
39.0,68960628.0
38.0,68971244.0
37.0,68981868.0
42.0,68992484.0
44.0,69003108.0
42.0,69013740.0
40.0,69024364.0
40.0,69034988.0
38.0,69045620.0
37.0,69056236.0
38.0,69066868.0
37.0,69077492.0
39.0,69088116.0
40.0,69098748.0
41.0,69109372.0
39.0,69120004.0
39.0,69130620.0
53.0,69141236.0
50.0,69151860.0
47.0,69162476.0
46.0,69173092.0
43.0,69183716.0
43.0,69194332.0
47.0,69204948.0
50.0,69215572.0
50.0,69226196.0
47.0,69236824.0
45.0,69247444.0
42.0,69258060.0
40.0,69268684.0
38.0,69279300.0
35.0,69289924.0
35.0,69300548.0
33.0,69311164.0
33.0,69321792.0
32.0,69332412.0
32.0,69343028.0
30.0,69353652.0
31.0,69364268.0
35.0,69374892.0
34.0,69385516.0
35.0,69396140.0
35.0,69406768.0
37.0,69417388.0
35.0,69428012.0
35.0,69438636.0
34.0,69449260.0
35.0,69459884.0
38.0,69470516.0
36.0,69481132.0
36.0,69491760.0
35.0,69502380.0
34.0,69513004.0
34.0,69523628.0
37.0,69534244.0
37.0,69544868.0
38.0,69555492.0
36.0,69566108.0
34.0,69576736.0
34.0,69587356.0
43.0,69597980.0
41.0,69608604.0
40.0,69619228.0
37.0,69629844.0
36.0,69640468.0
36.0,69651084.0
41.0,69661720.0
42.0,69672340.0
41.0,69682956.0
40.0,69693580.0
39.0,69704196.0
38.0,69714812.0
36.0,69725436.0
36.0,69736060.0
35.0,69746688.0
36.0,69757308.0
36.0,69767932.0
38.0,69778556.0
36.0,69789172.0
36.0,69799788.0
37.0,69810412.0
37.0,69821028.0
37.0,69831644.0
36.0,69842268.0
34.0,69852884.0
34.0,69863512.0
33.0,69874132.0
32.0,69884756.0
35.0,69895388.0
34.0,69906004.0
33.0,69916620.0
32.0,69927244.0
32.0,69937860.0
31.0,69948488.0
31.0,69959116.0
31.0,69969740.0
32.0,69980364.0
36.0,69990980.0
37.0,70001604.0
36.0,70012228.0
36.0,70022852.0
34.0,70033480.0
33.0,70044100.0
32.0,70054716.0
32.0,70065340.0
32.0,70075964.0
31.0,70086588.0
31.0,70097212.0
31.0,70107836.0
31.0,70118464.0
30.0,70129084.0
30.0,70139700.0
29.0,70150324.0
29.0,70160948.0
29.0,70171564.0
29.0,70182188.0
28.0,70192812.0
28.0,70203440.0
28.0,70214060.0
27.0,70224684.0
27.0,70235308.0
27.0,70245932.0
27.0,70256556.0
27.0,70267180.0
27.0,70277804.0
27.0,70288432.0
27.0,70299052.0
29.0,70309676.0
31.0,70320300.0
30.0,70330924.0
31.0,70341548.0
36.0,70352172.0
35.0,70362796.0
35.0,70373424.0
34.0,70384044.0
33.0,70394668.0
32.0,70405300.0
31.0,70415916.0
31.0,70426540.0
31.0,70437164.0
32.0,70447788.0
32.0,70458416.0
31.0,70469036.0
30.0,70479652.0
30.0,70490276.0
30.0,70500892.0
30.0,70511508.0
30.0,70522132.0
30.0,70532756.0
30.0,70543384.0
30.0,70554004.0
30.0,70564620.0
29.0,70575244.0
29.0,70585860.0
29.0,70596476.0
29.0,70607108.0
29.0,70617732.0
29.0,70628368.0
30.0,70638996.0
29.0,70649620.0
29.0,70660244.0
29.0,70670868.0
29.0,70681484.0
29.0,70692116.0
29.0,70702732.0
29.0,70713360.0
29.0,70723988.0
29.0,70734604.0
29.0,70745228.0
29.0,70755852.0
29.0,70766476.0
29.0,70777108.0
29.0,70787732.0
28.0,70798360.0
29.0,70808988.0
28.0,70819604.0
29.0,70830228.0
29.0,70840844.0
29.0,70851460.0
28.0,70862084.0
28.0,70872708.0
28.0,70883336.0
29.0,70893956.0
29.0,70904580.0
28.0,70915204.0
29.0,70925820.0
28.0,70936436.0
29.0,70947068.0
30.0,70957684.0
30.0,70968308.0
30.0,70978940.0
30.0,70989564.0
30.0,71000188.0
30.0,71010812.0
30.0,71021436.0
31.0,71032060.0
31.0,71042684.0
30.0,71053312.0
30.0,71063932.0
30.0,71074556.0
31.0,71085180.0
31.0,71095804.0
32.0,71106428.0
31.0,71117052.0
31.0,71127668.0
31.0,71138292.0
31.0,71148916.0
32.0,71159540.0
32.0,71170164.0
32.0,71180788.0
32.0,71191412.0
32.0,71202036.0
35.0,71212652.0
35.0,71223276.0
36.0,71233900.0
38.0,71244524.0
38.0,71255148.0
43.0,71265772.0
43.0,71276396.0
43.0,71287020.0
45.0,71297644.0
47.0,71308268.0
46.0,71318900.0
46.0,71329524.0
44.0,71340148.0
43.0,71350772.0
43.0,71361396.0
45.0,71372028.0
46.0,71382652.0
46.0,71393280.0
47.0,71403900.0
47.0,71414524.0
44.0,71425148.0
45.0,71435772.0
47.0,71446396.0
43.0,71457020.0
42.0,71467644.0
46.0,71478272.0
46.0,71488900.0
47.0,71499516.0
52.0,71510140.0
56.0,71520764.0
55.0,71531388.0
54.0,71542012.0
52.0,71552636.0
54.0,71563264.0
63.0,71573884.0
71.0,71584508.0
68.0,71595132.0
65.0,71605756.0
63.0,71616380.0
62.0,71627004.0
61.0,71637628.0
57.0,71648264.0
53.0,71658884.0
55.0,71669508.0
55.0,71680140.0
53.0,71690756.0
51.0,71701372.0
51.0,71711996.0
50.0,71722620.0
47.0,71733248.0
51.0,71743868.0
48.0,71754492.0
46.0,71765116.0
48.0,71775732.0
49.0,71786356.0
45.0,71796980.0
44.0,71807596.0
46.0,71818220.0
46.0,71828844.0
43.0,71839460.0
41.0,71850088.0
42.0,71860708.0
46.0,71871332.0
49.0,71881956.0
46.0,71892580.0
45.0,71903204.0
44.0,71913828.0
47.0,71924452.0
48.0,71935080.0
46.0,71945700.0
43.0,71956324.0
41.0,71966948.0
40.0,71977572.0
42.0,71988196.0
46.0,71998828.0
51.0,72009452.0
48.0,72020084.0
46.0,72030700.0
46.0,72041324.0
48.0,72051948.0
48.0,72062572.0
47.0,72073196.0
44.0,72083820.0
44.0,72094444.0
40.0,72105068.0
40.0,72115684.0
41.0,72126300.0
42.0,72136924.0
42.0,72147540.0
42.0,72158156.0
42.0,72168780.0
40.0,72179396.0
44.0,72190032.0
44.0,72200652.0
44.0,72211268.0
42.0,72221892.0
42.0,72232508.0
41.0,72243124.0
44.0,72253756.0
44.0,72264372.0
45.0,72275008.0
43.0,72285628.0
43.0,72296244.0
41.0,72306868.0
40.0,72317492.0
40.0,72328108.0
41.0,72338732.0
44.0,72349348.0
43.0,72359976.0
42.0,72370596.0
43.0,72381220.0
42.0,72391844.0
40.0,72402468.0
45.0,72413084.0
46.0,72423708.0
44.0,72434324.0
43.0,72444952.0
42.0,72455572.0
38.0,72466196.0
40.0,72476820.0
41.0,72487436.0
42.0,72498060.0
41.0,72508692.0
46.0,72519308.0
46.0,72529936.0
46.0,72540556.0
46.0,72551172.0
43.0,72561796.0
47.0,72572412.0
48.0,72583036.0
47.0,72593668.0
46.0,72604284.0
45.0,72614912.0
44.0,72625540.0
42.0,72636164.0
44.0,72646788.0
44.0,72657404.0
42.0,72668028.0
44.0,72678652.0
45.0,72689276.0
44.0,72699904.0
46.0,72710524.0
44.0,72721140.0
44.0,72731764.0
42.0,72742388.0
45.0,72753012.0
43.0,72763636.0
43.0,72774252.0
45.0,72784876.0
46.0,72795508.0
46.0,72806132.0
44.0,72816756.0
46.0,72827372.0
45.0,72837988.0
43.0,72848620.0
43.0,72859236.0
50.0,72869852.0
46.0,72880484.0
45.0,72891100.0
43.0,72901728.0
42.0,72912348.0
44.0,72922964.0
47.0,72933596.0
47.0,72944220.0
45.0,72954844.0
45.0,72965468.0
44.0,72976084.0
44.0,72986712.0
44.0,72997332.0
43.0,73007948.0
45.0,73018572.0
44.0,73029196.0
42.0,73039820.0
45.0,73050444.0
48.0,73061068.0
45.0,73071696.0
43.0,73082316.0
43.0,73092940.0
44.0,73103564.0
51.0,73114188.0
49.0,73124812.0
47.0,73135436.0
49.0,73146060.0
46.0,73156688.0
45.0,73167316.0
45.0,73177940.0
44.0,73188572.0
45.0,73199196.0
42.0,73209820.0
43.0,73220444.0
49.0,73231068.0
46.0,73241696.0
45.0,73252316.0
45.0,73262940.0
43.0,73273564.0
41.0,73284188.0
40.0,73294804.0
42.0,73305428.0
44.0,73316052.0
44.0,73326680.0
45.0,73337308.0
42.0,73347932.0
40.0,73358556.0
39.0,73369180.0
40.0,73379804.0
40.0,73390428.0
40.0,73401052.0
39.0,73411688.0
38.0,73422308.0
37.0,73432932.0
36.0,73443556.0
35.0,73454172.0
34.0,73464796.0
35.0,73475420.0
36.0,73486044.0
36.0,73496672.0
35.0,73507292.0
35.0,73517916.0
34.0,73528548.0
38.0,73539172.0
42.0,73549796.0
44.0,73560420.0
42.0,73571044.0
41.0,73581672.0
39.0,73592292.0
38.0,73602916.0
37.0,73613540.0
36.0,73624156.0
39.0,73634780.0
38.0,73645404.0
40.0,73656028.0
39.0,73666656.0
40.0,73677276.0
39.0,73687900.0
39.0,73698524.0
41.0,73709148.0
41.0,73719772.0
40.0,73730396.0
39.0,73741020.0
39.0,73751648.0
38.0,73762268.0
38.0,73772884.0
39.0,73783516.0
42.0,73794132.0
40.0,73804748.0
42.0,73815380.0
39.0,73825996.0
45.0,73836632.0
46.0,73847252.0
44.0,73857868.0
43.0,73868492.0
41.0,73879108.0
41.0,73889732.0
39.0,73900356.0
40.0,73910980.0
52.0,73921608.0
48.0,73932228.0
45.0,73942852.0
45.0,73953476.0
44.0,73964092.0
46.0,73974708.0
43.0,73985340.0
46.0,73995956.0
43.0,74006584.0
41.0,74017204.0
42.0,74027820.0
46.0,74038444.0
45.0,74049060.0
47.0,74059676.0
45.0,74070300.0
46.0,74080924.0
43.0,74091552.0
42.0,74102172.0
40.0,74112788.0
42.0,74123412.0
44.0,74134036.0
47.0,74144660.0
47.0,74155284.0
44.0,74165900.0
43.0,74176528.0
47.0,74187148.0
45.0,74197772.0
48.0,74208396.0
49.0,74219020.0
48.0,74229644.0
46.0,74240268.0
44.0,74250884.0
44.0,74261512.0
41.0,74272132.0
41.0,74282748.0
42.0,74293372.0
42.0,74303988.0
40.0,74314612.0
39.0,74325236.0
40.0,74335852.0
37.0,74346476.0
38.0,74357100.0
36.0,74367724.0
36.0,74378348.0
35.0,74388972.0
35.0,74399588.0
35.0,74410212.0
33.0,74420828.0
33.0,74431444.0
33.0,74442076.0
33.0,74452700.0
32.0,74463328.0
32.0,74473948.0
31.0,74484564.0
31.0,74495196.0
30.0,74505820.0
30.0,74516444.0
30.0,74527068.0
30.0,74537692.0
29.0,74548320.0
31.0,74558940.0
31.0,74569564.0
31.0,74580188.0
30.0,74590804.0
30.0,74601420.0
30.0,74612052.0
30.0,74622668.0
30.0,74633296.0
29.0,74643924.0
29.0,74654540.0
29.0,74665164.0
29.0,74675780.0
28.0,74686404.0
28.0,74697036.0
30.0,74707660.0
30.0,74718288.0
30.0,74728908.0
30.0,74739532.0
30.0,74750156.0
30.0,74760780.0
29.0,74771396.0
29.0,74782020.0
29.0,74792644.0
29.0,74803272.0
30.0,74813892.0
32.0,74824508.0
31.0,74835132.0
31.0,74845756.0
31.0,74856380.0
31.0,74867012.0
31.0,74877636.0
30.0,74888264.0
31.0,74898884.0
31.0,74909500.0
31.0,74920124.0
30.0,74930740.0
30.0,74941364.0
31.0,74951988.0
31.0,74962612.0
30.0,74973240.0
29.0,74983868.0
30.0,74994492.0
30.0,75005116.0
29.0,75015740.0
29.0,75026364.0
29.0,75036988.0
29.0,75047612.0
29.0,75058240.0
29.0,75068860.0
29.0,75079484.0
29.0,75090108.0
29.0,75100732.0
29.0,75111356.0
29.0,75121980.0
29.0,75132604.0
29.0,75143232.0
29.0,75153852.0
29.0,75164476.0
29.0,75175100.0
29.0,75185724.0
29.0,75196348.0
28.0,75206980.0
29.0,75217604.0
29.0,75228232.0
28.0,75238852.0
29.0,75249476.0
29.0,75260100.0
29.0,75270724.0
29.0,75281340.0
28.0,75291972.0
28.0,75302596.0
28.0,75313224.0
28.0,75323844.0
28.0,75334468.0
28.0,75345092.0
29.0,75355716.0
28.0,75366340.0
28.0,75376972.0
28.0,75387588.0
28.0,75398216.0
28.0,75408844.0
28.0,75419460.0
28.0,75430084.0
29.0,75440708.0
28.0,75451332.0
28.0,75461956.0
28.0,75472580.0
28.0,75483208.0
28.0,75493836.0
28.0,75504460.0
29.0,75515084.0
28.0,75525708.0
28.0,75536324.0
28.0,75546948.0
28.0,75557564.0
28.0,75568192.0
28.0,75578812.0
28.0,75589436.0
28.0,75600060.0
28.0,75610676.0
28.0,75621300.0
28.0,75631932.0
28.0,75642556.0
28.0,75653184.0
28.0,75663804.0
28.0,75674428.0
28.0,75685052.0
28.0,75695676.0
29.0,75706300.0
28.0,75716932.0
28.0,75727556.0
28.0,75738184.0
28.0,75748804.0
29.0,75759428.0
30.0,75770052.0
30.0,75780676.0
30.0,75791292.0
29.0,75801916.0
29.0,75812532.0
29.0,75823160.0
29.0,75833780.0
30.0,75844404.0
30.0,75855028.0
32.0,75865652.0
34.0,75876268.0
34.0,75886892.0
33.0,75897516.0
32.0,75908152.0
32.0,75918772.0
31.0,75929396.0
30.0,75940028.0
30.0,75950652.0
31.0,75961276.0
30.0,75971900.0
31.0,75982524.0
31.0,75993152.0
32.0,76003780.0
31.0,76014404.0
31.0,76025028.0
30.0,76035644.0
30.0,76046260.0
30.0,76056884.0
29.0,76067508.0
29.0,76078136.0
29.0,76088764.0
29.0,76099380.0
29.0,76110004.0
29.0,76120628.0
29.0,76131252.0
29.0,76141876.0
29.0,76152500.0
28.0,76163128.0
29.0,76173756.0
28.0,76184380.0
29.0,76195004.0
29.0,76205628.0
28.0,76216244.0
28.0,76226876.0
28.0,76237492.0
28.0,76248120.0
28.0,76258740.0
28.0,76269364.0
28.0,76279988.0
28.0,76290612.0
28.0,76301228.0
29.0,76311852.0
28.0,76322476.0
28.0,76333104.0
28.0,76343724.0
28.0,76354348.0
28.0,76364972.0
28.0,76375588.0
29.0,76386212.0
28.0,76396836.0
28.0,76407452.0
28.0,76418080.0
28.0,76428700.0
28.0,76439324.0
28.0,76449948.0
29.0,76460572.0
28.0,76471196.0
28.0,76481828.0
28.0,76492452.0
28.0,76503080.0
28.0,76513700.0
28.0,76524324.0
28.0,76534948.0
28.0,76545572.0
28.0,76556196.0
29.0,76566820.0
28.0,76577444.0
28.0,76588072.0
29.0,76598692.0
28.0,76609316.0
28.0,76619940.0
28.0,76630564.0
28.0,76641188.0
28.0,76651812.0
28.0,76662436.0
28.0,76673064.0
28.0,76683684.0
28.0,76694308.0
29.0,76704932.0
32.0,76715556.0
34.0,76726180.0
33.0,76736804.0
32.0,76747428.0
31.0,76758068.0
31.0,76768692.0
30.0,76779316.0
30.0,76789948.0
30.0,76800572.0
31.0,76811188.0
30.0,76821812.0
30.0,76832428.0
30.0,76843060.0
29.0,76853676.0
29.0,76864292.0
29.0,76874916.0
29.0,76885532.0
29.0,76896148.0
29.0,76906772.0
29.0,76917388.0
29.0,76928016.0
28.0,76938636.0
29.0,76949252.0
28.0,76959876.0
28.0,76970500.0
28.0,76981116.0
28.0,76991740.0
28.0,77002364.0
28.0,77012992.0
28.0,77023612.0
28.0,77034236.0
28.0,77044860.0
28.0,77055476.0
28.0,77066100.0
28.0,77076732.0
29.0,77087356.0
28.0,77097984.0
28.0,77108612.0
28.0,77119228.0
28.0,77129852.0
28.0,77140468.0
28.0,77151092.0
35.0,77161716.0
38.0,77172340.0
41.0,77182964.0
42.0,77193588.0
42.0,77204212.0
41.0,77214836.0
44.0,77225452.0
43.0,77236076.0
43.0,77246708.0
45.0,77257332.0
43.0,77267956.0
41.0,77278580.0
45.0,77289204.0
46.0,77299828.0
49.0,77310452.0
49.0,77321076.0
49.0,77331708.0
48.0,77342332.0
48.0,77352960.0
48.0,77363580.0
45.0,77374196.0
44.0,77384820.0
45.0,77395436.0
49.0,77406060.0
45.0,77416684.0
47.0,77427300.0
48.0,77437916.0
48.0,77448540.0
47.0,77459156.0
47.0,77469784.0
45.0,77480404.0
46.0,77491020.0
48.0,77501644.0
47.0,77512268.0
50.0,77522892.0
47.0,77533524.0
53.0,77544148.0
53.0,77554776.0
54.0,77565396.0
52.0,77576020.0
49.0,77586652.0
47.0,77597276.0
46.0,77607900.0
49.0,77618524.0
47.0,77629148.0
48.0,77639776.0
44.0,77650404.0
50.0,77661028.0
53.0,77671660.0
55.0,77682284.0
55.0,77692908.0
51.0,77703532.0
47.0,77714156.0
45.0,77724780.0
45.0,77735404.0
46.0,77746028.0
50.0,77756652.0
52.0,77767276.0
51.0,77777900.0
53.0,77788524.0
48.0,77799148.0
49.0,77809772.0
48.0,77820396.0
54.0,77831020.0
54.0,77841652.0
55.0,77852268.0
53.0,77862892.0
50.0,77873524.0
45.0,77884148.0
44.0,77894772.0
47.0,77905396.0
53.0,77916020.0
51.0,77926644.0
49.0,77937260.0
48.0,77947884.0
46.0,77958508.0
43.0,77969132.0
44.0,77979756.0
49.0,77990380.0
48.0,78001004.0
46.0,78011628.0
43.0,78022252.0
42.0,78032876.0
41.0,78043508.0
45.0,78054132.0
54.0,78064756.0
49.0,78075380.0
46.0,78086004.0
44.0,78096628.0
44.0,78107244.0
43.0,78117868.0
42.0,78128492.0
45.0,78139116.0
45.0,78149740.0
46.0,78160364.0
43.0,78170980.0
42.0,78181604.0
40.0,78192228.0
39.0,78202852.0
37.0,78213476.0
38.0,78224100.0
38.0,78234728.0
36.0,78245348.0
35.0,78255972.0
34.0,78266596.0
38.0,78277220.0
39.0,78287844.0
37.0,78298468.0
37.0,78309092.0
38.0,78319724.0
37.0,78330348.0
36.0,78340972.0
42.0,78351596.0
43.0,78362220.0
45.0,78372844.0
47.0,78383468.0
46.0,78394092.0
46.0,78404716.0
46.0,78415340.0
50.0,78425964.0
50.0,78436588.0
52.0,78447212.0
51.0,78457836.0
52.0,78468460.0
48.0,78479084.0
48.0,78489708.0
46.0,78500324.0
45.0,78510948.0
47.0,78521572.0
50.0,78532196.0
49.0,78542820.0
49.0,78553444.0
48.0,78564068.0
46.0,78574696.0
43.0,78585316.0
42.0,78595940.0
40.0,78606564.0
39.0,78617188.0
37.0,78627812.0
35.0,78638444.0
37.0,78649068.0
37.0,78659692.0
36.0,78670308.0
39.0,78680924.0
41.0,78691548.0
40.0,78702164.0
45.0,78712780.0
48.0,78723404.0
47.0,78734020.0
54.0,78744648.0
59.0,78755268.0
60.0,78765884.0
62.0,78776508.0
60.0,78787124.0
62.0,78797748.0
67.0,78808372.0
71.0,78818988.0
68.0,78829616.0
68.0,78840236.0
66.0,78850860.0
63.0,78861484.0
58.0,78872100.0
58.0,78882716.0
55.0,78893340.0
51.0,78903956.0
50.0,78914584.0
51.0,78925204.0
49.0,78935820.0
46.0,78946444.0
45.0,78957068.0
48.0,78967692.0
47.0,78978316.0
49.0,78988932.0
53.0,78999568.0
53.0,79010188.0
52.0,79020812.0
47.0,79031436.0
44.0,79042060.0
41.0,79052684.0
38.0,79063308.0
38.0,79073924.0
37.0,79084552.0
36.0,79095172.0
35.0,79105796.0
34.0,79116428.0
33.0,79127052.0
32.0,79137676.0
31.0,79148308.0
31.0,79158932.0
31.0,79169560.0
30.0,79180180.0
30.0,79190804.0
29.0,79201428.0
30.0,79212052.0
29.0,79222676.0
29.0,79233300.0
29.0,79243916.0
29.0,79254544.0
29.0,79265164.0
29.0,79275788.0
28.0,79286412.0
29.0,79297028.0
29.0,79307652.0
28.0,79318276.0
29.0,79328900.0
28.0,79339528.0
29.0,79350156.0
29.0,79360780.0
28.0,79371404.0
28.0,79382020.0
28.0,79392636.0
28.0,79403268.0
28.0,79413884.0
29.0,79424512.0
28.0,79435132.0
28.0,79445756.0
28.0,79456380.0
28.0,79467004.0
28.0,79477620.0
28.0,79488244.0
29.0,79498860.0
28.0,79509484.0
29.0,79520116.0
28.0,79530732.0
28.0,79541356.0
28.0,79551980.0
28.0,79562604.0
28.0,79573228.0
29.0,79583852.0
28.0,79594476.0
28.0,79605100.0
28.0,79615724.0
28.0,79626356.0
28.0,79636972.0
28.0,79647596.0
28.0,79658220.0
28.0,79668844.0
28.0,79679468.0
28.0,79690092.0
29.0,79700716.0
29.0,79711340.0
28.0,79721964.0
28.0,79732588.0
28.0,79743212.0
28.0,79753836.0
28.0,79764460.0
28.0,79775084.0
29.0,79785708.0
28.0,79796332.0
28.0,79806956.0
28.0,79817580.0
28.0,79828212.0
28.0,79838836.0
29.0,79849460.0
29.0,79860084.0
28.0,79870708.0
28.0,79881340.0
28.0,79891964.0
28.0,79902588.0
28.0,79913212.0
28.0,79923836.0
28.0,79934464.0
28.0,79945084.0
28.0,79955708.0
29.0,79966332.0
28.0,79976956.0
28.0,79987580.0
28.0,79998204.0
28.0,80008828.0
28.0,80019456.0
28.0,80030076.0
28.0,80040692.0
29.0,80051324.0
28.0,80061948.0
28.0,80072564.0
28.0,80083188.0
28.0,80093804.0
28.0,80104428.0
28.0,80115052.0
29.0,80125676.0
28.0,80136300.0
28.0,80146916.0
28.0,80157532.0
28.0,80168164.0
28.0,80178780.0
28.0,80189404.0
28.0,80200036.0
28.0,80210652.0
28.0,80221280.0
28.0,80231900.0
28.0,80242524.0
28.0,80253148.0
28.0,80263772.0
28.0,80274388.0
28.0,80285012.0
28.0,80295628.0
28.0,80306256.0
28.0,80316876.0
28.0,80327500.0
28.0,80338124.0
28.0,80348740.0
28.0,80359356.0
29.0,80369988.0
29.0,80380604.0
28.0,80391232.0
28.0,80401852.0
28.0,80412468.0
28.0,80423100.0
28.0,80433716.0
28.0,80444340.0
28.0,80454972.0
28.0,80465588.0
28.0,80476216.0
29.0,80486836.0
28.0,80497460.0
28.0,80508092.0
29.0,80518708.0
29.0,80529324.0
29.0,80539948.0
28.0,80550572.0
28.0,80561200.0
28.0,80571820.0
28.0,80582444.0
28.0,80593068.0
28.0,80603692.0
29.0,80614316.0
29.0,80624940.0
28.0,80635564.0
28.0,80646192.0
28.0,80656812.0
28.0,80667436.0
28.0,80678060.0
28.0,80688684.0
28.0,80699300.0
28.0,80709924.0
28.0,80720540.0
28.0,80731168.0
28.0,80741788.0
28.0,80752412.0
29.0,80763036.0
28.0,80773660.0
28.0,80784276.0
29.0,80794900.0
29.0,80805516.0
28.0,80816144.0
28.0,80826764.0
28.0,80837380.0
28.0,80848004.0
28.0,80858620.0
28.0,80869236.0
29.0,80879868.0
28.0,80890492.0
28.0,80901120.0
28.0,80911740.0
28.0,80922364.0
28.0,80932988.0
28.0,80943612.0
28.0,80954236.0
28.0,80964868.0
28.0,80975484.0
28.0,80986112.0
28.0,80996740.0
28.0,81007364.0
28.0,81017988.0
28.0,81028612.0
28.0,81039236.0
28.0,81049860.0
28.0,81060476.0
28.0,81071104.0
28.0,81081724.0
28.0,81092348.0
28.0,81102972.0
28.0,81113596.0
28.0,81124220.0
29.0,81134844.0
28.0,81145468.0
28.0,81156096.0
28.0,81166724.0
28.0,81177348.0
28.0,81187972.0
28.0,81198596.0
28.0,81209220.0
28.0,81219852.0
29.0,81230476.0
28.0,81241104.0
28.0,81251724.0
28.0,81262348.0
28.0,81272972.0
28.0,81283596.0
28.0,81294212.0
29.0,81304844.0
29.0,81315468.0
28.0,81326096.0
28.0,81336716.0
28.0,81347340.0
29.0,81357964.0
28.0,81368588.0
28.0,81379212.0
28.0,81389844.0
28.0,81400468.0
28.0,81411096.0
29.0,81421724.0
28.0,81432348.0
28.0,81442972.0
28.0,81453596.0
28.0,81464220.0
28.0,81474844.0
28.0,81485468.0
28.0,81496096.0
28.0,81506716.0
29.0,81517340.0
28.0,81527964.0
29.0,81538588.0
29.0,81549204.0
28.0,81559836.0
28.0,81570460.0
28.0,81581088.0
28.0,81591708.0
28.0,81602332.0
29.0,81612956.0
28.0,81623572.0
28.0,81634196.0
28.0,81644828.0
29.0,81655444.0
28.0,81666072.0
28.0,81676700.0
28.0,81687324.0
29.0,81697948.0
28.0,81708572.0
28.0,81719196.0
28.0,81729820.0
28.0,81740444.0
28.0,81751072.0
28.0,81761692.0
28.0,81772316.0
29.0,81782940.0
28.0,81793564.0
29.0,81804188.0
28.0,81814812.0
28.0,81825436.0
29.0,81836064.0
29.0,81846684.0
29.0,81857308.0
29.0,81867932.0
28.0,81878556.0
28.0,81889180.0
28.0,81899812.0
28.0,81910436.0
28.0,81921072.0
28.0,81931692.0
28.0,81942308.0
28.0,81952932.0
28.0,81963548.0
28.0,81974164.0
28.0,81984788.0
28.0,81995404.0
28.0,82006036.0
28.0,82016652.0
28.0,82027276.0
28.0,82037900.0
28.0,82048516.0
29.0,82059132.0
28.0,82069756.0
28.0,82080372.0
29.0,82090996.0
28.0,82101620.0
29.0,82112244.0
28.0,82122868.0
29.0,82133484.0
28.0,82144100.0
28.0,82154724.0
28.0,82165340.0
29.0,82175956.0
28.0,82186580.0
28.0,82197204.0
29.0,82207832.0
29.0,82218452.0
28.0,82229068.0
28.0,82239692.0
29.0,82250316.0
28.0,82260940.0
29.0,82271564.0
29.0,82282180.0
28.0,82292816.0
28.0,82303436.0
28.0,82314060.0
28.0,82324684.0
28.0,82335300.0
29.0,82345916.0
28.0,82356540.0
28.0,82367156.0
28.0,82377784.0
28.0,82388404.0
28.0,82399020.0
28.0,82409644.0
28.0,82420260.0
28.0,82430876.0
28.0,82441500.0
28.0,82452116.0
28.0,82462744.0
28.0,82473364.0
28.0,82483980.0
28.0,82494604.0
28.0,82505220.0
28.0,82515836.0
28.0,82526468.0
29.0,82537084.0
28.0,82547712.0
28.0,82558332.0
28.0,82568956.0
28.0,82579580.0
29.0,82590204.0
29.0,82600820.0
29.0,82611444.0
28.0,82622060.0
28.0,82632684.0
28.0,82643308.0
28.0,82653932.0
29.0,82664556.0
29.0,82675172.0
28.0,82685796.0
28.0,82696428.0
28.0,82707044.0
28.0,82717660.0
29.0,82728284.0
28.0,82738900.0
29.0,82749528.0
28.0,82760148.0
28.0,82770772.0
28.0,82781404.0
28.0,82792020.0
28.0,82802636.0
28.0,82813260.0
28.0,82823884.0
28.0,82834512.0
29.0,82845132.0
29.0,82855748.0
29.0,82866372.0
28.0,82876996.0
28.0,82887620.0
28.0,82898244.0
28.0,82908860.0
28.0,82919496.0
28.0,82930116.0
28.0,82940740.0
28.0,82951364.0
28.0,82961980.0
28.0,82972596.0
28.0,82983220.0
29.0,82993836.0
28.0,83004464.0
28.0,83015084.0
28.0,83025700.0
28.0,83036324.0
28.0,83046940.0
28.0,83057556.0
28.0,83068188.0
29.0,83078804.0
28.0,83089440.0
28.0,83100060.0
29.0,83110684.0
28.0,83121308.0
29.0,83131932.0
29.0,83142556.0
28.0,83153180.0
29.0,83163804.0
28.0,83174432.0
29.0,83185052.0
28.0,83195676.0
28.0,83206300.0
28.0,83216916.0
29.0,83227532.0
29.0,83238156.0
29.0,83248772.0
28.0,83259400.0
28.0,83270020.0
28.0,83280636.0
28.0,83291268.0
29.0,83301884.0
28.0,83312500.0
28.0,83323132.0
29.0,83333748.0
29.0,83344372.0
28.0,83354996.0
29.0,83365612.0
28.0,83376236.0
29.0,83386852.0
28.0,83397476.0
28.0,83408100.0
28.0,83418716.0
28.0,83429340.0
28.0,83439972.0
28.0,83450596.0
28.0,83461224.0
28.0,83471844.0
28.0,83482468.0
28.0,83493092.0
29.0,83503716.0
28.0,83514340.0
28.0,83524964.0
28.0,83535580.0
28.0,83546208.0
28.0,83556836.0
29.0,83567460.0
28.0,83578084.0
28.0,83588700.0
28.0,83599316.0
28.0,83609940.0
29.0,83620556.0
28.0,83631192.0
28.0,83641812.0
28.0,83652428.0
28.0,83663052.0
28.0,83673668.0
28.0,83684284.0
29.0,83694908.0
28.0,83705524.0
28.0,83716152.0
28.0,83726780.0
28.0,83737396.0
28.0,83748020.0
28.0,83758636.0
28.0,83769260.0
28.0,83779884.0
28.0,83790500.0
28.0,83801128.0
28.0,83811748.0
28.0,83822372.0
29.0,83832996.0
28.0,83843620.0
28.0,83854236.0
28.0,83864868.0
28.0,83875492.0
28.0,83886120.0
29.0,83896740.0
28.0,83907356.0
28.0,83917980.0
28.0,83928596.0
28.0,83939212.0
28.0,83949836.0
28.0,83960452.0
28.0,83971080.0
29.0,83981700.0
28.0,83992324.0
28.0,84002948.0
28.0,84013564.0
28.0,84024180.0
28.0,84034804.0
28.0,84045420.0
28.0,84056044.0
29.0,84066668.0
28.0,84077284.0
28.0,84087912.0
28.0,84098532.0
28.0,84109148.0
28.0,84119772.0
28.0,84130388.0
28.0,84141004.0
28.0,84151628.0
28.0,84162244.0
28.0,84172872.0
28.0,84183492.0
28.0,84194108.0
29.0,84204732.0
29.0,84215348.0
29.0,84225964.0
28.0,84236588.0
29.0,84247204.0
28.0,84257832.0
28.0,84268452.0
28.0,84279068.0
28.0,84289692.0
29.0,84300316.0
28.0,84310932.0
28.0,84321564.0
28.0,84332180.0
28.0,84342808.0
28.0,84353428.0
28.0,84364044.0
28.0,84374676.0
28.0,84385300.0
28.0,84395916.0
28.0,84406540.0
28.0,84417156.0
28.0,84427792.0
28.0,84438412.0
28.0,84449028.0
29.0,84459660.0
28.0,84470276.0
28.0,84480892.0
28.0,84491516.0
28.0,84502132.0
28.0,84512756.0
29.0,84523380.0
28.0,84533996.0
28.0,84544620.0
28.0,84555236.0
29.0,84565860.0
28.0,84576484.0
28.0,84587100.0
28.0,84597716.0
28.0,84608340.0
29.0,84618956.0
28.0,84629584.0
28.0,84640204.0
28.0,84650820.0
28.0,84661452.0
28.0,84672068.0
29.0,84682684.0
29.0,84693308.0
29.0,84703924.0
28.0,84714552.0
28.0,84725172.0
28.0,84735788.0
28.0,84746412.0
28.0,84757028.0
28.0,84767644.0
28.0,84778268.0
28.0,84788884.0
28.0,84799512.0
28.0,84810140.0
28.0,84820764.0
28.0,84831388.0
28.0,84842004.0
29.0,84852628.0
28.0,84863252.0
29.0,84873876.0
28.0,84884504.0
28.0,84895124.0
28.0,84905740.0
28.0,84916364.0
28.0,84926980.0
29.0,84937596.0
29.0,84948228.0
28.0,84958844.0
29.0,84969472.0
29.0,84980092.0
28.0,84990708.0
28.0,85001332.0
28.0,85011948.0
29.0,85022564.0
28.0,85033188.0
28.0,85043804.0
29.0,85054420.0
28.0,85065044.0
28.0,85075660.0
28.0,85086288.0
28.0,85096908.0
28.0,85107524.0
29.0,85118148.0
28.0,85128772.0
29.0,85139388.0
29.0,85150012.0
28.0,85160636.0
28.0,85171264.0
28.0,85181884.0
28.0,85192508.0
28.0,85203132.0
29.0,85213748.0
29.0,85224364.0
29.0,85234988.0
29.0,85245604.0
29.0,85256232.0
29.0,85266852.0
28.0,85277468.0
28.0,85288092.0
28.0,85298708.0
28.0,85309324.0
29.0,85319948.0
29.0,85330564.0
28.0,85341192.0
28.0,85351812.0
28.0,85362428.0
28.0,85373052.0
28.0,85383668.0
28.0,85394284.0
29.0,85404908.0
29.0,85415532.0
28.0,85426156.0
28.0,85436780.0
28.0,85447404.0
28.0,85458028.0
29.0,85468644.0
28.0,85479260.0
29.0,85489884.0
29.0,85500500.0
28.0,85511124.0
28.0,85521748.0
28.0,85532364.0
28.0,85542992.0
28.0,85553612.0
28.0,85564228.0
29.0,85574852.0
28.0,85585468.0
29.0,85596084.0
28.0,85606716.0
28.0,85617332.0
28.0,85627960.0
28.0,85638580.0
29.0,85649196.0
28.0,85659828.0
28.0,85670444.0
28.0,85681068.0
29.0,85691692.0
29.0,85702308.0
29.0,85712936.0
29.0,85723564.0
29.0,85734180.0
29.0,85744804.0
28.0,85755420.0
29.0,85766044.0
29.0,85776668.0
29.0,85787284.0
29.0,85797912.0
28.0,85808532.0
28.0,85819148.0
28.0,85829772.0
28.0,85840388.0
28.0,85851004.0
29.0,85861636.0
29.0,85872252.0
29.0,85882880.0
28.0,85893500.0
28.0,85904116.0
28.0,85914748.0
29.0,85925364.0
28.0,85935980.0
28.0,85946604.0
29.0,85957220.0
29.0,85967836.0
29.0,85978460.0
28.0,85989076.0
29.0,85999704.0
29.0,86010324.0
28.0,86020948.0
29.0,86031580.0
29.0,86042196.0
29.0,86052812.0
29.0,86063436.0
28.0,86074052.0
28.0,86084680.0
29.0,86095300.0
29.0,86105916.0
28.0,86116548.0
29.0,86127164.0
28.0,86137780.0
29.0,86148404.0
29.0,86159020.0
28.0,86169648.0
28.0,86180268.0
28.0,86190884.0
29.0,86201516.0
28.0,86212140.0
28.0,86222756.0
28.0,86233380.0
28.0,86244004.0
29.0,86254632.0
28.0,86265252.0
28.0,86275868.0
28.0,86286492.0
28.0,86297108.0
28.0,86307732.0
29.0,86318356.0
29.0,86328980.0
28.0,86339608.0
29.0,86350228.0
28.0,86360852.0
29.0,86371476.0
28.0,86382100.0
29.0,86392724.0
28.0,86403348.0
28.0,86413964.0
29.0,86424600.0
29.0,86435220.0
28.0,86445844.0
28.0,86456476.0
28.0,86467092.0
28.0,86477708.0
28.0,86488332.0
28.0,86498948.0
28.0,86509576.0
29.0,86520196.0
28.0,86530812.0
29.0,86541436.0
29.0,86552052.0
29.0,86562676.0
28.0,86573300.0
28.0,86583916.0
29.0,86594540.0
28.0,86605164.0
29.0,86615780.0
29.0,86626408.0
28.0,86637028.0
29.0,86647644.0
28.0,86658268.0
29.0,86668884.0
28.0,86679500.0
28.0,86690124.0
28.0,86700740.0
28.0,86711368.0
28.0,86721996.0
28.0,86732612.0
28.0,86743236.0
28.0,86753852.0
29.0,86764468.0
29.0,86775092.0
28.0,86785716.0
28.0,86796352.0
29.0,86806980.0
28.0,86817596.0
28.0,86828220.0
28.0,86838836.0
29.0,86849452.0
29.0,86860076.0
29.0,86870692.0
29.0,86881320.0
28.0,86891940.0
28.0,86902556.0
29.0,86913180.0
29.0,86923796.0
28.0,86934412.0
28.0,86945036.0
28.0,86955652.0
28.0,86966280.0
28.0,86976908.0
28.0,86987524.0
28.0,86998148.0
28.0,87008772.0
29.0,87019396.0
28.0,87030020.0
28.0,87040644.0
28.0,87051272.0
28.0,87061892.0
28.0,87072508.0
28.0,87083132.0
29.0,87093748.0
29.0,87104364.0
28.0,87114988.0
28.0,87125604.0
28.0,87136220.0
28.0,87146844.0
28.0,87157460.0
29.0,87168088.0
28.0,87178708.0
28.0,87189324.0
28.0,87199956.0
28.0,87210580.0
28.0,87221196.0
29.0,87231820.0
28.0,87242444.0
29.0,87253072.0
29.0,87263692.0
29.0,87274308.0
29.0,87284940.0
28.0,87295556.0
29.0,87306180.0
28.0,87316804.0
28.0,87327420.0
28.0,87338056.0
29.0,87348676.0
28.0,87359292.0
28.0,87369916.0
28.0,87380532.0
28.0,87391148.0
28.0,87401780.0
28.0,87412396.0
28.0,87423024.0
29.0,87433644.0
28.0,87444260.0
28.0,87454884.0
28.0,87465500.0
29.0,87476124.0
29.0,87486748.0
28.0,87497372.0
29.0,87508000.0
28.0,87518620.0
28.0,87529244.0
28.0,87539868.0
28.0,87550484.0
29.0,87561108.0
29.0,87571740.0
29.0,87582364.0
28.0,87592992.0
28.0,87603612.0
28.0,87614228.0
28.0,87624852.0
28.0,87635468.0
28.0,87646084.0
28.0,87656716.0
28.0,87667332.0
28.0,87677968.0
28.0,87688588.0
28.0,87699204.0
28.0,87709828.0
28.0,87720444.0
28.0,87731060.0
28.0,87741684.0
29.0,87752300.0
29.0,87762924.0
28.0,87773548.0
28.0,87784172.0
29.0,87794796.0
28.0,87805420.0
28.0,87816044.0
29.0,87826668.0
28.0,87837284.0
28.0,87847900.0
29.0,87858532.0
28.0,87869156.0
28.0,87879784.0
28.0,87890404.0
28.0,87901020.0
28.0,87911644.0
29.0,87922268.0
29.0,87932884.0
29.0,87943508.0
28.0,87954132.0
28.0,87964760.0
28.0,87975380.0
29.0,87986004.0
28.0,87996636.0
28.0,88007260.0
29.0,88017876.0
28.0,88028508.0
29.0,88039124.0
28.0,88049752.0
28.0,88060380.0
28.0,88071004.0
29.0,88081628.0
29.0,88092252.0
29.0,88102868.0
29.0,88113492.0
28.0,88124108.0
28.0,88134736.0
28.0,88145356.0
28.0,88155980.0
28.0,88166604.0
29.0,88177220.0
28.0,88187836.0
28.0,88198468.0
28.0,88209084.0
28.0,88219720.0
28.0,88230348.0
29.0,88240972.0
28.0,88251604.0
28.0,88262220.0
28.0,88272844.0
29.0,88283468.0
28.0,88294092.0
28.0,88304720.0
28.0,88315340.0
28.0,88325964.0
28.0,88336596.0
28.0,88347212.0
29.0,88357828.0
29.0,88368460.0
29.0,88379084.0
28.0,88389712.0
28.0,88400332.0
28.0,88410948.0
28.0,88421572.0
28.0,88432196.0
28.0,88442820.0
28.0,88453444.0
28.0,88464060.0
28.0,88474696.0
28.0,88485316.0
29.0,88495940.0
28.0,88506564.0
28.0,88517180.0
28.0,88527796.0
29.0,88538420.0
28.0,88549036.0
28.0,88559664.0
28.0,88570292.0
28.0,88580916.0
28.0,88591540.0
29.0,88602156.0
29.0,88612772.0
28.0,88623396.0
28.0,88634020.0
28.0,88644648.0
28.0,88655268.0
28.0,88665884.0
29.0,88676508.0
29.0,88687124.0
29.0,88697740.0
29.0,88708364.0
28.0,88718980.0
28.0,88729608.0
29.0,88740228.0
28.0,88750844.0
28.0,88761468.0
29.0,88772092.0
28.0,88782708.0
28.0,88793332.0
28.0,88803956.0
28.0,88814592.0
29.0,88825212.0
28.0,88835836.0
28.0,88846460.0
29.0,88857076.0
29.0,88867700.0
28.0,88878332.0
29.0,88888956.0
29.0,88899584.0
28.0,88910204.0
28.0,88920820.0
28.0,88931444.0
28.0,88942068.0
29.0,88952692.0
28.0,88963316.0
28.0,88973932.0
28.0,88984556.0
28.0,88995188.0
28.0,89005812.0
28.0,89016436.0
29.0,89027052.0
28.0,89037676.0
28.0,89048300.0
29.0,89058924.0
28.0,89069548.0
29.0,89080172.0
28.0,89090796.0
29.0,89101420.0
28.0,89112044.0
28.0,89122668.0
28.0,89133292.0
29.0,89143908.0
28.0,89154532.0
28.0,89165156.0
29.0,89175772.0
28.0,89186400.0
28.0,89197020.0
28.0,89207636.0
29.0,89218268.0
29.0,89228884.0
28.0,89239500.0
28.0,89250124.0
28.0,89260748.0
28.0,89271376.0
29.0,89281996.0
28.0,89292620.0
28.0,89303244.0
28.0,89313860.0
28.0,89324476.0
28.0,89335108.0
28.0,89345732.0
28.0,89356368.0
28.0,89366988.0
29.0,89377612.0
28.0,89388236.0
29.0,89398860.0
29.0,89409484.0
28.0,89420108.0
28.0,89430732.0
28.0,89441360.0
29.0,89451980.0
29.0,89462604.0
28.0,89473228.0
28.0,89483844.0
29.0,89494468.0
28.0,89505100.0
28.0,89515724.0
28.0,89526352.0
29.0,89536972.0
28.0,89547596.0
28.0,89558220.0
28.0,89568844.0
28.0,89579468.0
28.0,89590092.0
28.0,89600716.0
29.0,89611344.0
29.0,89621964.0
29.0,89632580.0
28.0,89643204.0
28.0,89653828.0
29.0,89664444.0
28.0,89675068.0
28.0,89685684.0
29.0,89696312.0
29.0,89706932.0
29.0,89717548.0
29.0,89728172.0
28.0,89738788.0
29.0,89749404.0
28.0,89760028.0
28.0,89770644.0
28.0,89781272.0
29.0,89791900.0
29.0,89802524.0
28.0,89813156.0
28.0,89823772.0
29.0,89834396.0
28.0,89845020.0
29.0,89855644.0
28.0,89866272.0
29.0,89876892.0
29.0,89887508.0
28.0,89898132.0
28.0,89908756.0
28.0,89919372.0
29.0,89930004.0
29.0,89940620.0
29.0,89951248.0
29.0,89961868.0
28.0,89972484.0
29.0,89983116.0
28.0,89993740.0
28.0,90004364.0
28.0,90014988.0
28.0,90025604.0
29.0,90036232.0
28.0,90046860.0
29.0,90057484.0
28.0,90068108.0
28.0,90078732.0
28.0,90089356.0
29.0,90099980.0
28.0,90110604.0
29.0,90121240.0
29.0,90131860.0
28.0,90142476.0
28.0,90153108.0
28.0,90163724.0
28.0,90174348.0
29.0,90184972.0
28.0,90195588.0
28.0,90206216.0
28.0,90216844.0
29.0,90227460.0
28.0,90238084.0
28.0,90248700.0
28.0,90259316.0
29.0,90269940.0
28.0,90280556.0
28.0,90291180.0
29.0,90301804.0
29.0,90312420.0
28.0,90323048.0
28.0,90333668.0
28.0,90344284.0
28.0,90354908.0
28.0,90365532.0
29.0,90376156.0
29.0,90386780.0
28.0,90397404.0
28.0,90408032.0
28.0,90418652.0
28.0,90429276.0
28.0,90439908.0
29.0,90450524.0
28.0,90461140.0
29.0,90471764.0
29.0,90482380.0
28.0,90493016.0
29.0,90503636.0
28.0,90514260.0
28.0,90524892.0
29.0,90535508.0
28.0,90546124.0
28.0,90556748.0
29.0,90567372.0
29.0,90578008.0
28.0,90588628.0
28.0,90599244.0
29.0,90609868.0
28.0,90620484.0
29.0,90631108.0
29.0,90641732.0
29.0,90652348.0
28.0,90662976.0
29.0,90673604.0
28.0,90684220.0
28.0,90694844.0
28.0,90705460.0
28.0,90716084.0
28.0,90726708.0
28.0,90737324.0
28.0,90747952.0
28.0,90758572.0
28.0,90769188.0
29.0,90779812.0
28.0,90790436.0
28.0,90801052.0
28.0,90811676.0
29.0,90822300.0
28.0,90832928.0
28.0,90843556.0
28.0,90854180.0
28.0,90864804.0
28.0,90875420.0
28.0,90886044.0
29.0,90896668.0
28.0,90907284.0
29.0,90917912.0
28.0,90928532.0
28.0,90939156.0
28.0,90949780.0
29.0,90960396.0
28.0,90971012.0
29.0,90981644.0
29.0,90992268.0
28.0,91002896.0
28.0,91013524.0
28.0,91024140.0
28.0,91034764.0
28.0,91045388.0
28.0,91056012.0
29.0,91066636.0
28.0,91077260.0
28.0,91087888.0
28.0,91098508.0
28.0,91109132.0
28.0,91119756.0
28.0,91130380.0
29.0,91141004.0
29.0,91151628.0
28.0,91162252.0
28.0,91172888.0
29.0,91183508.0
28.0,91194132.0
29.0,91204756.0
29.0,91215380.0
28.0,91225996.0
29.0,91236620.0
29.0,91247244.0
28.0,91257872.0
29.0,91268492.0
29.0,91279108.0
28.0,91289732.0
29.0,91300348.0
29.0,91310964.0
28.0,91321596.0
28.0,91332220.0
29.0,91342848.0
28.0,91353468.0
28.0,91364092.0
28.0,91374716.0
28.0,91385340.0
28.0,91395964.0
28.0,91406596.0
29.0,91417220.0
28.0,91427848.0
28.0,91438468.0
29.0,91449092.0
28.0,91459716.0
28.0,91470340.0
29.0,91480964.0
28.0,91491588.0
29.0,91502212.0
28.0,91512840.0
28.0,91523460.0
28.0,91534084.0
29.0,91544708.0
28.0,91555332.0
28.0,91565956.0
29.0,91576580.0
29.0,91587204.0
28.0,91597832.0
28.0,91608452.0
28.0,91619076.0
28.0,91629700.0
28.0,91640324.0
29.0,91650948.0
29.0,91661580.0
29.0,91672204.0
28.0,91682832.0
29.0,91693452.0
29.0,91704076.0
28.0,91714700.0
29.0,91725324.0
28.0,91735948.0
29.0,91746580.0
29.0,91757204.0
29.0,91767840.0
29.0,91778460.0
28.0,91789076.0
29.0,91799708.0
29.0,91810324.0
29.0,91820940.0
29.0,91831564.0
28.0,91842188.0
28.0,91852824.0
28.0,91863444.0
29.0,91874060.0
28.0,91884684.0
28.0,91895308.0
28.0,91905932.0
28.0,91916556.0
28.0,91927180.0
28.0,91937808.0
29.0,91948428.0
28.0,91959052.0
28.0,91969676.0
29.0,91980292.0
28.0,91990916.0
28.0,92001540.0
28.0,92012156.0
29.0,92022784.0
29.0,92033412.0
28.0,92044028.0
28.0,92054652.0
28.0,92065276.0
28.0,92075900.0
28.0,92086524.0
29.0,92097140.0
29.0,92107764.0
29.0,92118388.0
28.0,92129012.0
28.0,92139636.0
28.0,92150260.0
29.0,92160884.0
28.0,92171508.0
28.0,92182124.0
28.0,92192748.0
29.0,92203372.0
28.0,92213988.0
28.0,92224620.0
28.0,92235236.0
28.0,92245852.0
28.0,92256476.0
29.0,92267092.0
29.0,92277708.0
29.0,92288340.0
28.0,92298956.0
28.0,92309592.0
28.0,92320212.0
29.0,92330828.0
28.0,92341452.0
29.0,92352068.0
28.0,92362684.0
29.0,92373316.0
28.0,92383940.0
28.0,92394568.0
28.0,92405188.0
28.0,92415812.0
28.0,92426436.0
28.0,92437060.0
29.0,92447676.0
28.0,92458300.0
28.0,92468916.0
28.0,92479544.0
28.0,92490164.0
28.0,92500780.0
29.0,92511404.0
28.0,92522028.0
28.0,92532644.0
28.0,92543268.0
29.0,92553892.0
28.0,92564520.0
29.0,92575140.0
28.0,92585756.0
29.0,92596380.0
29.0,92606996.0
28.0,92617620.0
29.0,92628244.0
29.0,92638860.0
28.0,92649488.0
28.0,92660116.0
28.0,92670740.0
29.0,92681364.0
29.0,92691980.0
28.0,92702604.0
28.0,92713228.0
28.0,92723844.0
28.0,92734480.0
28.0,92745100.0
28.0,92755724.0
28.0,92766348.0
29.0,92776972.0
29.0,92787588.0
28.0,92798220.0
28.0,92808844.0
28.0,92819472.0
28.0,92830092.0
28.0,92840708.0
29.0,92851332.0
29.0,92861948.0
28.0,92872564.0
28.0,92883188.0
29.0,92893812.0
28.0,92904436.0
28.0,92915060.0
28.0,92925684.0
28.0,92936308.0
29.0,92946932.0
28.0,92957556.0
28.0,92968180.0
28.0,92978796.0
29.0,92989420.0
28.0,93000052.0
28.0,93010668.0
29.0,93021292.0
28.0,93031916.0
29.0,93042540.0
28.0,93053164.0
28.0,93063788.0
29.0,93074420.0
28.0,93085052.0
28.0,93095668.0
29.0,93106292.0
29.0,93116916.0
28.0,93127540.0
29.0,93138164.0
28.0,93148780.0
28.0,93159404.0
28.0,93170036.0
28.0,93180660.0
28.0,93191284.0
29.0,93201900.0
29.0,93212524.0
28.0,93223148.0
28.0,93233772.0
28.0,93244396.0
28.0,93255028.0
28.0,93265652.0
28.0,93276276.0
29.0,93286900.0
29.0,93297516.0
28.0,93308140.0
28.0,93318764.0
28.0,93329388.0
29.0,93340020.0
28.0,93350644.0
29.0,93361268.0
28.0,93371892.0
28.0,93382516.0
29.0,93393140.0
28.0,93403756.0
28.0,93414380.0
29.0,93425004.0
28.0,93435620.0
28.0,93446248.0
29.0,93456868.0
28.0,93467484.0
28.0,93478108.0
28.0,93488732.0
28.0,93499348.0
28.0,93509980.0
28.0,93520604.0
29.0,93531232.0
28.0,93541860.0
29.0,93552484.0
29.0,93563108.0
28.0,93573732.0
28.0,93584356.0
28.0,93594988.0
29.0,93605604.0
28.0,93616232.0
28.0,93626852.0
29.0,93637476.0
29.0,93648100.0
29.0,93658716.0
29.0,93669340.0
28.0,93679964.0
29.0,93690588.0
29.0,93701216.0
29.0,93711836.0
28.0,93722460.0
28.0,93733084.0
29.0,93743708.0
28.0,93754332.0
28.0,93764956.0
28.0,93775580.0
29.0,93786208.0
28.0,93796836.0
28.0,93807460.0
29.0,93818084.0
29.0,93828700.0
29.0,93839324.0
28.0,93849948.0
28.0,93860564.0
28.0,93871192.0
28.0,93881812.0
29.0,93892428.0
29.0,93903052.0
28.0,93913676.0
29.0,93924300.0
29.0,93934924.0
28.0,93945548.0
29.0,93956184.0
29.0,93966812.0
28.0,93977436.0
28.0,93988068.0
29.0,93998692.0
28.0,94009316.0
29.0,94019940.0
28.0,94030564.0
29.0,94041192.0
28.0,94051820.0
28.0,94062444.0
28.0,94073068.0
28.0,94083692.0
29.0,94094316.0
28.0,94104940.0
28.0,94115564.0
28.0,94126188.0
28.0,94136812.0
28.0,94147436.0
29.0,94158060.0
28.0,94168684.0
29.0,94179308.0
29.0,94189932.0
28.0,94200556.0
28.0,94211188.0
28.0,94221812.0
28.0,94232428.0
28.0,94243060.0
29.0,94253684.0
28.0,94264308.0
28.0,94274932.0
29.0,94285556.0
28.0,94296180.0
28.0,94306804.0
28.0,94317428.0
28.0,94328052.0
28.0,94338676.0
28.0,94349300.0
29.0,94359924.0
29.0,94370548.0
28.0,94381172.0
28.0,94391796.0
28.0,94402420.0
28.0,94413044.0
28.0,94423668.0
28.0,94434292.0
28.0,94444916.0
28.0,94455532.0
29.0,94466156.0
29.0,94476772.0
28.0,94487396.0
28.0,94498020.0
29.0,94508636.0
28.0,94519260.0
29.0,94529892.0
28.0,94540516.0
28.0,94551144.0
28.0,94561764.0
28.0,94572380.0
29.0,94583004.0
29.0,94593628.0
29.0,94604244.0
29.0,94614876.0
29.0,94625500.0
28.0,94636128.0
29.0,94646756.0
29.0,94657380.0
28.0,94668012.0
28.0,94678636.0
28.0,94689260.0
28.0,94699884.0
29.0,94710508.0
29.0,94721132.0
29.0,94731748.0
29.0,94742364.0
29.0,94752988.0
28.0,94763604.0
29.0,94774220.0
28.0,94784852.0
28.0,94795468.0
28.0,94806096.0
29.0,94816716.0
28.0,94827340.0
28.0,94837964.0
28.0,94848588.0
28.0,94859204.0
28.0,94869828.0
29.0,94880444.0
28.0,94891080.0
28.0,94901700.0
29.0,94912324.0
28.0,94922956.0
29.0,94933580.0
29.0,94944204.0
29.0,94954836.0
29.0,94965460.0
29.0,94976088.0
28.0,94986708.0
28.0,94997332.0
29.0,95007964.0
28.0,95018588.0
29.0,95029212.0
29.0,95039836.0
28.0,95050460.0
28.0,95061088.0
29.0,95071708.0
29.0,95082332.0
29.0,95092956.0
28.0,95103580.0
28.0,95114204.0
28.0,95124828.0
28.0,95135444.0
29.0,95146072.0
28.0,95156692.0
28.0,95167316.0
28.0,95177948.0
28.0,95188572.0
28.0,95199196.0
29.0,95209828.0
28.0,95220452.0
29.0,95231080.0
29.0,95241700.0
29.0,95252316.0
29.0,95262940.0
28.0,95273564.0
28.0,95284188.0
29.0,95294812.0
29.0,95305436.0
29.0,95316064.0
28.0,95326684.0
29.0,95337308.0
28.0,95347940.0
29.0,95358564.0
28.0,95369188.0
28.0,95379812.0
28.0,95390436.0
28.0,95401064.0
29.0,95411684.0
28.0,95422308.0
29.0,95432932.0
28.0,95443556.0
28.0,95454172.0
29.0,95464796.0
28.0,95475420.0
28.0,95486048.0
28.0,95496668.0
29.0,95507292.0
28.0,95517924.0
28.0,95528548.0
28.0,95539172.0
28.0,95549804.0
28.0,95560428.0
29.0,95571052.0
28.0,95581676.0
28.0,95592300.0
29.0,95602924.0
28.0,95613548.0
28.0,95624172.0
29.0,95634796.0
29.0,95645420.0
28.0,95656044.0
28.0,95666668.0
28.0,95677292.0
28.0,95687924.0
28.0,95698548.0
28.0,95709172.0
28.0,95719796.0
28.0,95730420.0
28.0,95741044.0
28.0,95751668.0
28.0,95762292.0
28.0,95772916.0
28.0,95783540.0
28.0,95794164.0
29.0,95804788.0
28.0,95815412.0
28.0,95826036.0
29.0,95836660.0
28.0,95847284.0
28.0,95857908.0
28.0,95868532.0
29.0,95879156.0
29.0,95889780.0
28.0,95900404.0
28.0,95911028.0
28.0,95921652.0
28.0,95932276.0
28.0,95942900.0
28.0,95953524.0
29.0,95964148.0
29.0,95974780.0
28.0,95985404.0
28.0,95996036.0
29.0,96006660.0
28.0,96017276.0
28.0,96027900.0
28.0,96038516.0
29.0,96049152.0
28.0,96059772.0
28.0,96070388.0
28.0,96081012.0
28.0,96091628.0
28.0,96102244.0
28.0,96112876.0
29.0,96123492.0
28.0,96134116.0
28.0,96144740.0
28.0,96155356.0
29.0,96165984.0
28.0,96176612.0
28.0,96187228.0
28.0,96197852.0
29.0,96208476.0
29.0,96219100.0
29.0,96229724.0
28.0,96240348.0
29.0,96250976.0
28.0,96261596.0
29.0,96272212.0
29.0,96282844.0
28.0,96293460.0
28.0,96304076.0
28.0,96314700.0
28.0,96325324.0
29.0,96335960.0
28.0,96346580.0
29.0,96357196.0
28.0,96367820.0
29.0,96378444.0
29.0,96389060.0
28.0,96399692.0
28.0,96410308.0
28.0,96420936.0
28.0,96431564.0
28.0,96442188.0
28.0,96452812.0
28.0,96463428.0
29.0,96474044.0
29.0,96484668.0
29.0,96495284.0
28.0,96505912.0
28.0,96516532.0
28.0,96527148.0
28.0,96537772.0
28.0,96548388.0
28.0,96559012.0
29.0,96569636.0
28.0,96580252.0
28.0,96590880.0
28.0,96601500.0
29.0,96612124.0
28.0,96622748.0
29.0,96633372.0
28.0,96643996.0
29.0,96654620.0
28.0,96665244.0
28.0,96675872.0
28.0,96686492.0
28.0,96697108.0
29.0,96707732.0
28.0,96718356.0
28.0,96728980.0
28.0,96739612.0
28.0,96750236.0
28.0,96760864.0
28.0,96771484.0
29.0,96782100.0
28.0,96792724.0
29.0,96803348.0
29.0,96813964.0
28.0,96824588.0
28.0,96835204.0
28.0,96845832.0
28.0,96856452.0
28.0,96867076.0
28.0,96877700.0
29.0,96888324.0
29.0,96898940.0
29.0,96909564.0
28.0,96920188.0
28.0,96930816.0
29.0,96941436.0
28.0,96952060.0
28.0,96962684.0
28.0,96973300.0
28.0,96983924.0
29.0,96994548.0
29.0,97005164.0
28.0,97015788.0
28.0,97026412.0
28.0,97037028.0
28.0,97047656.0
28.0,97058276.0
29.0,97068900.0
28.0,97079532.0
28.0,97090156.0
28.0,97100780.0
28.0,97111404.0
28.0,97122028.0
28.0,97132652.0
29.0,97143276.0
29.0,97153900.0
28.0,97164524.0
29.0,97175148.0
28.0,97185772.0
29.0,97196404.0
28.0,97207028.0
28.0,97217652.0
28.0,97228276.0
28.0,97238900.0
29.0,97249524.0
29.0,97260148.0
28.0,97270772.0
28.0,97281396.0
29.0,97292020.0
28.0,97302652.0
28.0,97313268.0
28.0,97323892.0
29.0,97334516.0
28.0,97345132.0
28.0,97355764.0
28.0,97366388.0
28.0,97377012.0
28.0,97387636.0
29.0,97398252.0
29.0,97408876.0
28.0,97419500.0
28.0,97430124.0
28.0,97440748.0
28.0,97451380.0
28.0,97462004.0
28.0,97472628.0
28.0,97483252.0
28.0,97493876.0
28.0,97504508.0
29.0,97515132.0
28.0,97525760.0
28.0,97536380.0
29.0,97546996.0
28.0,97557620.0
28.0,97568244.0
28.0,97578860.0
28.0,97589484.0
29.0,97600108.0
28.0,97610732.0
28.0,97621356.0
28.0,97631980.0
28.0,97642604.0
28.0,97653228.0
29.0,97663844.0
28.0,97674468.0
28.0,97685084.0
28.0,97695700.0
28.0,97706332.0
28.0,97716956.0
28.0,97727584.0
28.0,97738204.0
28.0,97748828.0
28.0,97759460.0
28.0,97770084.0
29.0,97780708.0
29.0,97791332.0
28.0,97801956.0
28.0,97812584.0
28.0,97823204.0
28.0,97833828.0
29.0,97844460.0
29.0,97855084.0
28.0,97865708.0
28.0,97876332.0
28.0,97886956.0
28.0,97897580.0
28.0,97908204.0
28.0,97918828.0
28.0,97929452.0
29.0,97940076.0
28.0,97950700.0
28.0,97961324.0
29.0,97971948.0
29.0,97982572.0
28.0,97993196.0
28.0,98003820.0
28.0,98014444.0
29.0,98025068.0
29.0,98035692.0
28.0,98046316.0
29.0,98056940.0
29.0,98067564.0
28.0,98078188.0
28.0,98088812.0
28.0,98099436.0
28.0,98110052.0
29.0,98120676.0
28.0,98131300.0
28.0,98141924.0
28.0,98152552.0
28.0,98163172.0
