31.0,12659380.0
30.0,12670008.0
31.0,12680636.0
33.0,12691252.0
33.0,12701884.0
33.0,12712500.0
32.0,12723116.0
31.0,12733740.0
30.0,12744356.0
30.0,12754984.0
31.0,12765604.0
31.0,12776220.0
31.0,12786844.0
30.0,12797460.0
29.0,12808084.0
30.0,12818708.0
31.0,12829324.0
30.0,12839952.0
31.0,12850572.0
30.0,12861188.0
31.0,12871812.0
31.0,12882428.0
31.0,12893044.0
31.0,12903668.0
30.0,12914284.0
30.0,12924908.0
30.0,12935532.0
31.0,12946148.0
30.0,12956776.0
31.0,12967396.0
31.0,12978020.0
30.0,12988644.0
29.0,12999268.0
30.0,13009884.0
30.0,13020508.0
31.0,13031124.0
29.0,13041752.0
30.0,13052372.0
30.0,13062988.0
32.0,13073612.0
32.0,13084236.0
32.0,13094852.0
32.0,13105476.0
31.0,13116100.0
32.0,13126728.0
33.0,13137348.0
34.0,13147964.0
33.0,13158588.0
33.0,13169204.0
33.0,13179820.0
33.0,13190444.0
33.0,13201060.0
33.0,13211688.0
32.0,13222308.0
32.0,13232924.0
31.0,13243548.0
31.0,13254164.0
32.0,13264780.0
34.0,13275404.0
33.0,13286020.0
32.0,13296648.0
32.0,13307268.0
31.0,13317884.0
34.0,13328508.0
33.0,13339124.0
32.0,13349740.0
32.0,13360364.0
31.0,13370980.0
31.0,13381596.0
32.0,13392220.0
31.0,13402836.0
32.0,13413464.0
32.0,13424084.0
32.0,13434708.0
32.0,13445340.0
33.0,13455956.0
32.0,13466572.0
32.0,13477196.0
31.0,13487812.0
30.0,13498440.0
30.0,13509060.0
33.0,13519676.0
32.0,13530300.0
33.0,13540916.0
34.0,13551532.0
35.0,13562156.0
35.0,13572772.0
35.0,13583400.0
36.0,13594020.0
35.0,13604644.0
34.0,13615268.0
33.0,13625892.0
33.0,13636508.0
32.0,13647132.0
31.0,13657748.0
31.0,13668376.0
31.0,13678996.0
33.0,13689612.0
32.0,13700236.0
32.0,13710852.0
32.0,13721468.0
31.0,13732092.0
32.0,13742716.0
33.0,13753352.0
33.0,13763972.0
33.0,13774588.0
38.0,13785212.0
41.0,13795836.0
43.0,13806452.0
41.0,13817076.0
40.0,13827692.0
39.0,13838316.0
38.0,13848940.0
38.0,13859564.0
37.0,13870188.0
35.0,13880804.0
39.0,13891420.0
37.0,13902044.0
35.0,13912660.0
35.0,13923276.0
35.0,13933900.0
35.0,13944524.0
35.0,13955152.0
34.0,13965772.0
35.0,13976396.0
34.0,13987028.0
34.0,13997644.0
33.0,14008260.0
32.0,14018884.0
33.0,14029500.0
32.0,14040128.0
33.0,14050748.0
32.0,14061372.0
32.0,14072004.0
32.0,14082620.0
37.0,14093236.0
35.0,14103860.0
35.0,14114484.0
34.0,14125112.0
33.0,14135732.0
33.0,14146356.0
33.0,14156980.0
32.0,14167596.0
32.0,14178212.0
32.0,14188836.0
32.0,14199452.0
31.0,14210080.0
31.0,14220700.0
31.0,14231316.0
31.0,14241940.0
31.0,14252564.0
30.0,14263180.0
30.0,14273804.0
30.0,14284420.0
30.0,14295048.0
30.0,14305668.0
30.0,14316284.0
30.0,14326908.0
31.0,14337524.0
30.0,14348140.0
32.0,14358764.0
32.0,14369380.0
31.0,14379996.0
31.0,14390620.0
31.0,14401236.0
30.0,14411864.0
31.0,14422484.0
31.0,14433100.0
30.0,14443724.0
34.0,14454340.0
32.0,14464964.0
32.0,14475588.0
32.0,14486204.0
33.0,14496832.0
31.0,14507452.0
34.0,14518076.0
33.0,14528708.0
32.0,14539324.0
32.0,14549940.0
32.0,14560564.0
31.0,14571180.0
32.0,14581816.0
31.0,14592436.0
31.0,14603052.0
32.0,14613676.0
32.0,14624292.0
32.0,14634908.0
32.0,14645532.0
31.0,14656148.0
32.0,14666776.0
32.0,14677396.0
32.0,14688012.0
31.0,14698636.0
31.0,14709252.0
31.0,14719868.0
31.0,14730492.0
32.0,14741108.0
32.0,14751732.0
31.0,14762356.0
31.0,14772980.0
30.0,14783604.0
30.0,14794220.0
29.0,14804836.0
30.0,14815460.0
32.0,14826076.0
31.0,14836692.0
30.0,14847316.0
31.0,14857932.0
30.0,14868560.0
29.0,14879180.0
32.0,14889796.0
32.0,14900420.0
33.0,14911044.0
31.0,14921668.0
30.0,14932292.0
29.0,14942908.0
29.0,14953536.0
30.0,14964156.0
31.0,14974772.0
31.0,14985396.0
32.0,14996012.0
31.0,15006636.0
30.0,15017260.0
29.0,15027876.0
29.0,15038504.0
29.0,15049132.0
29.0,15059748.0
29.0,15070380.0
29.0,15081004.0
29.0,15091620.0
29.0,15102244.0
28.0,15112860.0
28.0,15123496.0
29.0,15134116.0
30.0,15144732.0
30.0,15155356.0
30.0,15165980.0
30.0,15176596.0
29.0,15187220.0
29.0,15197836.0
32.0,15208464.0
31.0,15219084.0
32.0,15229700.0
32.0,15240324.0
31.0,15250940.0
31.0,15261556.0
30.0,15272180.0
33.0,15282796.0
33.0,15293420.0
32.0,15304044.0
31.0,15314660.0
31.0,15325288.0
32.0,15335908.0
31.0,15346532.0
31.0,15357156.0
31.0,15367780.0
30.0,15378396.0
32.0,15389020.0
31.0,15399636.0
32.0,15410264.0
31.0,15420884.0
30.0,15431500.0
30.0,15442132.0
31.0,15452756.0
30.0,15463372.0
30.0,15473996.0
31.0,15484612.0
31.0,15495240.0
30.0,15505860.0
31.0,15516476.0
31.0,15527100.0
30.0,15537716.0
30.0,15548332.0
30.0,15558956.0
29.0,15569580.0
28.0,15580208.0
28.0,15590828.0
29.0,15601452.0
29.0,15612076.0
29.0,15622692.0
29.0,15633308.0
29.0,15643932.0
30.0,15654548.0
30.0,15665184.0
30.0,15675804.0
30.0,15686420.0
29.0,15697044.0
29.0,15707660.0
29.0,15718276.0
29.0,15728900.0
28.0,15739516.0
28.0,15750144.0
30.0,15760764.0
29.0,15771388.0
29.0,15782012.0
30.0,15792628.0
30.0,15803244.0
30.0,15813868.0
29.0,15824484.0
29.0,15835108.0
31.0,15845732.0
31.0,15856348.0
30.0,15866976.0
30.0,15877596.0
31.0,15888212.0
30.0,15898844.0
32.0,15909460.0
31.0,15920076.0
31.0,15930700.0
30.0,15941316.0
29.0,15951944.0
29.0,15962564.0
29.0,15973180.0
30.0,15983804.0
30.0,15994428.0
30.0,16005044.0
29.0,16015668.0
29.0,16026284.0
28.0,16036912.0
28.0,16047532.0
27.0,16058148.0
27.0,16068772.0
28.0,16079388.0
31.0,16090004.0
30.0,16100628.0
29.0,16111244.0
31.0,16121872.0
31.0,16132492.0
31.0,16143116.0
30.0,16153740.0
29.0,16164356.0
30.0,16174972.0
29.0,16185596.0
29.0,16196212.0
29.0,16206836.0
29.0,16217460.0
29.0,16228076.0
30.0,16238700.0
29.0,16249316.0
29.0,16259932.0
30.0,16270556.0
29.0,16281172.0
29.0,16291788.0
30.0,16302412.0
29.0,16313036.0
29.0,16323672.0
30.0,16334292.0
32.0,16344908.0
32.0,16355540.0
31.0,16366156.0
31.0,16376772.0
39.0,16387396.0
40.0,16398012.0
42.0,16408640.0
41.0,16419260.0
47.0,16429876.0
43.0,16440500.0
43.0,16451116.0
44.0,16461732.0
43.0,16472356.0
41.0,16482972.0
41.0,16493600.0
44.0,16504220.0
43.0,16514836.0
43.0,16525460.0
39.0,16536076.0
41.0,16546692.0
41.0,16557316.0
39.0,16567932.0
37.0,16578560.0
39.0,16589180.0
38.0,16599796.0
36.0,16610420.0
36.0,16621036.0
37.0,16631652.0
35.0,16642276.0
35.0,16652892.0
35.0,16663508.0
33.0,16674132.0
35.0,16684748.0
38.0,16695376.0
45.0,16705996.0
51.0,16716612.0
52.0,16727236.0
52.0,16737852.0
50.0,16748468.0
48.0,16759092.0
46.0,16769716.0
42.0,16780344.0
40.0,16790964.0
38.0,16801580.0
38.0,16812204.0
36.0,16822820.0
35.0,16833436.0
33.0,16844060.0
32.0,16854684.0
36.0,16865312.0
34.0,16875932.0
34.0,16886548.0
33.0,16897172.0
38.0,16907788.0
42.0,16918404.0
45.0,16929028.0
44.0,16939644.0
43.0,16950272.0
42.0,16960892.0
40.0,16971508.0
37.0,16982132.0
36.0,16992756.0
35.0,17003372.0
34.0,17013996.0
33.0,17024612.0
33.0,17035228.0
33.0,17045852.0
32.0,17056468.0
33.0,17067100.0
34.0,17077716.0
33.0,17088332.0
33.0,17098956.0
31.0,17109572.0
31.0,17120188.0
30.0,17130812.0
30.0,17141428.0
30.0,17152060.0
30.0,17162676.0
30.0,17173300.0
30.0,17183924.0
30.0,17194540.0
30.0,17205156.0
29.0,17215780.0
32.0,17226404.0
33.0,17237032.0
33.0,17247652.0
35.0,17258268.0
37.0,17268892.0
38.0,17279516.0
36.0,17290140.0
42.0,17300764.0
43.0,17311388.0
45.0,17322016.0
42.0,17332636.0
40.0,17343260.0
41.0,17353884.0
40.0,17364500.0
40.0,17375116.0
38.0,17385740.0
37.0,17396356.0
36.0,17406992.0
42.0,17417620.0
40.0,17428236.0
39.0,17438860.0
40.0,17449476.0
37.0,17460092.0
34.0,17470716.0
33.0,17481332.0
33.0,17491956.0
32.0,17502580.0
32.0,17513196.0
32.0,17523820.0
33.0,17534436.0
32.0,17545052.0
33.0,17555676.0
33.0,17566292.0
31.0,17576908.0
31.0,17587532.0
31.0,17598148.0
30.0,17608776.0
29.0,17619396.0
28.0,17630012.0
29.0,17640636.0
30.0,17651260.0
30.0,17661884.0
30.0,17672508.0
31.0,17683132.0
31.0,17693768.0
30.0,17704388.0
31.0,17715012.0
30.0,17725636.0
30.0,17736252.0
30.0,17746868.0
32.0,17757492.0
33.0,17768108.0
33.0,17778736.0
32.0,17789356.0
33.0,17799972.0
32.0,17810604.0
31.0,17821220.0
32.0,17831844.0
31.0,17842468.0
30.0,17853084.0
30.0,17863712.0
29.0,17874332.0
30.0,17884948.0
30.0,17895580.0
31.0,17906196.0
30.0,17916820.0
30.0,17927452.0
30.0,17938068.0
29.0,17948696.0
30.0,17959316.0
30.0,17969932.0
29.0,17980556.0
29.0,17991172.0
31.0,18001788.0
32.0,18012412.0
31.0,18023028.0
31.0,18033652.0
31.0,18044276.0
30.0,18054892.0
30.0,18065516.0
31.0,18076132.0
30.0,18086748.0
32.0,18097372.0
33.0,18107988.0
33.0,18118604.0
33.0,18129228.0
33.0,18139844.0
32.0,18150480.0
31.0,18161100.0
32.0,18171716.0
31.0,18182340.0
31.0,18192956.0
30.0,18203572.0
31.0,18214196.0
30.0,18224812.0
30.0,18235440.0
30.0,18246060.0
30.0,18256676.0
30.0,18267308.0
32.0,18277924.0
32.0,18288540.0
33.0,18299164.0
34.0,18309780.0
35.0,18320408.0
36.0,18331028.0
36.0,18341644.0
36.0,18352268.0
35.0,18362884.0
36.0,18373508.0
35.0,18384132.0
35.0,18394748.0
33.0,18405384.0
33.0,18416004.0
32.0,18426628.0
32.0,18437252.0
31.0,18447868.0
30.0,18458484.0
30.0,18469108.0
30.0,18479724.0
30.0,18490348.0
30.0,18500972.0
31.0,18511596.0
31.0,18522220.0
30.0,18532836.0
29.0,18543452.0
29.0,18554076.0
29.0,18564692.0
28.0,18575308.0
28.0,18585932.0
28.0,18596548.0
28.0,18607176.0
29.0,18617796.0
29.0,18628420.0
29.0,18639044.0
28.0,18649668.0
28.0,18660284.0
29.0,18670908.0
28.0,18681524.0
30.0,18692160.0
30.0,18702780.0
31.0,18713396.0
31.0,18724020.0
32.0,18734644.0
31.0,18745260.0
32.0,18755884.0
31.0,18766500.0
30.0,18777128.0
30.0,18787748.0
29.0,18798372.0
31.0,18808996.0
30.0,18819612.0
30.0,18830228.0
30.0,18840860.0
29.0,18851476.0
30.0,18862112.0
29.0,18872732.0
30.0,18883348.0
30.0,18893972.0
30.0,18904588.0
30.0,18915204.0
29.0,18925828.0
29.0,18936444.0
29.0,18947080.0
29.0,18957700.0
29.0,18968316.0
30.0,18978940.0
30.0,18989556.0
31.0,19000180.0
31.0,19010812.0
30.0,19021428.0
30.0,19032052.0
30.0,19042676.0
30.0,19053292.0
30.0,19063916.0
29.0,19074540.0
29.0,19085156.0
28.0,19095780.0
28.0,19106396.0
28.0,19117020.0
28.0,19127644.0
28.0,19138268.0
28.0,19148896.0
28.0,19159516.0
28.0,19170140.0
29.0,19180764.0
28.0,19191388.0
28.0,19202012.0
28.0,19212636.0
28.0,19223252.0
28.0,19233880.0
29.0,19244500.0
29.0,19255116.0
28.0,19265740.0
29.0,19276356.0
29.0,19286972.0
30.0,19297596.0
29.0,19308212.0
29.0,19318840.0
29.0,19329460.0
31.0,19340076.0
30.0,19350700.0
32.0,19361324.0
31.0,19371948.0
32.0,19382572.0
33.0,19393188.0
33.0,19403816.0
32.0,19414444.0
31.0,19425060.0
32.0,19435684.0
31.0,19446300.0
31.0,19456924.0
31.0,19467548.0
32.0,19478164.0
31.0,19488792.0
31.0,19499412.0
31.0,19510028.0
30.0,19520660.0
32.0,19531284.0
31.0,19541900.0
34.0,19552524.0
33.0,19563140.0
32.0,19573768.0
33.0,19584388.0
32.0,19595012.0
33.0,19605636.0
32.0,19616252.0
32.0,19626868.0
31.0,19637500.0
31.0,19648124.0
31.0,19658752.0
30.0,19669372.0
32.0,19679996.0
32.0,19690620.0
33.0,19701244.0
33.0,19711860.0
34.0,19722492.0
37.0,19733108.0
36.0,19743732.0
36.0,19754356.0
34.0,19764972.0
34.0,19775596.0
35.0,19786212.0
34.0,19796828.0
34.0,19807452.0
34.0,19818068.0
39.0,19828684.0
39.0,19839308.0
37.0,19849932.0
36.0,19860560.0
36.0,19871180.0
35.0,19881796.0
34.0,19892420.0
33.0,19903036.0
33.0,19913660.0
31.0,19924284.0
31.0,19934900.0
30.0,19945528.0
30.0,19956156.0
32.0,19966780.0
39.0,19977404.0
37.0,19988020.0
37.0,19998636.0
36.0,20009260.0
36.0,20019884.0
34.0,20030512.0
33.0,20041132.0
32.0,20051748.0
32.0,20062380.0
31.0,20073004.0
31.0,20083620.0
30.0,20094244.0
29.0,20104860.0
29.0,20115488.0
29.0,20126108.0
28.0,20136724.0
29.0,20147356.0
29.0,20157972.0
29.0,20168588.0
29.0,20179212.0
29.0,20189828.0
31.0,20200456.0
30.0,20211076.0
30.0,20221700.0
31.0,20232324.0
31.0,20242940.0
31.0,20253556.0
32.0,20264188.0
32.0,20274804.0
34.0,20285428.0
36.0,20296060.0
35.0,20306676.0
34.0,20317300.0
33.0,20327916.0
33.0,20338532.0
32.0,20349164.0
32.0,20359780.0
32.0,20370396.0
32.0,20381028.0
31.0,20391644.0
31.0,20402272.0
32.0,20412892.0
32.0,20423508.0
35.0,20434140.0
34.0,20444756.0
33.0,20455380.0
36.0,20466012.0
34.0,20476636.0
34.0,20487264.0
34.0,20497884.0
34.0,20508500.0
35.0,20519132.0
33.0,20529748.0
32.0,20540364.0
32.0,20550988.0
32.0,20561612.0
33.0,20572240.0
33.0,20582860.0
32.0,20593476.0
32.0,20604100.0
35.0,20614716.0
34.0,20625340.0
33.0,20635964.0
33.0,20646580.0
33.0,20657208.0
33.0,20667828.0
33.0,20678444.0
34.0,20689068.0
34.0,20699684.0
35.0,20710308.0
34.0,20720940.0
35.0,20731556.0
34.0,20742184.0
34.0,20752804.0
35.0,20763420.0
34.0,20774044.0
35.0,20784660.0
33.0,20795276.0
34.0,20805900.0
34.0,20816516.0
34.0,20827144.0
33.0,20837764.0
32.0,20848380.0
33.0,20859004.0
32.0,20869620.0
32.0,20880244.0
32.0,20890868.0
32.0,20901484.0
32.0,20912108.0
33.0,20922732.0
33.0,20933348.0
32.0,20943976.0
31.0,20954604.0
32.0,20965220.0
31.0,20975844.0
32.0,20986460.0
32.0,20997076.0
32.0,21007700.0
34.0,21018316.0
35.0,21028944.0
33.0,21039564.0
35.0,21050180.0
35.0,21060804.0
34.0,21071420.0
34.0,21082044.0
35.0,21092668.0
35.0,21103284.0
35.0,21113912.0
36.0,21124532.0
35.0,21135156.0
37.0,21145788.0
38.0,21156404.0
38.0,21167020.0
39.0,21177644.0
39.0,21188260.0
38.0,21198888.0
38.0,21209508.0
41.0,21220124.0
41.0,21230748.0
40.0,21241372.0
39.0,21251988.0
39.0,21262612.0
39.0,21273236.0
38.0,21283864.0
39.0,21294484.0
39.0,21305108.0
37.0,21315732.0
38.0,21326348.0
36.0,21336964.0
37.0,21347588.0
38.0,21358212.0
36.0,21368840.0
35.0,21379460.0
35.0,21390076.0
35.0,21400700.0
34.0,21411316.0
34.0,21421932.0
35.0,21432556.0
34.0,21443172.0
33.0,21453796.0
33.0,21464420.0
32.0,21475036.0
34.0,21485664.0
32.0,21496284.0
33.0,21506900.0
33.0,21517532.0
33.0,21528156.0
33.0,21538772.0
35.0,21549396.0
37.0,21560012.0
35.0,21570640.0
35.0,21581260.0
33.0,21591876.0
36.0,21602500.0
35.0,21613116.0
35.0,21623732.0
34.0,21634356.0
36.0,21644980.0
42.0,21655608.0
43.0,21666228.0
44.0,21676844.0
45.0,21687468.0
43.0,21698084.0
47.0,21708708.0
46.0,21719332.0
47.0,21729956.0
45.0,21740584.0
49.0,21751204.0
50.0,21761820.0
57.0,21772444.0
71.0,21783060.0
75.0,21793684.0
78.0,21804308.0
77.0,21814932.0
84.0,21825560.0
89.0,21836180.0
82.0,21846796.0
83.0,21857420.0
87.0,21868036.0
79.0,21878660.0
100.0,21889328.0
92.0,21899956.0
92.0,21910584.0
96.0,21921204.0
114.0,21931872.0
117.0,21942552.0
112.0,21953224.0
109.0,21963908.0
160.0,21974584.0
162.0,21985256.0
169.0,21995936.0
180.0,22006608.0
183.0,22017288.0
189.0,22027960.0
182.0,22038644.0
192.0,22049320.0
173.0,22059992.0
163.0,22070672.0
160.0,22081344.0
166.0,22092016.0
159.0,22102688.0
150.0,22113376.0
150.0,22124048.0
153.0,22134720.0
143.0,22145400.0
159.0,22156072.0
153.0,22166752.0
161.0,22177424.0
159.0,22188112.0
149.0,22198784.0
148.0,22209456.0
157.0,22220136.0
152.0,22230808.0
145.0,22241488.0
141.0,22252160.0
163.0,22262844.0
168.0,22273520.0
167.0,22284192.0
171.0,22294864.0
168.0,22305536.0
163.0,22316216.0
159.0,22326888.0
151.0,22337572.0
153.0,22348248.0
158.0,22358920.0
143.0,22369600.0
165.0,22380272.0
174.0,22390952.0
164.0,22401624.0
166.0,22412300.0
177.0,22422976.0
198.0,22433648.0
185.0,22444320.0
178.0,22454992.0
167.0,22465676.0
164.0,22476352.0
161.0,22487024.0
156.0,22497704.0
159.0,22508376.0
160.0,22519056.0
139.0,22529728.0
134.0,22540408.0
149.0,22551080.0
148.0,22561752.0
140.0,22572424.0
140.0,22583096.0
143.0,22593776.0
145.0,22604448.0
143.0,22615132.0
140.0,22625808.0
135.0,22636480.0
131.0,22647160.0
126.0,22657832.0
126.0,22668504.0
128.0,22679176.0
123.0,22689860.0
123.0,22700536.0
115.0,22711208.0
103.0,22721888.0
104.0,22732560.0
126.0,22743240.0
134.0,22753912.0
116.0,22764596.0
134.0,22775272.0
149.0,22785944.0
147.0,22796624.0
142.0,22807296.0
152.0,22817976.0
145.0,22828648.0
140.0,22839336.0
128.0,22850008.0
126.0,22860680.0
133.0,22871360.0
143.0,22882032.0
136.0,22892712.0
132.0,22903384.0
121.0,22914060.0
113.0,22924736.0
126.0,22935408.0
125.0,22946088.0
130.0,22956760.0
159.0,22967448.0
168.0,22978120.0
151.0,22988800.0
148.0,22999464.0
148.0,23010136.0
129.0,23020816.0
121.0,23031488.0
118.0,23042176.0
128.0,23052840.0
121.0,23063512.0
109.0,23074192.0
115.0,23084864.0
112.0,23095536.0
118.0,23106208.0
121.0,23116892.0
111.0,23127560.0
105.0,23138232.0
109.0,23148912.0
121.0,23159584.0
120.0,23170264.0
133.0,23180936.0
121.0,23191620.0
128.0,23202296.0
118.0,23212968.0
113.0,23223648.0
132.0,23234320.0
130.0,23245000.0
126.0,23255672.0
129.0,23266356.0
124.0,23277032.0
122.0,23287704.0
121.0,23298384.0
120.0,23309056.0
111.0,23319736.0
122.0,23330408.0
127.0,23341092.0
121.0,23351768.0
114.0,23362440.0
100.0,23373120.0
126.0,23383792.0
115.0,23394472.0
119.0,23405144.0
106.0,23415820.0
103.0,23426496.0
99.0,23437124.0
95.0,23447748.0
107.0,23458408.0
121.0,23469092.0
118.0,23479768.0
109.0,23490440.0
101.0,23501120.0
116.0,23511792.0
113.0,23522472.0
103.0,23533144.0
113.0,23543820.0
106.0,23554496.0
118.0,23565168.0
120.0,23575848.0
122.0,23586520.0
129.0,23597204.0
130.0,23607880.0
130.0,23618556.0
128.0,23629232.0
134.0,23639904.0
133.0,23650584.0
121.0,23661256.0
112.0,23671940.0
103.0,23682616.0
118.0,23693288.0
137.0,23703968.0
129.0,23714640.0
125.0,23725320.0
123.0,23735992.0
127.0,23746676.0
116.0,23757352.0
116.0,23768024.0
119.0,23778696.0
119.0,23789368.0
137.0,23800048.0
121.0,23810720.0
121.0,23821404.0
114.0,23832080.0
111.0,23842752.0
117.0,23853432.0
108.0,23864104.0
118.0,23874784.0
137.0,23885456.0
144.0,23896140.0
146.0,23906816.0
154.0,23917488.0
148.0,23928168.0
131.0,23938840.0
126.0,23949520.0
132.0,23960192.0
141.0,23970876.0
130.0,23981552.0
132.0,23992224.0
125.0,24002904.0
128.0,24013576.0
117.0,24024256.0
120.0,24034928.0
112.0,24045616.0
126.0,24056288.0
142.0,24066960.0
139.0,24077640.0
125.0,24088312.0
121.0,24098992.0
128.0,24109664.0
121.0,24120340.0
122.0,24131016.0
124.0,24141688.0
112.0,24152368.0
126.0,24163040.0
144.0,24173720.0
147.0,24184392.0
132.0,24195068.0
139.0,24205744.0
128.0,24216416.0
131.0,24227096.0
119.0,24237768.0
123.0,24248452.0
120.0,24259128.0
122.0,24269800.0
119.0,24280480.0
111.0,24291152.0
104.0,24301832.0
106.0,24312504.0
117.0,24323188.0
113.0,24333864.0
137.0,24344536.0
160.0,24355216.0
152.0,24365888.0
134.0,24376568.0
124.0,24387240.0
108.0,24397924.0
108.0,24408600.0
116.0,24419272.0
118.0,24429952.0
115.0,24440624.0
131.0,24451304.0
122.0,24461976.0
113.0,24472660.0
102.0,24483336.0
102.0,24494008.0
102.0,24504688.0
105.0,24515360.0
103.0,24526040.0
106.0,24536712.0
99.0,24547352.0
105.0,24558016.0
124.0,24568688.0
116.0,24579368.0
115.0,24590040.0
117.0,24600724.0
124.0,24611400.0
121.0,24622076.0
107.0,24632752.0
101.0,24643424.0
121.0,24654096.0
118.0,24664768.0
125.0,24675452.0
120.0,24686128.0
115.0,24696800.0
112.0,24707480.0
102.0,24718152.0
117.0,24728840.0
112.0,24739512.0
104.0,24750196.0
109.0,24760872.0
114.0,24771544.0
107.0,24782224.0
97.0,24792852.0
98.0,24803476.0
111.0,24814136.0
115.0,24824808.0
106.0,24835488.0
102.0,24846160.0
113.0,24856840.0
110.0,24867512.0
100.0,24878196.0
101.0,24888872.0
93.0,24899500.0
87.0,24910124.0
87.0,24920740.0
82.0,24931376.0
86.0,24941996.0
82.0,24952612.0
95.0,24963236.0
115.0,24973896.0
107.0,24984572.0
96.0,24995204.0
121.0,25005872.0
122.0,25016552.0
115.0,25027224.0
101.0,25037900.0
111.0,25048576.0
116.0,25059248.0
110.0,25069928.0
111.0,25080600.0
102.0,25091280.0
94.0,25101908.0
95.0,25112524.0
86.0,25123148.0
91.0,25133764.0
112.0,25144440.0
101.0,25155112.0
114.0,25165784.0
120.0,25176464.0
122.0,25187136.0
112.0,25197816.0
104.0,25208488.0
98.0,25219128.0
94.0,25229748.0
91.0,25240364.0
90.0,25250988.0
105.0,25261648.0
91.0,25272276.0
86.0,25282900.0
90.0,25293516.0
92.0,25304152.0
104.0,25314816.0
99.0,25325444.0
92.0,25336068.0
103.0,25346728.0
107.0,25357412.0
103.0,25368088.0
97.0,25378716.0
93.0,25389340.0
113.0,25400008.0
113.0,25410692.0
104.0,25421368.0
96.0,25431996.0
101.0,25442664.0
101.0,25453336.0
102.0,25464016.0
102.0,25474688.0
97.0,25485328.0
93.0,25495948.0
94.0,25506572.0
111.0,25517240.0
108.0,25527912.0
100.0,25538596.0
108.0,25549272.0
119.0,25559944.0
119.0,25570624.0
109.0,25581296.0
120.0,25591976.0
137.0,25602656.0
144.0,25613336.0
133.0,25624000.0
127.0,25634672.0
146.0,25645344.0
129.0,25656016.0
119.0,25666692.0
133.0,25677360.0
146.0,25688032.0
146.0,25698704.0
145.0,25709376.0
128.0,25720056.0
145.0,25730728.0
146.0,25741404.0
142.0,25752080.0
127.0,25762752.0
114.0,25773432.0
118.0,25784104.0
121.0,25794784.0
111.0,25805456.0
118.0,25816132.0
123.0,25826808.0
117.0,25837480.0
120.0,25848160.0
109.0,25858832.0
113.0,25869504.0
108.0,25880176.0
126.0,25890860.0
116.0,25901536.0
122.0,25912208.0
117.0,25922888.0
132.0,25933560.0
133.0,25944240.0
133.0,25954912.0
127.0,25965588.0
129.0,25976264.0
130.0,25986936.0
124.0,25997616.0
118.0,26008288.0
113.0,26018968.0
115.0,26029640.0
108.0,26040316.0
150.0,26050992.0
144.0,26061664.0
129.0,26072344.0
136.0,26083016.0
131.0,26093700.0
126.0,26104376.0
115.0,26115048.0
118.0,26125728.0
122.0,26136400.0
111.0,26147080.0
108.0,26157752.0
102.0,26168436.0
127.0,26179112.0
112.0,26189784.0
113.0,26200464.0
114.0,26211136.0
108.0,26221816.0
107.0,26232488.0
100.0,26243164.0
105.0,26253832.0
102.0,26264504.0
127.0,26275176.0
126.0,26285848.0
131.0,26296520.0
125.0,26307192.0
120.0,26317876.0
122.0,26328544.0
121.0,26339216.0
136.0,26349888.0
151.0,26360560.0
138.0,26371240.0
140.0,26381912.0
130.0,26392592.0
136.0,26403264.0
133.0,26413936.0
131.0,26424616.0
125.0,26435288.0
119.0,26445964.0
113.0,26456632.0
121.0,26467304.0
119.0,26477976.0
117.0,26488648.0
114.0,26499320.0
111.0,26509992.0
108.0,26520676.0
129.0,26531352.0
119.0,26542024.0
107.0,26552704.0
109.0,26563376.0
124.0,26574048.0
137.0,26584720.0
131.0,26595404.0
116.0,26606080.0
112.0,26616752.0
114.0,26627432.0
105.0,26638104.0
111.0,26648776.0
118.0,26659448.0
111.0,26670124.0
101.0,26680792.0
113.0,26691464.0
111.0,26702136.0
102.0,26712808.0
103.0,26723480.0
108.0,26734152.0
104.0,26744828.0
102.0,26755496.0
99.0,26766124.0
121.0,26776792.0
110.0,26787464.0
108.0,26798148.0
99.0,26808780.0
109.0,26819448.0
109.0,26830128.0
102.0,26840800.0
119.0,26851480.0
118.0,26862152.0
110.0,26872828.0
103.0,26883504.0
115.0,26894176.0
111.0,26904848.0
110.0,26915520.0
105.0,26926196.0
106.0,26936872.0
106.0,26947544.0
101.0,26958216.0
100.0,26968888.0
101.0,26979560.0
98.0,26990188.0
94.0,27000812.0
114.0,27011480.0
121.0,27022152.0
106.0,27032840.0
97.0,27043468.0
106.0,27054140.0
103.0,27064808.0
106.0,27075480.0
115.0,27086152.0
112.0,27096824.0
117.0,27107504.0
136.0,27118176.0
130.0,27128856.0
120.0,27139528.0
104.0,27150200.0
102.0,27160880.0
95.0,27171508.0
107.0,27182180.0
99.0,27192812.0
89.0,27203428.0
78.0,27214052.0
80.0,27224668.0
78.0,27235284.0
82.0,27245908.0
93.0,27256524.0
95.0,27267152.0
89.0,27277772.0
82.0,27288388.0
77.0,27299012.0
79.0,27309628.0
75.0,27320244.0
69.0,27330868.0
62.0,27341484.0
57.0,27352112.0
54.0,27362732.0
55.0,27373356.0
51.0,27383980.0
46.0,27394596.0
45.0,27405212.0
47.0,27415836.0
46.0,27426452.0
43.0,27437088.0
45.0,27447708.0
42.0,27458332.0
46.0,27468956.0
44.0,27479572.0
42.0,27490188.0
42.0,27500812.0
44.0,27511428.0
44.0,27522056.0
41.0,27532676.0
39.0,27543292.0
39.0,27553916.0
40.0,27564532.0
42.0,27575148.0
40.0,27585772.0
40.0,27596388.0
37.0,27607012.0
38.0,27617636.0
36.0,27628252.0
36.0,27638880.0
36.0,27649500.0
36.0,27660116.0
35.0,27670748.0
34.0,27681364.0
39.0,27691980.0
38.0,27702604.0
36.0,27713228.0
35.0,27723856.0
34.0,27734476.0
33.0,27745092.0
32.0,27755724.0
32.0,27766340.0
33.0,27776956.0
31.0,27787580.0
31.0,27798196.0
32.0,27808824.0
31.0,27819444.0
30.0,27830060.0
30.0,27840684.0
32.0,27851300.0
32.0,27861924.0
30.0,27872548.0
33.0,27883172.0
32.0,27893800.0
30.0,27904420.0
31.0,27915036.0
30.0,27925660.0
30.0,27936276.0
29.0,27946892.0
28.0,27957516.0
30.0,27968132.0
30.0,27978760.0
31.0,27989380.0
32.0,27999996.0
31.0,28010620.0
30.0,28021236.0
30.0,28031852.0
31.0,28042476.0
31.0,28053100.0
32.0,28063724.0
31.0,28074348.0
30.0,28084964.0
31.0,28095592.0
34.0,28106212.0
33.0,28116828.0
33.0,28127452.0
34.0,28138076.0
34.0,28148700.0
33.0,28159332.0
36.0,28169956.0
35.0,28180584.0
34.0,28191204.0
33.0,28201820.0
32.0,28212444.0
32.0,28223068.0
31.0,28233684.0
30.0,28244308.0
30.0,28254924.0
30.0,28265552.0
31.0,28276172.0
30.0,28286788.0
34.0,28297420.0
33.0,28308036.0
32.0,28318652.0
31.0,28329276.0
31.0,28339892.0
31.0,28350528.0
30.0,28361148.0
30.0,28371764.0
29.0,28382396.0
29.0,28393020.0
30.0,28403636.0
29.0,28414260.0
29.0,28424876.0
30.0,28435504.0
29.0,28446124.0
29.0,28456740.0
30.0,28467364.0
29.0,28477980.0
31.0,28488596.0
30.0,28499220.0
31.0,28509836.0
29.0,28520472.0
29.0,28531092.0
29.0,28541716.0
30.0,28552340.0
29.0,28562956.0
30.0,28573572.0
30.0,28584204.0
30.0,28594820.0
30.0,28605448.0
31.0,28616068.0
31.0,28626684.0
32.0,28637308.0
32.0,28647932.0
31.0,28658556.0
31.0,28669180.0
30.0,28679804.0
29.0,28690432.0
31.0,28701052.0
33.0,28711668.0
31.0,28722292.0
31.0,28732908.0
31.0,28743524.0
31.0,28754148.0
33.0,28764764.0
33.0,28775380.0
32.0,28786004.0
31.0,28796620.0
30.0,28807248.0
30.0,28817868.0
29.0,28828484.0
30.0,28839108.0
30.0,28849732.0
30.0,28860356.0
29.0,28870980.0
29.0,28881596.0
29.0,28892224.0
28.0,28902844.0
31.0,28913460.0
30.0,28924084.0
30.0,28934700.0
31.0,28945324.0
30.0,28955948.0
31.0,28966564.0
32.0,28977192.0
34.0,28987812.0
33.0,28998428.0
32.0,29009052.0
31.0,29019668.0
30.0,29030284.0
29.0,29040908.0
31.0,29051532.0
31.0,29062168.0
31.0,29072788.0
30.0,29083404.0
29.0,29094028.0
29.0,29104644.0
30.0,29115268.0
30.0,29125892.0
31.0,29136508.0
30.0,29147144.0
31.0,29157772.0
30.0,29168388.0
29.0,29179020.0
29.0,29189636.0
28.0,29200252.0
28.0,29210876.0
30.0,29221492.0
30.0,29232128.0
30.0,29242748.0
30.0,29253364.0
29.0,29263996.0
29.0,29274620.0
28.0,29285236.0
28.0,29295860.0
29.0,29306476.0
29.0,29317100.0
30.0,29327732.0
30.0,29338348.0
29.0,29348972.0
28.0,29359588.0
28.0,29370212.0
28.0,29380836.0
28.0,29391452.0
28.0,29402068.0
29.0,29412692.0
29.0,29423308.0
28.0,29433936.0
29.0,29444556.0
29.0,29455172.0
31.0,29465796.0
33.0,29476412.0
32.0,29487028.0
32.0,29497652.0
31.0,29508268.0
30.0,29518896.0
30.0,29529516.0
30.0,29540132.0
30.0,29550764.0
31.0,29561380.0
32.0,29571996.0
32.0,29582620.0
32.0,29593236.0
30.0,29603864.0
30.0,29614484.0
31.0,29625108.0
30.0,29635740.0
29.0,29646356.0
29.0,29656972.0
29.0,29667596.0
28.0,29678212.0
28.0,29688848.0
28.0,29699468.0
31.0,29710084.0
30.0,29720708.0
31.0,29731324.0
30.0,29741940.0
31.0,29752564.0
30.0,29763180.0
33.0,29773812.0
32.0,29784436.0
30.0,29795052.0
30.0,29805676.0
29.0,29816292.0
29.0,29826908.0
28.0,29837532.0
29.0,29848148.0
28.0,29858764.0
28.0,29869388.0
28.0,29880004.0
28.0,29890640.0
29.0,29901260.0
29.0,29911876.0
31.0,29922500.0
31.0,29933116.0
31.0,29943740.0
31.0,29954372.0
32.0,29964988.0
32.0,29975616.0
31.0,29986236.0
31.0,29996852.0
31.0,30007484.0
32.0,30018100.0
32.0,30028716.0
31.0,30039340.0
32.0,30049964.0
31.0,30060592.0
32.0,30071212.0
34.0,30081836.0
34.0,30092468.0
35.0,30103092.0
34.0,30113716.0
33.0,30124348.0
35.0,30134972.0
38.0,30145600.0
38.0,30156220.0
36.0,30166844.0
35.0,30177468.0
35.0,30188084.0
35.0,30198700.0
35.0,30209324.0
35.0,30219948.0
34.0,30230576.0
34.0,30241196.0
34.0,30251812.0
33.0,30262436.0
33.0,30273052.0
33.0,30283668.0
33.0,30294292.0
34.0,30304916.0
32.0,30315544.0
32.0,30326164.0
32.0,30336780.0
33.0,30347404.0
32.0,30358028.0
32.0,30368652.0
33.0,30379276.0
32.0,30389900.0
32.0,30400528.0
32.0,30411148.0
33.0,30421772.0
32.0,30432396.0
33.0,30443012.0
34.0,30453636.0
34.0,30464260.0
34.0,30474876.0
34.0,30485512.0
34.0,30496140.0
33.0,30506756.0
32.0,30517380.0
33.0,30527996.0
34.0,30538620.0
33.0,30549244.0
34.0,30559868.0
34.0,30570496.0
34.0,30581116.0
33.0,30591740.0
34.0,30602372.0
37.0,30612996.0
35.0,30623620.0
35.0,30634244.0
35.0,30644868.0
34.0,30655496.0
35.0,30666116.0
33.0,30676740.0
33.0,30687364.0
35.0,30697988.0
35.0,30708612.0
36.0,30719236.0
35.0,30729860.0
34.0,30740488.0
34.0,30751108.0
33.0,30761724.0
34.0,30772348.0
35.0,30782964.0
35.0,30793580.0
35.0,30804212.0
33.0,30814828.0
34.0,30825452.0
34.0,30836076.0
33.0,30846692.0
33.0,30857320.0
33.0,30867940.0
33.0,30878556.0
32.0,30889188.0
34.0,30899804.0
36.0,30910420.0
35.0,30921052.0
34.0,30931668.0
34.0,30942296.0
34.0,30952916.0
34.0,30963540.0
34.0,30974172.0
34.0,30984796.0
35.0,30995420.0
35.0,31006044.0
34.0,31016668.0
35.0,31027296.0
34.0,31037916.0
35.0,31048540.0
33.0,31059164.0
34.0,31069788.0
34.0,31080404.0
33.0,31091028.0
33.0,31101652.0
33.0,31112280.0
34.0,31122908.0
33.0,31133532.0
34.0,31144156.0
34.0,31154772.0
33.0,31165396.0
32.0,31176020.0
33.0,31186636.0
32.0,31197264.0
32.0,31207884.0
32.0,31218500.0
31.0,31229124.0
32.0,31239748.0
31.0,31250364.0
31.0,31260988.0
33.0,31271604.0
33.0,31282232.0
32.0,31292852.0
32.0,31303476.0
33.0,31314100.0
33.0,31324716.0
33.0,31335340.0
34.0,31345964.0
33.0,31356580.0
33.0,31367208.0
32.0,31377828.0
34.0,31388444.0
34.0,31399068.0
34.0,31409684.0
32.0,31420300.0
32.0,31430924.0
31.0,31441548.0
32.0,31452176.0
32.0,31462804.0
31.0,31473428.0
32.0,31484052.0
32.0,31494668.0
31.0,31505284.0
31.0,31515908.0
31.0,31526532.0
31.0,31537160.0
32.0,31547788.0
33.0,31558404.0
33.0,31569028.0
33.0,31579644.0
32.0,31590260.0
31.0,31600884.0
31.0,31611500.0
31.0,31622124.0
31.0,31632748.0
33.0,31643364.0
34.0,31653996.0
33.0,31664620.0
34.0,31675244.0
33.0,31685868.0
33.0,31696484.0
32.0,31707100.0
31.0,31717732.0
32.0,31728356.0
32.0,31738984.0
32.0,31749604.0
34.0,31760220.0
32.0,31770844.0
33.0,31781460.0
32.0,31792084.0
33.0,31802708.0
33.0,31813332.0
32.0,31823960.0
32.0,31834580.0
32.0,31845204.0
31.0,31855836.0
32.0,31866460.0
32.0,31877084.0
34.0,31887716.0
34.0,31898340.0
33.0,31908968.0
32.0,31919596.0
33.0,31930220.0
33.0,31940844.0
32.0,31951468.0
32.0,31962092.0
31.0,31972716.0
33.0,31983340.0
31.0,31993964.0
31.0,32004588.0
31.0,32015204.0
31.0,32025828.0
32.0,32036444.0
32.0,32047060.0
33.0,32057684.0
32.0,32068300.0
32.0,32078928.0
32.0,32089548.0
32.0,32100164.0
32.0,32110788.0
33.0,32121404.0
32.0,32132020.0
32.0,32142644.0
32.0,32153260.0
32.0,32163888.0
32.0,32174508.0
32.0,32185132.0
31.0,32195756.0
32.0,32206380.0
33.0,32216996.0
33.0,32227620.0
32.0,32238236.0
31.0,32248864.0
32.0,32259484.0
32.0,32270100.0
32.0,32280732.0
31.0,32291348.0
33.0,32301964.0
32.0,32312588.0
33.0,32323204.0
33.0,32333832.0
36.0,32344452.0
36.0,32355068.0
38.0,32365692.0
40.0,32376308.0
44.0,32386924.0
42.0,32397548.0
48.0,32408164.0
45.0,32418788.0
48.0,32429412.0
55.0,32440028.0
58.0,32450664.0
60.0,32461284.0
64.0,32471900.0
70.0,32482524.0
71.0,32493140.0
90.0,32503756.0
100.0,32514424.0
119.0,32525096.0
120.0,32535776.0
123.0,32546448.0
122.0,32557132.0
133.0,32567808.0
126.0,32578480.0
123.0,32589160.0
147.0,32599832.0
176.0,32610512.0
175.0,32621184.0
174.0,32631868.0
159.0,32642544.0
159.0,32653216.0
166.0,32663896.0
160.0,32674568.0
167.0,32685248.0
159.0,32695920.0
156.0,32706608.0
157.0,32717280.0
165.0,32727952.0
156.0,32738632.0
172.0,32749304.0
166.0,32759984.0
157.0,32770664.0
157.0,32781344.0
174.0,32792008.0
191.0,32802680.0
196.0,32813352.0
196.0,32824024.0
232.0,32834704.0
213.0,32845368.0
192.0,32856040.0
179.0,32866712.0
173.0,32877384.0
157.0,32888056.0
181.0,32898728.0
178.0,32909404.0
167.0,32920072.0
176.0,32930744.0
161.0,32941424.0
146.0,32952096.0
161.0,32962776.0
177.0,32973448.0
193.0,32984128.0
218.0,32994792.0
207.0,33005464.0
192.0,33016136.0
196.0,33026808.0
197.0,33037480.0
222.0,33048152.0
201.0,33058828.0
208.0,33069496.0
192.0,33080168.0
173.0,33090848.0
164.0,33101520.0
158.0,33112200.0
146.0,33122872.0
169.0,33133544.0
172.0,33144224.0
161.0,33154896.0
143.0,33165576.0
149.0,33176248.0
136.0,33186932.0
140.0,33197608.0
132.0,33208280.0
124.0,33218960.0
134.0,33229632.0
150.0,33240312.0
147.0,33250984.0
151.0,33261672.0
150.0,33272344.0
146.0,33283016.0
144.0,33293688.0
149.0,33304360.0
147.0,33315032.0
152.0,33325704.0
143.0,33336388.0
135.0,33347064.0
137.0,33357736.0
123.0,33368416.0
146.0,33379088.0
145.0,33389768.0
141.0,33400440.0
139.0,33411124.0
155.0,33421800.0
159.0,33432472.0
147.0,33443152.0
144.0,33453824.0
131.0,33464504.0
132.0,33475176.0
138.0,33485864.0
141.0,33496536.0
131.0,33507208.0
146.0,33517880.0
145.0,33528552.0
131.0,33539232.0
139.0,33549904.0
133.0,33560580.0
168.0,33571256.0
163.0,33581928.0
150.0,33592608.0
139.0,33603280.0
133.0,33613960.0
131.0,33624624.0
128.0,33635296.0
157.0,33645968.0
135.0,33656640.0
130.0,33667320.0
119.0,33677992.0
136.0,33688676.0
133.0,33699352.0
136.0,33710024.0
136.0,33720704.0
132.0,33731376.0
160.0,33742056.0
135.0,33752728.0
126.0,33763412.0
125.0,33774088.0
120.0,33784760.0
121.0,33795440.0
128.0,33806112.0
127.0,33816784.0
138.0,33827456.0
177.0,33838140.0
168.0,33848816.0
160.0,33859488.0
148.0,33870168.0
146.0,33880840.0
137.0,33891520.0
134.0,33902192.0
129.0,33912876.0
134.0,33923552.0
132.0,33934224.0
130.0,33944904.0
125.0,33955576.0
140.0,33966256.0
152.0,33976928.0
146.0,33987608.0
138.0,33998280.0
139.0,34008952.0
130.0,34019632.0
132.0,34030304.0
141.0,34040984.0
140.0,34051656.0
141.0,34062332.0
141.0,34073008.0
131.0,34083680.0
134.0,34094352.0
142.0,34105024.0
152.0,34115712.0
135.0,34126384.0
140.0,34137056.0
142.0,34147736.0
153.0,34158408.0
158.0,34169096.0
152.0,34179768.0
165.0,34190452.0
163.0,34201128.0
149.0,34211800.0
139.0,34222480.0
152.0,34233152.0
149.0,34243832.0
130.0,34254504.0
124.0,34265188.0
125.0,34275864.0
125.0,34286536.0
128.0,34297216.0
124.0,34307888.0
125.0,34318568.0
136.0,34329240.0
126.0,34339924.0
112.0,34350600.0
117.0,34361272.0
112.0,34371952.0
128.0,34382624.0
119.0,34393304.0
121.0,34403976.0
133.0,34414660.0
143.0,34425336.0
125.0,34436008.0
128.0,34446680.0
127.0,34457352.0
140.0,34468032.0
141.0,34478704.0
135.0,34489388.0
128.0,34500064.0
132.0,34510736.0
144.0,34521416.0
136.0,34532088.0
141.0,34542768.0
177.0,34553440.0
174.0,34564116.0
162.0,34574792.0
149.0,34585464.0
146.0,34596144.0
158.0,34606816.0
140.0,34617496.0
141.0,34628168.0
130.0,34638844.0
122.0,34649520.0
132.0,34660192.0
150.0,34670872.0
134.0,34681544.0
125.0,34692228.0
136.0,34702904.0
138.0,34713576.0
121.0,34724256.0
122.0,34734928.0
148.0,34745608.0
145.0,34756280.0
137.0,34766968.0
128.0,34777640.0
121.0,34788312.0
114.0,34798992.0
104.0,34809664.0
102.0,34820344.0
103.0,34831016.0
115.0,34841700.0
112.0,34852368.0
118.0,34863040.0
112.0,34873720.0
104.0,34884392.0
97.0,34895028.0
109.0,34905688.0
103.0,34916364.0
104.0,34927040.0
110.0,34937712.0
120.0,34948392.0
136.0,34959064.0
129.0,34969748.0
123.0,34980424.0
117.0,34991100.0
111.0,35001776.0
113.0,35012448.0
116.0,35023128.0
121.0,35033800.0
123.0,35044484.0
122.0,35055160.0
110.0,35065832.0
108.0,35076512.0
123.0,35087184.0
153.0,35097864.0
139.0,35108536.0
130.0,35119220.0
126.0,35129896.0
136.0,35140568.0
134.0,35151248.0
126.0,35161920.0
123.0,35172600.0
112.0,35183272.0
115.0,35193956.0
132.0,35204632.0
126.0,35215304.0
119.0,35225984.0
115.0,35236656.0
121.0,35247336.0
120.0,35258008.0
115.0,35268692.0
105.0,35279368.0
99.0,35289996.0
106.0,35300664.0
123.0,35311336.0
116.0,35322016.0
117.0,35332688.0
109.0,35343364.0
115.0,35354040.0
114.0,35364712.0
115.0,35375392.0
104.0,35386064.0
106.0,35396748.0
117.0,35407424.0
121.0,35418096.0
111.0,35428776.0
123.0,35439448.0
112.0,35450128.0
103.0,35460800.0
97.0,35471440.0
94.0,35482060.0
105.0,35492720.0
103.0,35503400.0
94.0,35514028.0
88.0,35524656.0
84.0,35535276.0
92.0,35545892.0
85.0,35556524.0
96.0,35567140.0
96.0,35577764.0
104.0,35588440.0
110.0,35599112.0
120.0,35609792.0
113.0,35620464.0
101.0,35631148.0
100.0,35641824.0
106.0,35652496.0
105.0,35663176.0
105.0,35673848.0
110.0,35684528.0
103.0,35695200.0
117.0,35705876.0
138.0,35716552.0
127.0,35727224.0
118.0,35737904.0
113.0,35748576.0
134.0,35759256.0
124.0,35769928.0
116.0,35780604.0
105.0,35791280.0
109.0,35801952.0
119.0,35812632.0
109.0,35823304.0
118.0,35833988.0
129.0,35844664.0
127.0,35855336.0
111.0,35866016.0
123.0,35876688.0
137.0,35887368.0
126.0,35898040.0
131.0,35908724.0
132.0,35919400.0
123.0,35930072.0
122.0,35940752.0
124.0,35951424.0
117.0,35962104.0
124.0,35972776.0
108.0,35983460.0
109.0,35994136.0
125.0,36004808.0
121.0,36015488.0
114.0,36026160.0
109.0,36036840.0
118.0,36047512.0
114.0,36058196.0
107.0,36068872.0
112.0,36079544.0
114.0,36090224.0
127.0,36100896.0
131.0,36111568.0
122.0,36122240.0
125.0,36132916.0
113.0,36143592.0
122.0,36154264.0
116.0,36164944.0
105.0,36175616.0
113.0,36186296.0
123.0,36196968.0
122.0,36207652.0
124.0,36218328.0
128.0,36229000.0
129.0,36239680.0
116.0,36250352.0
104.0,36261032.0
103.0,36271704.0
105.0,36282380.0
113.0,36293056.0
114.0,36303728.0
114.0,36314408.0
105.0,36325080.0
107.0,36335764.0
115.0,36346440.0
106.0,36357116.0
102.0,36367792.0
101.0,36378464.0
119.0,36389144.0
117.0,36399816.0
126.0,36410500.0
143.0,36421176.0
146.0,36431848.0
141.0,36442528.0
134.0,36453200.0
131.0,36463880.0
145.0,36474552.0
129.0,36485236.0
124.0,36495912.0
120.0,36506584.0
121.0,36517264.0
132.0,36527936.0
122.0,36538616.0
115.0,36549288.0
127.0,36559972.0
151.0,36570648.0
141.0,36581320.0
132.0,36592000.0
120.0,36602672.0
120.0,36613352.0
126.0,36624024.0
125.0,36634708.0
116.0,36645384.0
119.0,36656056.0
120.0,36666736.0
110.0,36677408.0
111.0,36688088.0
106.0,36698760.0
101.0,36709444.0
108.0,36720120.0
127.0,36730792.0
125.0,36741472.0
117.0,36752144.0
114.0,36762824.0
126.0,36773496.0
121.0,36784180.0
111.0,36794856.0
107.0,36805528.0
141.0,36816208.0
132.0,36826880.0
120.0,36837560.0
115.0,36848232.0
125.0,36858916.0
117.0,36869592.0
108.0,36880264.0
100.0,36890936.0
102.0,36901608.0
114.0,36912288.0
120.0,36922960.0
122.0,36933636.0
119.0,36944312.0
110.0,36954984.0
111.0,36965664.0
108.0,36976336.0
115.0,36987020.0
101.0,36997696.0
93.0,37008324.0
121.0,37018992.0
121.0,37029664.0
117.0,37040344.0
114.0,37051016.0
119.0,37061700.0
112.0,37072376.0
102.0,37083048.0
97.0,37093684.0
107.0,37104344.0
100.0,37115028.0
100.0,37125704.0
89.0,37136332.0
96.0,37146956.0
94.0,37157572.0
88.0,37168200.0
93.0,37178820.0
92.0,37189436.0
86.0,37200060.0
89.0,37210676.0
82.0,37221292.0
102.0,37231960.0
98.0,37242588.0
115.0,37253260.0
125.0,37263936.0
122.0,37274608.0
128.0,37285288.0
122.0,37295960.0
121.0,37306640.0
121.0,37317312.0
110.0,37327996.0
103.0,37338672.0
101.0,37349344.0
106.0,37360024.0
94.0,37370652.0
94.0,37381276.0
101.0,37391936.0
112.0,37402608.0
120.0,37413288.0
107.0,37423960.0
114.0,37434640.0
122.0,37445312.0
119.0,37455996.0
108.0,37466672.0
92.0,37477300.0
110.0,37487976.0
124.0,37498648.0
128.0,37509328.0
116.0,37520000.0
109.0,37530676.0
116.0,37541352.0
106.0,37552024.0
116.0,37562704.0
118.0,37573376.0
117.0,37584056.0
104.0,37594728.0
107.0,37605412.0
125.0,37616088.0
115.0,37626760.0
107.0,37637440.0
97.0,37648068.0
100.0,37658748.0
93.0,37669380.0
84.0,37680004.0
84.0,37690628.0
91.0,37701244.0
111.0,37711924.0
109.0,37722600.0
102.0,37733272.0
110.0,37743952.0
102.0,37754624.0
103.0,37765304.0
110.0,37775976.0
115.0,37786660.0
103.0,37797336.0
98.0,37807964.0
99.0,37818596.0
93.0,37829220.0
107.0,37839884.0
97.0,37850516.0
101.0,37861176.0
91.0,37871812.0
91.0,37882436.0
95.0,37893060.0
108.0,37903728.0
125.0,37914400.0
128.0,37925080.0
110.0,37935752.0
104.0,37946436.0
117.0,37957112.0
114.0,37967784.0
136.0,37978464.0
137.0,37989136.0
136.0,37999816.0
132.0,38010488.0
132.0,38021172.0
138.0,38031848.0
124.0,38042520.0
114.0,38053200.0
106.0,38063872.0
133.0,38074552.0
141.0,38085224.0
131.0,38095908.0
126.0,38106584.0
130.0,38117256.0
120.0,38127936.0
109.0,38138608.0
128.0,38149288.0
120.0,38159960.0
114.0,38170636.0
126.0,38181312.0
145.0,38191984.0
136.0,38202664.0
170.0,38213336.0
148.0,38224020.0
134.0,38234696.0
138.0,38245376.0
134.0,38256048.0
127.0,38266720.0
128.0,38277400.0
128.0,38288072.0
136.0,38298760.0
122.0,38309432.0
130.0,38320104.0
137.0,38330784.0
123.0,38341456.0
120.0,38352136.0
110.0,38362808.0
126.0,38373492.0
117.0,38384168.0
112.0,38394840.0
111.0,38405520.0
109.0,38416192.0
108.0,38426872.0
99.0,38437500.0
103.0,38448172.0
103.0,38458848.0
102.0,38469520.0
98.0,38480156.0
98.0,38490772.0
92.0,38501400.0
95.0,38512020.0
118.0,38522688.0
122.0,38533368.0
121.0,38544040.0
116.0,38554716.0
110.0,38565392.0
103.0,38576064.0
107.0,38586744.0
116.0,38597416.0
128.0,38608096.0
126.0,38618768.0
118.0,38629452.0
105.0,38640128.0
94.0,38650756.0
85.0,38661380.0
73.0,38671996.0
66.0,38682624.0
62.0,38693244.0
58.0,38703860.0
57.0,38714484.0
63.0,38725100.0
69.0,38735716.0
63.0,38746348.0
69.0,38756972.0
65.0,38767596.0
62.0,38778220.0
66.0,38788844.0
65.0,38799468.0
63.0,38810092.0
59.0,38820708.0
59.0,38831340.0
56.0,38841964.0
55.0,38852588.0
52.0,38863212.0
49.0,38873836.0
47.0,38884460.0
43.0,38895084.0
43.0,38905708.0
44.0,38916332.0
43.0,38926948.0
44.0,38937564.0
42.0,38948196.0
42.0,38958812.0
41.0,38969440.0
39.0,38980060.0
39.0,38990676.0
40.0,39001308.0
38.0,39011932.0
37.0,39022556.0
40.0,39033180.0
39.0,39043804.0
41.0,39054440.0
39.0,39065060.0
40.0,39075684.0
38.0,39086316.0
36.0,39096940.0
35.0,39107564.0
34.0,39118196.0
33.0,39128820.0
31.0,39139444.0
31.0,39150068.0
34.0,39160692.0
35.0,39171324.0
34.0,39181940.0
35.0,39192564.0
35.0,39203188.0
33.0,39213812.0
33.0,39224436.0
33.0,39235052.0
33.0,39245676.0
33.0,39256300.0
32.0,39266924.0
31.0,39277548.0
30.0,39288172.0
30.0,39298796.0
29.0,39309420.0
30.0,39320044.0
31.0,39330668.0
33.0,39341292.0
34.0,39351908.0
32.0,39362532.0
31.0,39373156.0
30.0,39383772.0
30.0,39394400.0
30.0,39405020.0
30.0,39415636.0
31.0,39426268.0
31.0,39436884.0
30.0,39447500.0
29.0,39458124.0
28.0,39468740.0
29.0,39479368.0
30.0,39489988.0
30.0,39500604.0
29.0,39511228.0
29.0,39521844.0
29.0,39532460.0
28.0,39543084.0
29.0,39553700.0
30.0,39564336.0
29.0,39574964.0
29.0,39585588.0
29.0,39596212.0
30.0,39606836.0
29.0,39617452.0
29.0,39628076.0
29.0,39638700.0
29.0,39649328.0
29.0,39659948.0
29.0,39670564.0
29.0,39681188.0
28.0,39691812.0
29.0,39702428.0
29.0,39713052.0
29.0,39723668.0
29.0,39734296.0
30.0,39744916.0
29.0,39755532.0
29.0,39766156.0
31.0,39776780.0
31.0,39787396.0
32.0,39798028.0
31.0,39808652.0
31.0,39819280.0
31.0,39829900.0
31.0,39840524.0
31.0,39851148.0
31.0,39861772.0
31.0,39872388.0
30.0,39883012.0
31.0,39893636.0
30.0,39904264.0
29.0,39914892.0
29.0,39925516.0
30.0,39936140.0
32.0,39946756.0
32.0,39957372.0
31.0,39968004.0
30.0,39978620.0
30.0,39989248.0
31.0,39999868.0
30.0,40010492.0
31.0,40021116.0
31.0,40031732.0
31.0,40042348.0
30.0,40052972.0
31.0,40063588.0
30.0,40074212.0
29.0,40084836.0
30.0,40095460.0
30.0,40106088.0
29.0,40116708.0
29.0,40127324.0
29.0,40137948.0
30.0,40148572.0
31.0,40159188.0
30.0,40169820.0
31.0,40180436.0
31.0,40191064.0
31.0,40201684.0
31.0,40212300.0
30.0,40222924.0
30.0,40233540.0
30.0,40244156.0
30.0,40254780.0
32.0,40265396.0
32.0,40276024.0
32.0,40286644.0
31.0,40297268.0
33.0,40307892.0
33.0,40318508.0
32.0,40329132.0
31.0,40339756.0
30.0,40350372.0
30.0,40361000.0
31.0,40371620.0
33.0,40382236.0
32.0,40392860.0
31.0,40403476.0
31.0,40414092.0
33.0,40424716.0
34.0,40435340.0
37.0,40445968.0
36.0,40456588.0
35.0,40467204.0
34.0,40477836.0
33.0,40488460.0
34.0,40499076.0
37.0,40509700.0
38.0,40520316.0
37.0,40530944.0
35.0,40541564.0
34.0,40552188.0
33.0,40562812.0
32.0,40573436.0
32.0,40584060.0
31.0,40594684.0
31.0,40605308.0
33.0,40615936.0
31.0,40626556.0
33.0,40637180.0
32.0,40647804.0
31.0,40658420.0
31.0,40669036.0
32.0,40679660.0
31.0,40690284.0
33.0,40700908.0
34.0,40711532.0
34.0,40722156.0
33.0,40732780.0
32.0,40743404.0
32.0,40754028.0
31.0,40764652.0
31.0,40775276.0
32.0,40785900.0
32.0,40796524.0
34.0,40807148.0
35.0,40817780.0
34.0,40828396.0
33.0,40839020.0
33.0,40849652.0
32.0,40860276.0
31.0,40870900.0
30.0,40881524.0
33.0,40892148.0
33.0,40902772.0
32.0,40913396.0
33.0,40924020.0
32.0,40934644.0
32.0,40945268.0
31.0,40955892.0
31.0,40966524.0
31.0,40977140.0
30.0,40987764.0
32.0,40998380.0
31.0,41008996.0
32.0,41019620.0
33.0,41030244.0
33.0,41040860.0
34.0,41051484.0
34.0,41062100.0
33.0,41072736.0
34.0,41083356.0
33.0,41093972.0
33.0,41104604.0
31.0,41115228.0
33.0,41125844.0
35.0,41136468.0
34.0,41147084.0
33.0,41157712.0
33.0,41168332.0
32.0,41178948.0
32.0,41189572.0
32.0,41200188.0
32.0,41210804.0
34.0,41221428.0
33.0,41232052.0
32.0,41242680.0
32.0,41253300.0
32.0,41263916.0
31.0,41274540.0
32.0,41285156.0
33.0,41295772.0
36.0,41306396.0
35.0,41317012.0
36.0,41327640.0
35.0,41338260.0
34.0,41348876.0
34.0,41359500.0
33.0,41370116.0
32.0,41380740.0
32.0,41391364.0
31.0,41401980.0
31.0,41412608.0
30.0,41423228.0
30.0,41433844.0
30.0,41444476.0
30.0,41455092.0
32.0,41465708.0
33.0,41476332.0
32.0,41486956.0
32.0,41497580.0
32.0,41508212.0
32.0,41518828.0
33.0,41529452.0
32.0,41540076.0
32.0,41550692.0
31.0,41561324.0
32.0,41571948.0
32.0,41582572.0
31.0,41593196.0
32.0,41603820.0
31.0,41614444.0
34.0,41625060.0
34.0,41635676.0
34.0,41646300.0
34.0,41656916.0
37.0,41667532.0
39.0,41678156.0
37.0,41688772.0
38.0,41699400.0
39.0,41710020.0
40.0,41720636.0
39.0,41731260.0
37.0,41741876.0
36.0,41752492.0
35.0,41763116.0
41.0,41773740.0
39.0,41784368.0
37.0,41794988.0
36.0,41805604.0
35.0,41816228.0
36.0,41826844.0
35.0,41837460.0
34.0,41848084.0
33.0,41858700.0
32.0,41869336.0
32.0,41879956.0
31.0,41890580.0
32.0,41901204.0
31.0,41911820.0
31.0,41922444.0
31.0,41933068.0
31.0,41943684.0
32.0,41954312.0
34.0,41964932.0
33.0,41975548.0
33.0,41986172.0
32.0,41996788.0
31.0,42007404.0
32.0,42018028.0
32.0,42028644.0
33.0,42039260.0
32.0,42049884.0
32.0,42060500.0
31.0,42071136.0
30.0,42081756.0
31.0,42092380.0
33.0,42103004.0
32.0,42113620.0
31.0,42124236.0
31.0,42134860.0
31.0,42145476.0
30.0,42156112.0
31.0,42166732.0
32.0,42177348.0
32.0,42187972.0
31.0,42198596.0
31.0,42209212.0
30.0,42219836.0
30.0,42230452.0
31.0,42241080.0
31.0,42251700.0
32.0,42262324.0
31.0,42272948.0
31.0,42283572.0
30.0,42294188.0
30.0,42304812.0
32.0,42315428.0
31.0,42326068.0
31.0,42336684.0
31.0,42347308.0
32.0,42357932.0
30.0,42368548.0
31.0,42379172.0
32.0,42389796.0
33.0,42400412.0
32.0,42411044.0
31.0,42421660.0
32.0,42432276.0
32.0,42442900.0
33.0,42453524.0
33.0,42464140.0
33.0,42474764.0
33.0,42485380.0
32.0,42496016.0
32.0,42506636.0
32.0,42517252.0
35.0,42527876.0
35.0,42538492.0
36.0,42549108.0
36.0,42559732.0
35.0,42570356.0
34.0,42580992.0
34.0,42591612.0
34.0,42602236.0
33.0,42612860.0
33.0,42623476.0
32.0,42634092.0
34.0,42644716.0
33.0,42655332.0
32.0,42665948.0
33.0,42676572.0
33.0,42687196.0
33.0,42697832.0
33.0,42708452.0
35.0,42719068.0
34.0,42729692.0
33.0,42740308.0
33.0,42750924.0
33.0,42761556.0
33.0,42772172.0
33.0,42782800.0
33.0,42793420.0
32.0,42804036.0
31.0,42814660.0
32.0,42825276.0
31.0,42835892.0
31.0,42846516.0
32.0,42857132.0
31.0,42867760.0
32.0,42878380.0
31.0,42889004.0
31.0,42899628.0
32.0,42910244.0
31.0,42920860.0
32.0,42931484.0
33.0,42942100.0
33.0,42952728.0
34.0,42963348.0
33.0,42973964.0
32.0,42984588.0
32.0,42995204.0
33.0,43005820.0
32.0,43016444.0
32.0,43027068.0
31.0,43037696.0
32.0,43048316.0
33.0,43058932.0
33.0,43069556.0
32.0,43080172.0
32.0,43090788.0
33.0,43101412.0
33.0,43112028.0
32.0,43122644.0
32.0,43133268.0
32.0,43143884.0
32.0,43154512.0
32.0,43165132.0
31.0,43175748.0
33.0,43186372.0
32.0,43196996.0
36.0,43207620.0
34.0,43218244.0
34.0,43228868.0
34.0,43239496.0
34.0,43250116.0
34.0,43260732.0
33.0,43271356.0
34.0,43281972.0
32.0,43292588.0
33.0,43303212.0
33.0,43313828.0
33.0,43324456.0
34.0,43335076.0
33.0,43345692.0
34.0,43356316.0
33.0,43366932.0
33.0,43377548.0
34.0,43388172.0
34.0,43398788.0
34.0,43409424.0
33.0,43420044.0
33.0,43430668.0
32.0,43441292.0
32.0,43451908.0
34.0,43462524.0
32.0,43473148.0
33.0,43483764.0
32.0,43494388.0
32.0,43505012.0
33.0,43515628.0
33.0,43526252.0
32.0,43536876.0
31.0,43547492.0
32.0,43558116.0
31.0,43568732.0
31.0,43579348.0
31.0,43589972.0
31.0,43600588.0
30.0,43611216.0
30.0,43621836.0
31.0,43632452.0
32.0,43643076.0
34.0,43653692.0
33.0,43664308.0
33.0,43674932.0
32.0,43685548.0
32.0,43696184.0
34.0,43706804.0
33.0,43717420.0
33.0,43728044.0
33.0,43738660.0
33.0,43749276.0
33.0,43759900.0
34.0,43770524.0
32.0,43781152.0
32.0,43791772.0
32.0,43802388.0
32.0,43813020.0
31.0,43823636.0
32.0,43834260.0
31.0,43844884.0
35.0,43855508.0
34.0,43866136.0
33.0,43876756.0
34.0,43887380.0
33.0,43898004.0
34.0,43908620.0
33.0,43919244.0
33.0,43929868.0
32.0,43940492.0
34.0,43951128.0
33.0,43961756.0
33.0,43972372.0
36.0,43982996.0
35.0,43993620.0
35.0,44004236.0
35.0,44014860.0
34.0,44025476.0
33.0,44036104.0
34.0,44046724.0
33.0,44057340.0
33.0,44067964.0
32.0,44078580.0
36.0,44089196.0
35.0,44099820.0
35.0,44110436.0
34.0,44121052.0
33.0,44131676.0
33.0,44142300.0
34.0,44152928.0
35.0,44163548.0
34.0,44174172.0
33.0,44184796.0
33.0,44195420.0
33.0,44206036.0
33.0,44216668.0
34.0,44227284.0
33.0,44237912.0
32.0,44248532.0
33.0,44259156.0
31.0,44269788.0
32.0,44280404.0
30.0,44291020.0
31.0,44301644.0
31.0,44312260.0
31.0,44322888.0
32.0,44333508.0
32.0,44344124.0
31.0,44354748.0
31.0,44365364.0
32.0,44375980.0
31.0,44386604.0
31.0,44397220.0
32.0,44407848.0
31.0,44418476.0
32.0,44429092.0
31.0,44439724.0
31.0,44450348.0
31.0,44460964.0
32.0,44471588.0
32.0,44482212.0
31.0,44492840.0
31.0,44503460.0
30.0,44514076.0
31.0,44524700.0
31.0,44535324.0
32.0,44545948.0
33.0,44556572.0
33.0,44567196.0
32.0,44577824.0
32.0,44588444.0
32.0,44599060.0
33.0,44609684.0
33.0,44620308.0
34.0,44630932.0
34.0,44641564.0
34.0,44652180.0
32.0,44662808.0
34.0,44673428.0
33.0,44684044.0
32.0,44694676.0
32.0,44705292.0
31.0,44715908.0
31.0,44726532.0
30.0,44737156.0
32.0,44747784.0
30.0,44758404.0
32.0,44769020.0
32.0,44779644.0
32.0,44790260.0
31.0,44800884.0
31.0,44811508.0
32.0,44822124.0
32.0,44832748.0
31.0,44843372.0
32.0,44853988.0
32.0,44864616.0
33.0,44875236.0
33.0,44885852.0
32.0,44896476.0
32.0,44907100.0
31.0,44917716.0
31.0,44928340.0
31.0,44938956.0
31.0,44949584.0
32.0,44960212.0
31.0,44970836.0
34.0,44981468.0
34.0,44992084.0
34.0,45002700.0
33.0,45013324.0
32.0,45023948.0
32.0,45034576.0
32.0,45045204.0
33.0,45055828.0
32.0,45066460.0
31.0,45077076.0
32.0,45087700.0
31.0,45098324.0
31.0,45108940.0
31.0,45119568.0
31.0,45130188.0
31.0,45140804.0
31.0,45151428.0
32.0,45162044.0
33.0,45172660.0
33.0,45183284.0
31.0,45193908.0
31.0,45204536.0
31.0,45215156.0
30.0,45225780.0
32.0,45236404.0
31.0,45247020.0
34.0,45257636.0
33.0,45268260.0
32.0,45278876.0
31.0,45289504.0
30.0,45300124.0
31.0,45310740.0
31.0,45321364.0
31.0,45331980.0
32.0,45342604.0
32.0,45353236.0
31.0,45363852.0
30.0,45374480.0
31.0,45385100.0
32.0,45395716.0
31.0,45406340.0
33.0,45416964.0
32.0,45427580.0
33.0,45438204.0
33.0,45448828.0
35.0,45459464.0
34.0,45470084.0
33.0,45480700.0
33.0,45491324.0
37.0,45501940.0
36.0,45512564.0
35.0,45523188.0
34.0,45533812.0
35.0,45544436.0
34.0,45555068.0
34.0,45565692.0
34.0,45576316.0
34.0,45586932.0
34.0,45597548.0
35.0,45608172.0
34.0,45618788.0
34.0,45629412.0
34.0,45640036.0
33.0,45650652.0
32.0,45661280.0
32.0,45671900.0
32.0,45682516.0
34.0,45693148.0
33.0,45703764.0
32.0,45714380.0
35.0,45725012.0
34.0,45735628.0
35.0,45746256.0
33.0,45756884.0
36.0,45767508.0
36.0,45778140.0
37.0,45788756.0
35.0,45799380.0
35.0,45810012.0
35.0,45820636.0
37.0,45831264.0
37.0,45841892.0
37.0,45852516.0
35.0,45863148.0
36.0,45873772.0
35.0,45884396.0
34.0,45895020.0
37.0,45905636.0
35.0,45916264.0
36.0,45926884.0
36.0,45937508.0
39.0,45948132.0
39.0,45958756.0
38.0,45969372.0
38.0,45979996.0
41.0,45990620.0
43.0,46001248.0
43.0,46011868.0
44.0,46022484.0
42.0,46033116.0
44.0,46043740.0
45.0,46054356.0
43.0,46064980.0
40.0,46075596.0
41.0,46086224.0
47.0,46096844.0
48.0,46107460.0
48.0,46118084.0
48.0,46128700.0
46.0,46139324.0
49.0,46149948.0
48.0,46160564.0
52.0,46171192.0
51.0,46181820.0
53.0,46192436.0
54.0,46203068.0
60.0,46213684.0
65.0,46224300.0
64.0,46234924.0
64.0,46245540.0
105.0,46256212.0
103.0,46266888.0
135.0,46277560.0
156.0,46288240.0
174.0,46298912.0
182.0,46309592.0
173.0,46320264.0
163.0,46330948.0
154.0,46341624.0
149.0,46352296.0
133.0,46362976.0
126.0,46373648.0
139.0,46384328.0
136.0,46395000.0
159.0,46405688.0
148.0,46416360.0
144.0,46427032.0
134.0,46437712.0
127.0,46448384.0
149.0,46459064.0
151.0,46469736.0
142.0,46480420.0
168.0,46491096.0
164.0,46501768.0
163.0,46512448.0
155.0,46523120.0
169.0,46533800.0
161.0,46544472.0
164.0,46555148.0
159.0,46565824.0
186.0,46576496.0
198.0,46587176.0
201.0,46597848.0
215.0,46608532.0
209.0,46619208.0
192.0,46629884.0
173.0,46640560.0
180.0,46651232.0
162.0,46661912.0
156.0,46672584.0
144.0,46683268.0
146.0,46693944.0
158.0,46704616.0
156.0,46715296.0
152.0,46725968.0
162.0,46736648.0
193.0,46747320.0
176.0,46758004.0
170.0,46768680.0
185.0,46779352.0
181.0,46790032.0
165.0,46800704.0
156.0,46811384.0
138.0,46822056.0
144.0,46832740.0
143.0,46843416.0
158.0,46854088.0
137.0,46864768.0
133.0,46875440.0
134.0,46886120.0
139.0,46896792.0
136.0,46907476.0
126.0,46918152.0
129.0,46928824.0
122.0,46939504.0
139.0,46950176.0
150.0,46960856.0
133.0,46971528.0
123.0,46982212.0
130.0,46992888.0
136.0,47003560.0
128.0,47014240.0
120.0,47024912.0
113.0,47035592.0
112.0,47046264.0
109.0,47056948.0
108.0,47067624.0
120.0,47078296.0
124.0,47088976.0
158.0,47099648.0
154.0,47110328.0
134.0,47121000.0
125.0,47131684.0
141.0,47142360.0
136.0,47153032.0
146.0,47163712.0
145.0,47174384.0
135.0,47185064.0
130.0,47195736.0
127.0,47206412.0
118.0,47217080.0
119.0,47227752.0
159.0,47238432.0
146.0,47249104.0
156.0,47259792.0
140.0,47270464.0
140.0,47281136.0
145.0,47291816.0
153.0,47302488.0
134.0,47313168.0
148.0,47323840.0
161.0,47334524.0
146.0,47345200.0
147.0,47355872.0
146.0,47366552.0
142.0,47377224.0
140.0,47387912.0
139.0,47398584.0
146.0,47409268.0
136.0,47419944.0
126.0,47430616.0
118.0,47441296.0
135.0,47451968.0
135.0,47462648.0
130.0,47473320.0
127.0,47484004.0
119.0,47494680.0
132.0,47505352.0
129.0,47516032.0
124.0,47526704.0
133.0,47537384.0
114.0,47548056.0
111.0,47558740.0
131.0,47569416.0
138.0,47580088.0
128.0,47590768.0
121.0,47601440.0
145.0,47612120.0
130.0,47622792.0
125.0,47633476.0
123.0,47644152.0
124.0,47654824.0
110.0,47665504.0
112.0,47676176.0
104.0,47686856.0
111.0,47697528.0
106.0,47708212.0
114.0,47718888.0
109.0,47729560.0
111.0,47740240.0
130.0,47750912.0
129.0,47761592.0
127.0,47772264.0
124.0,47782948.0
117.0,47793624.0
111.0,47804296.0
107.0,47814976.0
107.0,47825648.0
116.0,47836328.0
155.0,47847000.0
145.0,47857676.0
157.0,47868352.0
146.0,47879024.0
135.0,47889704.0
124.0,47900376.0
116.0,47911060.0
117.0,47921736.0
102.0,47932412.0
99.0,47943044.0
113.0,47953704.0
104.0,47964384.0
107.0,47975056.0
111.0,47985740.0
120.0,47996416.0
120.0,48007088.0
128.0,48017760.0
131.0,48028432.0
133.0,48039112.0
137.0,48049784.0
176.0,48060468.0
168.0,48071144.0
155.0,48081816.0
150.0,48092496.0
154.0,48103168.0
145.0,48113848.0
134.0,48124520.0
129.0,48135204.0
130.0,48145880.0
130.0,48156552.0
129.0,48167232.0
143.0,48177904.0
142.0,48188584.0
137.0,48199256.0
131.0,48209932.0
141.0,48220608.0
137.0,48231280.0
148.0,48241960.0
137.0,48252632.0
135.0,48263316.0
157.0,48273992.0
145.0,48284668.0
147.0,48295344.0
143.0,48306016.0
151.0,48316696.0
133.0,48327368.0
136.0,48338052.0
146.0,48348728.0
147.0,48359400.0
145.0,48370080.0
153.0,48380752.0
144.0,48391432.0
152.0,48402104.0
156.0,48412792.0
163.0,48423464.0
145.0,48434136.0
142.0,48444816.0
141.0,48455488.0
132.0,48466168.0
122.0,48476840.0
149.0,48487524.0
142.0,48498200.0
137.0,48508872.0
134.0,48519552.0
147.0,48530224.0
142.0,48540904.0
129.0,48551576.0
122.0,48562260.0
140.0,48572936.0
145.0,48583608.0
139.0,48594288.0
129.0,48604960.0
158.0,48615640.0
141.0,48626312.0
133.0,48637000.0
122.0,48647672.0
118.0,48658344.0
122.0,48669024.0
113.0,48679696.0
108.0,48690376.0
97.0,48701004.0
98.0,48711628.0
103.0,48722304.0
102.0,48732976.0
107.0,48743656.0
107.0,48754328.0
117.0,48765012.0
116.0,48775688.0
129.0,48786360.0
140.0,48797040.0
135.0,48807712.0
126.0,48818392.0
119.0,48829064.0
123.0,48839748.0
131.0,48850424.0
130.0,48861096.0
130.0,48871776.0
129.0,48882448.0
125.0,48893128.0
112.0,48903800.0
113.0,48914484.0
114.0,48925160.0
109.0,48935832.0
118.0,48946512.0
126.0,48957184.0
139.0,48967864.0
123.0,48978536.0
120.0,48989220.0
130.0,48999896.0
119.0,49010568.0
122.0,49021248.0
121.0,49031920.0
118.0,49042600.0
138.0,49053272.0
136.0,49063948.0
135.0,49074624.0
118.0,49085296.0
120.0,49095976.0
114.0,49106648.0
129.0,49117332.0
119.0,49128008.0
117.0,49138684.0
114.0,49149360.0
114.0,49160040.0
120.0,49170712.0
122.0,49181384.0
122.0,49192068.0
130.0,49202744.0
124.0,49213416.0
116.0,49224096.0
112.0,49234768.0
111.0,49245448.0
101.0,49256120.0
124.0,49266804.0
127.0,49277480.0
115.0,49288152.0
112.0,49298832.0
119.0,49309504.0
117.0,49320184.0
125.0,49330856.0
115.0,49341544.0
112.0,49352216.0
112.0,49362888.0
107.0,49373568.0
97.0,49384196.0
99.0,49394828.0
107.0,49405496.0
103.0,49416168.0
107.0,49426848.0
108.0,49437520.0
118.0,49448200.0
115.0,49458872.0
114.0,49469556.0
119.0,49480232.0
116.0,49490904.0
125.0,49501584.0
113.0,49512256.0
117.0,49522936.0
122.0,49533608.0
130.0,49544296.0
112.0,49554968.0
114.0,49565640.0
117.0,49576320.0
126.0,49586992.0
123.0,49597672.0
114.0,49608344.0
100.0,49619028.0
98.0,49629660.0
107.0,49640320.0
107.0,49651000.0
97.0,49661628.0
94.0,49672256.0
97.0,49682876.0
89.0,49693492.0
106.0,49704168.0
107.0,49714840.0
127.0,49725524.0
133.0,49736200.0
129.0,49746872.0
118.0,49757552.0
139.0,49768224.0
133.0,49778904.0
122.0,49789576.0
131.0,49800264.0
133.0,49810936.0
138.0,49821608.0
148.0,49832288.0
138.0,49842960.0
128.0,49853640.0
127.0,49864312.0
135.0,49874996.0
136.0,49885672.0
129.0,49896344.0
148.0,49907024.0
146.0,49917696.0
138.0,49928376.0
150.0,49939048.0
149.0,49949732.0
145.0,49960408.0
135.0,49971080.0
133.0,49981760.0
124.0,49992432.0
140.0,50003112.0
139.0,50013784.0
129.0,50024460.0
130.0,50035136.0
124.0,50045808.0
131.0,50056488.0
144.0,50067160.0
136.0,50077844.0
137.0,50088520.0
123.0,50099196.0
112.0,50109872.0
116.0,50120544.0
124.0,50131224.0
120.0,50141896.0
114.0,50152580.0
130.0,50163256.0
136.0,50173928.0
135.0,50184608.0
126.0,50195280.0
134.0,50205960.0
154.0,50216632.0
139.0,50227316.0
145.0,50237992.0
137.0,50248664.0
132.0,50259344.0
125.0,50270016.0
120.0,50280696.0
116.0,50291368.0
115.0,50302052.0
124.0,50312728.0
130.0,50323400.0
138.0,50334080.0
162.0,50344752.0
150.0,50355432.0
148.0,50366104.0
138.0,50376788.0
132.0,50387464.0
135.0,50398136.0
142.0,50408816.0
147.0,50419488.0
131.0,50430168.0
116.0,50440840.0
110.0,50451524.0
104.0,50462200.0
106.0,50472872.0
95.0,50483508.0
96.0,50494124.0
93.0,50504752.0
94.0,50515372.0
99.0,50525988.0
118.0,50536656.0
112.0,50547328.0
100.0,50558012.0
116.0,50568688.0
117.0,50579360.0
134.0,50590040.0
133.0,50600712.0
143.0,50611392.0
129.0,50622064.0
127.0,50632748.0
143.0,50643424.0
141.0,50654096.0
136.0,50664776.0
124.0,50675448.0
135.0,50686128.0
124.0,50696800.0
122.0,50707476.0
149.0,50718152.0
138.0,50728824.0
126.0,50739504.0
141.0,50750176.0
130.0,50760856.0
123.0,50771528.0
114.0,50782204.0
130.0,50792880.0
123.0,50803552.0
120.0,50814232.0
131.0,50824904.0
128.0,50835588.0
127.0,50846264.0
118.0,50856936.0
114.0,50867616.0
110.0,50878288.0
111.0,50888968.0
101.0,50899640.0
112.0,50910324.0
114.0,50921000.0
128.0,50931672.0
132.0,50942352.0
133.0,50953024.0
122.0,50963704.0
118.0,50974376.0
120.0,50985060.0
119.0,50995736.0
130.0,51006408.0
117.0,51017088.0
115.0,51027760.0
113.0,51038440.0
105.0,51049112.0
96.0,51059752.0
103.0,51070416.0
99.0,51081044.0
105.0,51091720.0
112.0,51102392.0
112.0,51113084.0
104.0,51123760.0
112.0,51134432.0
124.0,51145112.0
120.0,51155784.0
110.0,51166472.0
135.0,51177144.0
117.0,51187832.0
131.0,51198504.0
132.0,51209176.0
123.0,51219848.0
107.0,51230520.0
117.0,51241200.0
128.0,51251872.0
142.0,51262552.0
135.0,51273224.0
128.0,51283896.0
148.0,51294568.0
146.0,51305240.0
135.0,51315920.0
138.0,51326592.0
133.0,51337280.0
128.0,51347952.0
118.0,51358624.0
120.0,51369304.0
117.0,51379976.0
123.0,51390656.0
118.0,51401328.0
122.0,51412012.0
123.0,51422688.0
128.0,51433360.0
137.0,51444040.0
118.0,51454712.0
116.0,51465392.0
100.0,51476064.0
115.0,51486744.0
116.0,51497416.0
111.0,51508088.0
111.0,51518768.0
105.0,51529440.0
102.0,51540120.0
97.0,51550748.0
113.0,51561408.0
119.0,51572088.0
142.0,51582760.0
125.0,51593440.0
111.0,51604112.0
108.0,51614796.0
114.0,51625472.0
102.0,51636144.0
111.0,51646824.0
110.0,51657496.0
96.0,51668132.0
99.0,51678748.0
109.0,51689408.0
116.0,51700088.0
107.0,51710760.0
97.0,51721396.0
102.0,51732056.0
121.0,51742732.0
134.0,51753408.0
125.0,51764080.0
127.0,51774760.0
133.0,51785432.0
123.0,51796116.0
112.0,51806792.0
111.0,51817468.0
115.0,51828144.0
140.0,51838816.0
131.0,51849496.0
135.0,51860168.0
127.0,51870852.0
123.0,51881528.0
116.0,51892200.0
117.0,51902880.0
121.0,51913552.0
116.0,51924232.0
118.0,51934904.0
120.0,51945588.0
107.0,51956264.0
96.0,51966892.0
91.0,51977516.0
91.0,51988140.0
91.0,51998768.0
89.0,52009396.0
87.0,52020012.0
96.0,52030636.0
101.0,52041296.0
94.0,52051924.0
99.0,52062556.0
100.0,52073224.0
92.0,52083860.0
87.0,52094476.0
91.0,52105100.0
114.0,52115768.0
106.0,52126440.0
106.0,52137120.0
95.0,52147748.0
105.0,52158408.0
99.0,52169044.0
108.0,52179704.0
126.0,52190384.0
119.0,52201056.0
112.0,52211732.0
99.0,52222364.0
93.0,52232988.0
94.0,52243612.0
97.0,52254228.0
94.0,52264852.0
101.0,52275520.0
101.0,52286192.0
96.0,52296828.0
84.0,52307444.0
86.0,52318060.0
91.0,52328684.0
86.0,52339300.0
86.0,52349916.0
88.0,52360540.0
89.0,52371156.0
85.0,52381784.0
107.0,52392456.0
98.0,52403084.0
91.0,52413708.0
90.0,52424332.0
98.0,52434960.0
98.0,52445580.0
91.0,52456204.0
116.0,52466872.0
112.0,52477544.0
110.0,52488228.0
110.0,52498896.0
109.0,52509568.0
97.0,52520204.0
90.0,52530820.0
114.0,52541492.0
111.0,52552160.0
109.0,52562832.0
145.0,52573504.0
135.0,52584176.0
142.0,52594848.0
135.0,52605520.0
121.0,52616196.0
120.0,52626864.0
132.0,52637536.0
136.0,52648216.0
123.0,52658888.0
121.0,52669572.0
126.0,52680248.0
114.0,52690920.0
117.0,52701600.0
118.0,52712272.0
112.0,52722952.0
114.0,52733624.0
110.0,52744308.0
104.0,52754984.0
98.0,52765612.0
106.0,52776280.0
134.0,52786952.0
138.0,52797632.0
124.0,52808304.0
116.0,52818984.0
119.0,52829656.0
132.0,52840328.0
122.0,52851000.0
122.0,52861672.0
114.0,52872352.0
114.0,52883024.0
112.0,52893700.0
119.0,52904376.0
121.0,52915048.0
114.0,52925728.0
112.0,52936400.0
112.0,52947084.0
121.0,52957760.0
118.0,52968432.0
115.0,52979112.0
157.0,52989784.0
154.0,53000464.0
140.0,53011136.0
132.0,53021820.0
114.0,53032496.0
113.0,53043168.0
121.0,53053848.0
110.0,53064520.0
99.0,53075164.0
87.0,53085788.0
84.0,53096404.0
103.0,53107072.0
117.0,53117744.0
120.0,53128424.0
108.0,53139096.0
121.0,53149780.0
120.0,53160456.0
115.0,53171128.0
127.0,53181808.0
124.0,53192480.0
114.0,53203160.0
139.0,53213832.0
143.0,53224520.0
126.0,53235192.0
125.0,53245864.0
124.0,53256544.0
125.0,53267216.0
124.0,53277888.0
121.0,53288560.0
138.0,53299236.0
128.0,53309904.0
114.0,53320576.0
123.0,53331256.0
116.0,53341928.0
107.0,53352608.0
115.0,53363280.0
121.0,53373956.0
134.0,53384632.0
134.0,53395304.0
119.0,53405984.0
152.0,53416656.0
156.0,53427344.0
154.0,53438016.0
163.0,53448688.0
158.0,53459368.0
167.0,53470040.0
173.0,53480720.0
166.0,53491392.0
158.0,53502076.0
161.0,53512752.0
141.0,53523424.0
147.0,53534104.0
137.0,53544776.0
131.0,53555456.0
143.0,53566128.0
150.0,53576816.0
133.0,53587488.0
155.0,53598160.0
154.0,53608840.0
159.0,53619512.0
158.0,53630192.0
146.0,53640864.0
144.0,53651552.0
136.0,53662224.0
149.0,53672896.0
134.0,53683576.0
152.0,53694248.0
130.0,53704928.0
111.0,53715600.0
112.0,53726284.0
116.0,53736960.0
100.0,53747632.0
88.0,53758268.0
80.0,53768892.0
72.0,53779520.0
63.0,53790140.0
59.0,53800756.0
59.0,53811388.0
54.0,53822004.0
50.0,53832620.0
46.0,53843244.0
44.0,53853860.0
43.0,53864488.0
45.0,53875108.0
43.0,53885724.0
43.0,53896348.0
41.0,53906972.0
40.0,53917588.0
41.0,53928212.0
43.0,53938828.0
42.0,53949464.0
44.0,53960084.0
41.0,53970708.0
41.0,53981332.0
41.0,53991948.0
41.0,54002564.0
45.0,54013188.0
45.0,54023812.0
42.0,54034440.0
43.0,54045060.0
41.0,54055676.0
39.0,54066300.0
41.0,54076924.0
43.0,54087540.0
48.0,54098164.0
45.0,54108788.0
49.0,54119412.0
48.0,54130036.0
46.0,54140652.0
46.0,54151276.0
44.0,54161892.0
42.0,54172508.0
40.0,54183132.0
37.0,54193748.0
40.0,54204364.0
39.0,54214988.0
39.0,54225604.0
37.0,54236232.0
36.0,54246852.0
35.0,54257468.0
35.0,54268092.0
36.0,54278716.0
35.0,54289332.0
35.0,54299956.0
34.0,54310580.0
33.0,54321208.0
32.0,54331828.0
32.0,54342452.0
32.0,54353084.0
31.0,54363708.0
31.0,54374332.0
31.0,54384956.0
30.0,54395580.0
30.0,54406208.0
30.0,54416828.0
31.0,54427444.0
30.0,54438068.0
32.0,54448684.0
32.0,54459300.0
33.0,54469924.0
32.0,54480540.0
31.0,54491168.0
31.0,54501788.0
30.0,54512404.0
30.0,54523036.0
33.0,54533652.0
33.0,54544268.0
32.0,54554892.0
32.0,54565508.0
31.0,54576144.0
32.0,54586764.0
31.0,54597380.0
30.0,54608004.0
30.0,54618620.0
30.0,54629236.0
30.0,54639868.0
30.0,54650492.0
32.0,54661120.0
32.0,54671740.0
31.0,54682364.0
30.0,54692988.0
30.0,54703604.0
30.0,54714228.0
30.0,54724852.0
31.0,54735468.0
31.0,54746092.0
30.0,54756716.0
30.0,54767340.0
30.0,54777964.0
30.0,54788588.0
29.0,54799204.0
32.0,54809828.0
32.0,54820452.0
31.0,54831068.0
31.0,54841700.0
30.0,54852316.0
30.0,54862944.0
29.0,54873564.0
29.0,54884188.0
29.0,54894812.0
28.0,54905428.0
28.0,54916052.0
28.0,54926676.0
27.0,54937300.0
28.0,54947928.0
29.0,54958548.0
28.0,54969172.0
29.0,54979804.0
30.0,54990420.0
30.0,55001036.0
29.0,55011660.0
28.0,55022284.0
31.0,55032912.0
30.0,55043532.0
30.0,55054148.0
31.0,55064772.0
31.0,55075388.0
30.0,55086004.0
31.0,55096628.0
33.0,55107244.0
31.0,55117872.0
30.0,55128500.0
32.0,55139116.0
32.0,55149740.0
32.0,55160364.0
30.0,55170980.0
32.0,55181604.0
30.0,55192220.0
30.0,55202848.0
29.0,55213468.0
29.0,55224084.0
29.0,55234716.0
28.0,55245332.0
30.0,55255948.0
28.0,55266580.0
29.0,55277196.0
29.0,55287824.0
29.0,55298444.0
28.0,55309068.0
28.0,55319692.0
28.0,55330308.0
29.0,55340924.0
29.0,55351548.0
29.0,55362172.0
28.0,55372800.0
28.0,55383420.0
29.0,55394036.0
32.0,55404668.0
31.0,55415284.0
30.0,55425900.0
31.0,55436524.0
31.0,55447148.0
30.0,55457772.0
31.0,55468396.0
31.0,55479020.0
30.0,55489644.0
31.0,55500260.0
32.0,55510884.0
31.0,55521516.0
31.0,55532132.0
30.0,55542756.0
30.0,55553380.0
29.0,55563996.0
30.0,55574624.0
29.0,55585252.0
29.0,55595876.0
29.0,55606500.0
29.0,55617116.0
29.0,55627740.0
29.0,55638364.0
29.0,55648988.0
29.0,55659616.0
30.0,55670244.0
30.0,55680868.0
29.0,55691492.0
29.0,55702116.0
29.0,55712740.0
28.0,55723364.0
28.0,55733980.0
28.0,55744616.0
28.0,55755236.0
28.0,55765852.0
28.0,55776476.0
29.0,55787092.0
28.0,55797716.0
27.0,55808340.0
27.0,55818956.0
28.0,55829584.0
29.0,55840204.0
28.0,55850828.0
29.0,55861452.0
28.0,55872068.0
28.0,55882684.0
27.0,55893308.0
28.0,55903924.0
27.0,55914552.0
28.0,55925180.0
30.0,55935796.0
29.0,55946420.0
29.0,55957036.0
28.0,55967660.0
28.0,55978284.0
29.0,55988900.0
29.0,55999528.0
29.0,56010148.0
29.0,56020764.0
30.0,56031388.0
29.0,56042012.0
32.0,56052628.0
32.0,56063252.0
31.0,56073876.0
31.0,56084504.0
30.0,56095124.0
32.0,56105740.0
31.0,56116364.0
31.0,56126980.0
31.0,56137596.0
30.0,56148228.0
30.0,56158844.0
29.0,56169472.0
31.0,56180092.0
32.0,56190708.0
31.0,56201332.0
30.0,56211948.0
30.0,56222572.0
29.0,56233196.0
28.0,56243820.0
28.0,56254444.0
27.0,56265076.0
29.0,56275700.0
29.0,56286324.0
29.0,56296948.0
29.0,56307572.0
29.0,56318196.0
29.0,56328820.0
28.0,56339444.0
29.0,56350068.0
30.0,56360684.0
30.0,56371308.0
30.0,56381924.0
30.0,56392540.0
31.0,56403164.0
30.0,56413780.0
29.0,56424396.0
29.0,56435020.0
28.0,56445636.0
28.0,56456272.0
28.0,56466892.0
29.0,56477508.0
30.0,56488132.0
30.0,56498748.0
29.0,56509372.0
29.0,56520004.0
30.0,56530620.0
29.0,56541256.0
29.0,56551876.0
31.0,56562492.0
31.0,56573116.0
30.0,56583740.0
30.0,56594356.0
30.0,56604988.0
29.0,56615604.0
29.0,56626232.0
30.0,56636852.0
30.0,56647468.0
30.0,56658092.0
29.0,56668708.0
28.0,56679324.0
28.0,56689948.0
28.0,56700564.0
29.0,56711192.0
28.0,56721820.0
29.0,56732436.0
29.0,56743060.0
29.0,56753676.0
29.0,56764292.0
30.0,56774924.0
30.0,56785548.0
29.0,56796176.0
30.0,56806796.0
30.0,56817412.0
30.0,56828036.0
31.0,56838660.0
31.0,56849276.0
31.0,56859900.0
30.0,56870516.0
30.0,56881140.0
32.0,56891764.0
32.0,56902388.0
30.0,56913012.0
29.0,56923636.0
29.0,56934260.0
31.0,56944884.0
30.0,56955500.0
29.0,56966124.0
29.0,56976748.0
29.0,56987364.0
29.0,56997996.0
29.0,57008620.0
29.0,57019244.0
30.0,57029868.0
30.0,57040484.0
30.0,57051100.0
30.0,57061732.0
30.0,57072356.0
31.0,57082984.0
31.0,57093604.0
31.0,57104220.0
30.0,57114844.0
30.0,57125468.0
29.0,57136092.0
29.0,57146724.0
29.0,57157348.0
30.0,57167976.0
29.0,57178596.0
30.0,57189220.0
33.0,57199852.0
31.0,57210476.0
31.0,57221100.0
30.0,57231724.0
29.0,57242348.0
29.0,57252972.0
29.0,57263596.0
29.0,57274220.0
29.0,57284844.0
29.0,57295460.0
30.0,57306084.0
30.0,57316716.0
30.0,57327340.0
30.0,57337972.0
30.0,57348596.0
30.0,57359212.0
30.0,57369836.0
30.0,57380452.0
30.0,57391068.0
29.0,57401692.0
30.0,57412308.0
30.0,57422936.0
30.0,57433556.0
30.0,57444180.0
31.0,57454812.0
31.0,57465428.0
31.0,57476052.0
31.0,57486676.0
31.0,57497300.0
31.0,57507928.0
31.0,57518548.0
30.0,57529172.0
30.0,57539804.0
30.0,57550428.0
29.0,57561044.0
29.0,57571676.0
29.0,57582300.0
31.0,57592928.0
32.0,57603548.0
31.0,57614164.0
30.0,57624796.0
30.0,57635412.0
29.0,57646028.0
29.0,57656652.0
29.0,57667268.0
30.0,57677904.0
31.0,57688524.0
31.0,57699148.0
31.0,57709780.0
31.0,57720396.0
30.0,57731012.0
30.0,57741636.0
30.0,57752252.0
30.0,57762880.0
29.0,57773500.0
30.0,57784116.0
30.0,57794748.0
30.0,57805364.0
30.0,57815980.0
30.0,57826604.0
29.0,57837220.0
29.0,57847848.0
29.0,57858468.0
29.0,57869092.0
29.0,57879716.0
29.0,57890332.0
29.0,57900948.0
28.0,57911572.0
28.0,57922196.0
29.0,57932824.0
29.0,57943444.0
29.0,57954060.0
29.0,57964684.0
29.0,57975300.0
29.0,57985916.0
30.0,57996540.0
30.0,58007164.0
30.0,58017792.0
29.0,58028412.0
29.0,58039028.0
29.0,58049652.0
30.0,58060268.0
30.0,58070892.0
30.0,58081524.0
30.0,58092140.0
31.0,58102764.0
30.0,58113388.0
30.0,58124004.0
30.0,58134632.0
30.0,58145252.0
30.0,58155876.0
30.0,58166500.0
30.0,58177116.0
30.0,58187732.0
29.0,58198364.0
30.0,58208988.0
29.0,58219616.0
29.0,58230236.0
29.0,58240860.0
29.0,58251484.0
28.0,58262100.0
29.0,58272716.0
29.0,58283340.0
28.0,58293964.0
29.0,58304592.0
29.0,58315212.0
30.0,58325836.0
30.0,58336460.0
30.0,58347076.0
29.0,58357700.0
30.0,58368324.0
30.0,58378940.0
30.0,58389568.0
29.0,58400188.0
30.0,58410804.0
31.0,58421428.0
30.0,58432044.0
31.0,58442660.0
30.0,58453284.0
31.0,58463900.0
31.0,58474528.0
31.0,58485148.0
31.0,58495764.0
31.0,58506388.0
31.0,58517004.0
30.0,58527628.0
30.0,58538252.0
30.0,58548868.0
30.0,58559496.0
31.0,58570116.0
30.0,58580740.0
31.0,58591364.0
30.0,58601988.0
30.0,58612612.0
30.0,58623244.0
31.0,58633868.0
31.0,58644496.0
31.0,58655116.0
31.0,58665740.0
30.0,58676364.0
31.0,58686980.0
31.0,58697604.0
31.0,58708228.0
32.0,58718852.0
32.0,58729480.0
32.0,58740108.0
33.0,58750732.0
35.0,58761356.0
42.0,58771980.0
47.0,58782604.0
44.0,58793228.0
41.0,58803852.0
38.0,58814480.0
37.0,58825100.0
35.0,58835724.0
34.0,58846348.0
33.0,58856972.0
33.0,58867596.0
32.0,58878220.0
33.0,58888844.0
31.0,58899480.0
32.0,58910108.0
32.0,58920732.0
31.0,58931356.0
32.0,58941972.0
32.0,58952596.0
31.0,58963220.0
31.0,58973836.0
31.0,58984464.0
31.0,58995084.0
31.0,59005700.0
30.0,59016324.0
30.0,59026940.0
30.0,59037556.0
30.0,59048180.0
31.0,59058796.0
31.0,59069420.0
31.0,59080052.0
31.0,59090668.0
31.0,59101292.0
32.0,59111908.0
31.0,59122532.0
31.0,59133156.0
31.0,59143780.0
32.0,59154404.0
31.0,59165028.0
30.0,59175652.0
30.0,59186280.0
31.0,59196900.0
31.0,59207524.0
32.0,59218148.0
31.0,59228764.0
32.0,59239380.0
33.0,59250004.0
33.0,59260620.0
33.0,59271248.0
33.0,59281868.0
34.0,59292484.0
33.0,59303116.0
33.0,59313740.0
33.0,59324364.0
33.0,59334988.0
33.0,59345612.0
32.0,59356240.0
34.0,59366860.0
34.0,59377476.0
33.0,59388100.0
34.0,59398724.0
33.0,59409348.0
34.0,59419972.0
34.0,59430596.0
34.0,59441224.0
33.0,59451844.0
33.0,59462468.0
33.0,59473100.0
33.0,59483724.0
32.0,59494348.0
33.0,59504972.0
33.0,59515588.0
33.0,59526216.0
33.0,59536844.0
32.0,59547460.0
32.0,59558084.0
32.0,59568700.0
32.0,59579316.0
31.0,59589948.0
31.0,59600572.0
30.0,59611200.0
30.0,59621820.0
30.0,59632444.0
30.0,59643068.0
30.0,59653684.0
29.0,59664300.0
30.0,59674924.0
29.0,59685540.0
28.0,59696168.0
29.0,59706788.0
29.0,59717412.0
30.0,59728036.0
29.0,59738652.0
28.0,59749276.0
28.0,59759900.0
28.0,59770524.0
28.0,59781152.0
28.0,59791772.0
28.0,59802396.0
28.0,59813020.0
28.0,59823636.0
28.0,59834260.0
28.0,59844892.0
28.0,59855508.0
29.0,59866136.0
30.0,59876764.0
30.0,59887388.0
31.0,59898012.0
32.0,59908636.0
33.0,59919260.0
32.0,59929884.0
34.0,59940500.0
34.0,59951128.0
33.0,59961748.0
35.0,59972372.0
36.0,59982996.0
35.0,59993620.0
36.0,60004244.0
35.0,60014876.0
36.0,60025500.0
36.0,60036128.0
36.0,60046748.0
35.0,60057372.0
35.0,60067996.0
35.0,60078620.0
35.0,60089244.0
36.0,60099876.0
35.0,60110500.0
35.0,60121128.0
36.0,60131748.0
35.0,60142372.0
35.0,60152996.0
34.0,60163620.0
35.0,60174236.0
35.0,60184868.0
35.0,60195492.0
34.0,60206120.0
35.0,60216748.0
36.0,60227364.0
35.0,60237988.0
34.0,60248612.0
38.0,60259236.0
36.0,60269868.0
36.0,60280492.0
35.0,60291120.0
36.0,60301740.0
35.0,60312364.0
34.0,60322988.0
35.0,60333604.0
34.0,60344228.0
35.0,60354860.0
37.0,60365484.0
36.0,60376112.0
38.0,60386740.0
37.0,60397364.0
37.0,60407988.0
38.0,60418612.0
36.0,60429228.0
38.0,60439852.0
36.0,60450476.0
37.0,60461104.0
36.0,60471732.0
36.0,60482356.0
35.0,60492980.0
35.0,60503596.0
34.0,60514220.0
35.0,60524844.0
36.0,60535460.0
39.0,60546088.0
37.0,60556708.0
35.0,60567332.0
35.0,60577956.0
34.0,60588580.0
35.0,60599204.0
36.0,60609828.0
35.0,60620452.0
34.0,60631088.0
34.0,60641708.0
34.0,60652324.0
37.0,60662948.0
36.0,60673572.0
35.0,60684188.0
33.0,60694812.0
34.0,60705436.0
34.0,60716064.0
35.0,60726684.0
35.0,60737308.0
35.0,60747932.0
34.0,60758556.0
35.0,60769180.0
34.0,60779804.0
33.0,60790428.0
33.0,60801056.0
33.0,60811676.0
34.0,60822292.0
33.0,60832916.0
33.0,60843532.0
33.0,60854148.0
33.0,60864780.0
33.0,60875404.0
33.0,60886036.0
33.0,60896652.0
32.0,60907268.0
33.0,60917892.0
32.0,60928516.0
31.0,60939132.0
33.0,60949756.0
32.0,60960380.0
31.0,60971008.0
32.0,60981636.0
32.0,60992252.0
31.0,61002876.0
31.0,61013500.0
32.0,61024124.0
31.0,61034756.0
32.0,61045380.0
31.0,61056012.0
32.0,61066628.0
31.0,61077252.0
32.0,61087876.0
32.0,61098500.0
31.0,61109124.0
32.0,61119748.0
31.0,61130372.0
35.0,61141000.0
34.0,61151620.0
32.0,61162244.0
32.0,61172868.0
33.0,61183492.0
31.0,61194116.0
32.0,61204740.0
33.0,61215364.0
32.0,61225992.0
32.0,61236612.0
33.0,61247236.0
32.0,61257860.0
35.0,61268484.0
33.0,61279108.0
33.0,61289732.0
33.0,61300356.0
33.0,61310984.0
32.0,61321612.0
33.0,61332236.0
32.0,61342860.0
31.0,61353484.0
32.0,61364108.0
32.0,61374732.0
32.0,61385356.0
34.0,61395992.0
33.0,61406620.0
33.0,61417244.0
32.0,61427876.0
32.0,61438500.0
31.0,61449124.0
37.0,61459748.0
35.0,61470364.0
35.0,61480992.0
34.0,61491612.0
33.0,61502228.0
32.0,61512852.0
36.0,61523468.0
35.0,61534084.0
33.0,61544708.0
34.0,61555324.0
33.0,61565952.0
33.0,61576572.0
35.0,61587196.0
35.0,61597820.0
35.0,61608444.0
34.0,61619060.0
34.0,61629692.0
34.0,61640308.0
36.0,61650932.0
36.0,61661556.0
37.0,61672172.0
36.0,61682796.0
36.0,61693420.0
37.0,61704044.0
38.0,61714668.0
38.0,61725284.0
40.0,61735908.0
40.0,61746532.0
37.0,61757156.0
39.0,61767784.0
42.0,61778404.0
45.0,61789020.0
57.0,61799644.0
58.0,61810268.0
84.0,61820892.0
120.0,61831568.0
126.0,61842240.0
132.0,61852920.0
148.0,61863592.0
146.0,61874276.0
151.0,61884952.0
151.0,61895624.0
187.0,61906304.0
190.0,61916976.0
169.0,61927656.0
148.0,61938328.0
158.0,61949016.0
165.0,61959688.0
163.0,61970360.0
162.0,61981040.0
154.0,61991712.0
146.0,62002392.0
135.0,62013064.0
138.0,62023752.0
158.0,62034424.0
180.0,62045096.0
173.0,62055776.0
171.0,62066448.0
157.0,62077128.0
170.0,62087800.0
177.0,62098484.0
182.0,62109160.0
209.0,62119832.0
198.0,62130512.0
183.0,62141184.0
166.0,62151864.0
154.0,62162536.0
168.0,62173220.0
188.0,62183896.0
198.0,62194568.0
218.0,62205248.0
198.0,62215920.0
193.0,62226600.0
197.0,62237272.0
170.0,62247948.0
189.0,62258624.0
196.0,62269296.0
172.0,62279976.0
162.0,62290648.0
171.0,62301332.0
220.0,62312008.0
203.0,62322684.0
187.0,62333360.0
175.0,62344032.0
167.0,62354712.0
168.0,62365384.0
159.0,62376072.0
172.0,62386744.0
170.0,62397416.0
167.0,62408096.0
179.0,62418768.0
174.0,62429448.0
155.0,62440120.0
142.0,62450804.0
148.0,62461480.0
157.0,62472152.0
149.0,62482832.0
160.0,62493504.0
173.0,62504184.0
187.0,62514856.0
170.0,62525540.0
156.0,62536216.0
142.0,62546888.0
136.0,62557568.0
142.0,62568240.0
152.0,62578920.0
148.0,62589592.0
154.0,62600280.0
170.0,62610952.0
155.0,62621624.0
146.0,62632304.0
148.0,62642976.0
160.0,62653656.0
153.0,62664328.0
191.0,62675012.0
191.0,62685688.0
200.0,62696360.0
215.0,62707040.0
191.0,62717712.0
176.0,62728392.0
161.0,62739064.0
162.0,62749748.0
167.0,62760424.0
162.0,62771096.0
149.0,62781776.0
147.0,62792448.0
150.0,62803128.0
133.0,62813800.0
142.0,62824484.0
141.0,62835160.0
164.0,62845832.0
160.0,62856512.0
150.0,62867184.0
167.0,62877864.0
168.0,62888536.0
166.0,62899212.0
181.0,62909888.0
170.0,62920560.0
163.0,62931240.0
151.0,62941912.0
166.0,62952596.0
163.0,62963272.0
158.0,62973948.0
138.0,62984624.0
136.0,62995296.0
138.0,63005976.0
120.0,63016648.0
132.0,63027332.0
160.0,63038008.0
171.0,63048680.0
159.0,63059360.0
157.0,63070032.0
153.0,63080712.0
166.0,63091384.0
164.0,63102068.0
170.0,63112744.0
159.0,63123416.0
148.0,63134096.0
150.0,63144768.0
174.0,63155448.0
154.0,63166120.0
155.0,63176804.0
154.0,63187480.0
150.0,63198152.0
143.0,63208832.0
131.0,63219504.0
150.0,63230184.0
135.0,63240856.0
141.0,63251540.0
145.0,63262216.0
131.0,63272888.0
119.0,63283568.0
143.0,63294240.0
154.0,63304920.0
157.0,63315592.0
168.0,63326276.0
165.0,63336952.0
151.0,63347624.0
167.0,63358304.0
157.0,63368984.0
150.0,63379664.0
148.0,63390336.0
152.0,63401024.0
152.0,63411696.0
148.0,63422368.0
135.0,63433048.0
140.0,63443720.0
147.0,63454400.0
148.0,63465072.0
138.0,63475756.0
136.0,63486432.0
145.0,63497104.0
145.0,63507784.0
142.0,63518456.0
145.0,63529136.0
149.0,63539808.0
140.0,63550484.0
138.0,63561160.0
144.0,63571832.0
154.0,63582512.0
145.0,63593184.0
139.0,63603864.0
159.0,63614536.0
148.0,63625212.0
135.0,63635888.0
133.0,63646560.0
148.0,63657240.0
134.0,63667912.0
155.0,63678600.0
139.0,63689272.0
123.0,63699944.0
130.0,63710624.0
129.0,63721296.0
121.0,63731976.0
134.0,63742648.0
136.0,63753332.0
123.0,63764008.0
135.0,63774680.0
136.0,63785360.0
120.0,63796032.0
115.0,63806712.0
121.0,63817384.0
122.0,63828068.0
118.0,63838744.0
116.0,63849416.0
121.0,63860096.0
133.0,63870768.0
126.0,63881448.0
145.0,63892120.0
148.0,63902808.0
134.0,63913480.0
137.0,63924152.0
126.0,63934832.0
120.0,63945504.0
138.0,63956184.0
134.0,63966856.0
145.0,63977540.0
144.0,63988216.0
134.0,63998888.0
129.0,64009568.0
129.0,64020240.0
118.0,64030920.0
143.0,64041592.0
139.0,64052280.0
127.0,64062952.0
137.0,64073624.0
138.0,64084304.0
122.0,64094976.0
117.0,64105656.0
109.0,64116328.0
106.0,64127012.0
97.0,64137644.0
102.0,64148312.0
104.0,64158992.0
95.0,64169620.0
115.0,64180296.0
122.0,64190968.0
115.0,64201640.0
105.0,64212320.0
105.0,64222992.0
104.0,64233672.0
103.0,64244344.0
103.0,64255028.0
107.0,64265704.0
115.0,64276376.0
112.0,64287056.0
112.0,64297728.0
103.0,64308408.0
101.0,64319080.0
94.0,64329716.0
97.0,64340340.0
96.0,64350956.0
92.0,64361588.0
108.0,64372248.0
108.0,64382920.0
100.0,64393600.0
95.0,64404228.0
97.0,64414860.0
102.0,64425520.0
114.0,64436192.0
109.0,64446872.0
104.0,64457544.0
110.0,64468224.0
110.0,64478896.0
109.0,64489580.0
108.0,64500256.0
117.0,64510928.0
120.0,64521608.0
108.0,64532280.0
100.0,64542960.0
106.0,64553632.0
113.0,64564320.0
124.0,64574992.0
122.0,64585664.0
121.0,64596344.0
105.0,64607016.0
102.0,64617696.0
106.0,64628368.0
115.0,64639052.0
116.0,64649728.0
111.0,64660400.0
110.0,64671080.0
105.0,64681752.0
96.0,64692388.0
90.0,64703004.0
111.0,64713672.0
120.0,64724352.0
112.0,64735024.0
107.0,64745704.0
102.0,64756376.0
104.0,64767060.0
100.0,64777736.0
107.0,64788408.0
106.0,64799088.0
122.0,64809760.0
122.0,64820440.0
114.0,64831112.0
106.0,64841796.0
117.0,64852472.0
110.0,64863144.0
103.0,64873824.0
102.0,64884496.0
107.0,64895176.0
116.0,64905848.0
106.0,64916532.0
111.0,64927208.0
109.0,64937880.0
114.0,64948560.0
110.0,64959232.0
110.0,64969912.0
105.0,64980584.0
98.0,64991220.0
110.0,65001888.0
101.0,65012560.0
97.0,65023196.0
131.0,65033864.0
116.0,65044548.0
115.0,65055224.0
113.0,65065896.0
111.0,65076576.0
106.0,65087248.0
102.0,65097928.0
103.0,65108600.0
93.0,65119240.0
92.0,65129860.0
107.0,65140520.0
111.0,65151200.0
117.0,65161872.0
125.0,65172556.0
118.0,65183232.0
112.0,65193904.0
107.0,65204584.0
123.0,65215256.0
139.0,65225936.0
157.0,65236608.0
144.0,65247296.0
176.0,65257968.0
156.0,65268640.0
142.0,65279320.0
136.0,65289992.0
134.0,65300672.0
131.0,65311344.0
124.0,65322028.0
136.0,65332704.0
123.0,65343376.0
112.0,65354056.0
111.0,65364728.0
125.0,65375408.0
116.0,65386080.0
111.0,65396760.0
106.0,65407432.0
119.0,65418112.0
107.0,65428792.0
105.0,65439464.0
118.0,65450144.0
117.0,65460816.0
113.0,65471492.0
122.0,65482168.0
107.0,65492840.0
122.0,65503520.0
122.0,65514192.0
137.0,65524876.0
131.0,65535552.0
133.0,65546224.0
114.0,65556896.0
121.0,65567568.0
143.0,65578248.0
149.0,65588920.0
130.0,65599596.0
125.0,65610272.0
126.0,65620944.0
135.0,65631616.0
121.0,65642288.0
132.0,65652960.0
137.0,65663632.0
120.0,65674316.0
140.0,65684984.0
133.0,65695656.0
132.0,65706336.0
143.0,65717008.0
135.0,65727688.0
142.0,65738360.0
132.0,65749044.0
141.0,65759720.0
136.0,65770392.0
148.0,65781072.0
135.0,65791744.0
144.0,65802424.0
130.0,65813096.0
121.0,65823780.0
131.0,65834456.0
126.0,65845128.0
108.0,65855800.0
105.0,65866472.0
107.0,65877144.0
100.0,65887816.0
94.0,65898444.0
88.0,65909068.0
108.0,65919728.0
94.0,65930364.0
88.0,65940980.0
89.0,65951596.0
111.0,65962264.0
116.0,65972936.0
110.0,65983624.0
104.0,65994296.0
109.0,66004968.0
105.0,66015640.0
97.0,66026268.0
90.0,66036892.0
83.0,66047516.0
91.0,66058140.0
95.0,66068764.0
99.0,66079388.0
102.0,66090060.0
109.0,66100736.0
100.0,66111408.0
110.0,66122088.0
103.0,66132760.0
109.0,66143440.0
98.0,66154068.0
106.0,66164732.0
120.0,66175408.0
109.0,66186080.0
99.0,66196716.0
90.0,66207332.0
81.0,66217948.0
101.0,66228616.0
117.0,66239288.0
124.0,66249968.0
110.0,66260640.0
123.0,66271324.0
118.0,66282000.0
111.0,66292672.0
98.0,66303308.0
99.0,66313932.0
110.0,66324604.0
101.0,66335280.0
107.0,66345952.0
104.0,66356632.0
106.0,66367304.0
111.0,66377992.0
117.0,66388664.0
104.0,66399348.0
102.0,66410024.0
100.0,66420696.0
100.0,66431376.0
101.0,66442048.0
125.0,66452728.0
115.0,66463400.0
115.0,66474084.0
102.0,66484760.0
110.0,66495432.0
110.0,66506112.0
100.0,66516784.0
107.0,66527464.0
130.0,66538136.0
127.0,66548820.0
116.0,66559496.0
110.0,66570168.0
117.0,66580848.0
133.0,66591520.0
122.0,66602200.0
123.0,66612872.0
121.0,66623548.0
107.0,66634224.0
93.0,66644852.0
105.0,66655520.0
108.0,66666192.0
108.0,66676876.0
110.0,66687552.0
128.0,66698224.0
130.0,66708904.0
120.0,66719576.0
110.0,66730256.0
103.0,66740928.0
123.0,66751612.0
121.0,66762288.0
118.0,66772960.0
126.0,66783640.0
127.0,66794312.0
114.0,66804992.0
111.0,66815664.0
111.0,66826348.0
110.0,66837024.0
113.0,66847696.0
128.0,66858376.0
117.0,66869048.0
112.0,66879728.0
120.0,66890400.0
132.0,66901076.0
133.0,66911752.0
138.0,66922424.0
135.0,66933104.0
138.0,66943776.0
131.0,66954456.0
141.0,66965128.0
140.0,66975812.0
127.0,66986488.0
150.0,66997160.0
144.0,67007840.0
129.0,67018512.0
133.0,67029192.0
138.0,67039864.0
137.0,67050548.0
136.0,67061224.0
131.0,67071896.0
119.0,67082576.0
108.0,67093248.0
106.0,67103928.0
108.0,67114600.0
108.0,67125284.0
104.0,67135960.0
99.0,67146588.0
105.0,67157256.0
104.0,67167928.0
102.0,67178612.0
114.0,67189288.0
115.0,67199960.0
106.0,67210640.0
106.0,67221312.0
111.0,67231992.0
100.0,67242664.0
96.0,67253304.0
109.0,67263968.0
120.0,67274640.0
119.0,67285320.0
118.0,67295992.0
134.0,67306672.0
132.0,67317344.0
131.0,67328024.0
117.0,67338688.0
111.0,67349360.0
108.0,67360040.0
114.0,67370712.0
117.0,67381400.0
129.0,67392072.0
120.0,67402748.0
110.0,67413424.0
107.0,67424096.0
131.0,67434776.0
131.0,67445448.0
130.0,67456136.0
128.0,67466808.0
128.0,67477480.0
129.0,67488160.0
123.0,67498832.0
120.0,67509512.0
147.0,67520184.0
135.0,67530868.0
141.0,67541544.0
151.0,67552216.0
146.0,67562896.0
171.0,67573568.0
155.0,67584248.0
157.0,67594920.0
159.0,67605608.0
141.0,67616280.0
147.0,67626952.0
148.0,67637632.0
147.0,67648304.0
139.0,67658984.0
128.0,67669656.0
126.0,67680340.0
133.0,67691016.0
154.0,67701688.0
140.0,67712368.0
155.0,67723040.0
144.0,67733720.0
132.0,67744392.0
115.0,67755080.0
146.0,67765752.0
139.0,67776424.0
129.0,67787104.0
129.0,67797776.0
113.0,67808456.0
104.0,67819128.0
91.0,67829768.0
83.0,67840388.0
94.0,67851004.0
82.0,67861628.0
74.0,67872244.0
65.0,67882860.0
59.0,67893484.0
58.0,67904100.0
54.0,67914724.0
53.0,67925348.0
49.0,67935964.0
45.0,67946592.0
42.0,67957212.0
42.0,67967828.0
41.0,67978460.0
42.0,67989076.0
41.0,67999700.0
39.0,68010324.0
39.0,68020940.0
37.0,68031568.0
42.0,68042196.0
44.0,68052812.0
43.0,68063444.0
43.0,68074060.0
44.0,68084676.0
44.0,68095300.0
42.0,68105924.0
41.0,68116560.0
41.0,68127180.0
40.0,68137796.0
42.0,68148420.0
44.0,68159036.0
43.0,68169652.0
44.0,68180276.0
46.0,68190892.0
42.0,68201520.0
44.0,68212140.0
41.0,68222764.0
39.0,68233396.0
37.0,68244012.0
37.0,68254636.0
36.0,68265260.0
35.0,68275876.0
33.0,68286512.0
35.0,68297132.0
35.0,68307748.0
35.0,68318372.0
33.0,68328996.0
33.0,68339612.0
32.0,68350236.0
31.0,68360860.0
31.0,68371496.0
30.0,68382116.0
29.0,68392740.0
33.0,68403364.0
33.0,68413980.0
32.0,68424596.0
32.0,68435220.0
31.0,68445836.0
31.0,68456464.0
30.0,68467084.0
29.0,68477708.0
30.0,68488332.0
31.0,68498948.0
32.0,68509564.0
31.0,68520188.0
30.0,68530804.0
31.0,68541428.0
30.0,68552052.0
30.0,68562668.0
29.0,68573292.0
31.0,68583908.0
31.0,68594532.0
30.0,68605156.0
29.0,68615780.0
30.0,68626396.0
29.0,68637028.0
30.0,68647644.0
30.0,68658272.0
32.0,68668892.0
31.0,68679508.0
31.0,68690140.0
31.0,68700756.0
31.0,68711380.0
30.0,68722004.0
30.0,68732620.0
30.0,68743248.0
31.0,68753868.0
30.0,68764492.0
31.0,68775116.0
30.0,68785740.0
30.0,68796364.0
30.0,68806988.0
29.0,68817612.0
30.0,68828240.0
29.0,68838860.0
29.0,68849476.0
29.0,68860100.0
30.0,68870716.0
30.0,68881332.0
29.0,68891956.0
29.0,68902572.0
28.0,68913200.0
28.0,68923820.0
29.0,68934436.0
30.0,68945060.0
29.0,68955676.0
30.0,68966300.0
29.0,68976932.0
29.0,68987548.0
29.0,68998184.0
28.0,69008804.0
30.0,69019420.0
29.0,69030044.0
29.0,69040660.0
28.0,69051276.0
28.0,69061900.0
27.0,69072516.0
27.0,69083144.0
27.0,69093772.0
27.0,69104396.0
28.0,69115020.0
29.0,69125644.0
29.0,69136268.0
32.0,69146892.0
31.0,69157516.0
30.0,69168144.0
30.0,69178764.0
29.0,69189380.0
28.0,69200004.0
29.0,69210628.0
29.0,69221244.0
28.0,69231868.0
28.0,69242484.0
28.0,69253120.0
30.0,69263740.0
30.0,69274356.0
30.0,69284980.0
31.0,69295596.0
31.0,69306220.0
30.0,69316844.0
30.0,69327460.0
31.0,69338076.0
31.0,69348700.0
31.0,69359324.0
33.0,69369952.0
32.0,69380572.0
32.0,69391196.0
34.0,69401820.0
36.0,69412436.0
36.0,69423060.0
35.0,69433684.0
34.0,69444300.0
34.0,69454928.0
33.0,69465556.0
33.0,69476180.0
33.0,69486812.0
35.0,69497428.0
33.0,69508052.0
33.0,69518676.0
32.0,69529300.0
34.0,69539928.0
35.0,69550556.0
34.0,69561180.0
33.0,69571812.0
32.0,69582436.0
31.0,69593060.0
33.0,69603684.0
33.0,69614300.0
34.0,69624928.0
34.0,69635548.0
33.0,69646164.0
32.0,69656796.0
33.0,69667412.0
33.0,69678028.0
32.0,69688652.0
33.0,69699276.0
34.0,69709904.0
37.0,69720532.0
36.0,69731148.0
34.0,69741772.0
33.0,69752388.0
34.0,69763012.0
35.0,69773636.0
36.0,69784252.0
33.0,69794880.0
33.0,69805500.0
33.0,69816116.0
35.0,69826740.0
34.0,69837356.0
33.0,69847972.0
33.0,69858604.0
35.0,69869220.0
34.0,69879848.0
34.0,69890468.0
33.0,69901084.0
32.0,69911708.0
31.0,69922332.0
31.0,69932948.0
32.0,69943580.0
31.0,69954204.0
32.0,69964832.0
31.0,69975452.0
33.0,69986076.0
33.0,69996700.0
33.0,70007324.0
33.0,70017948.0
32.0,70028572.0
32.0,70039196.0
32.0,70049824.0
32.0,70060444.0
32.0,70071068.0
31.0,70081692.0
31.0,70092308.0
33.0,70102932.0
33.0,70113556.0
31.0,70124180.0
31.0,70134808.0
33.0,70145428.0
33.0,70156044.0
32.0,70166668.0
33.0,70177284.0
32.0,70187900.0
32.0,70198524.0
31.0,70209148.0
33.0,70219776.0
33.0,70230396.0
32.0,70241020.0
32.0,70251644.0
33.0,70262268.0
33.0,70272892.0
33.0,70283516.0
33.0,70294140.0
33.0,70304768.0
34.0,70315388.0
33.0,70326012.0
33.0,70336636.0
33.0,70347260.0
33.0,70357884.0
33.0,70368508.0
32.0,70379132.0
32.0,70389768.0
31.0,70400388.0
32.0,70411004.0
32.0,70421628.0
31.0,70432244.0
30.0,70442860.0
32.0,70453484.0
31.0,70464100.0
33.0,70474716.0
32.0,70485340.0
33.0,70495956.0
32.0,70506584.0
32.0,70517204.0
31.0,70527820.0
32.0,70538444.0
31.0,70549060.0
31.0,70559676.0
32.0,70570300.0
31.0,70580916.0
32.0,70591544.0
33.0,70602164.0
32.0,70612788.0
33.0,70623412.0
31.0,70634036.0
32.0,70644660.0
32.0,70655292.0
32.0,70665916.0
34.0,70676544.0
34.0,70687164.0
33.0,70697788.0
34.0,70708412.0
32.0,70719028.0
32.0,70729652.0
33.0,70740276.0
32.0,70750892.0
33.0,70761520.0
32.0,70772148.0
33.0,70782772.0
33.0,70793396.0
33.0,70804020.0
32.0,70814636.0
32.0,70825268.0
33.0,70835884.0
32.0,70846512.0
33.0,70857140.0
32.0,70867764.0
33.0,70878388.0
33.0,70889012.0
33.0,70899628.0
32.0,70910252.0
32.0,70920876.0
32.0,70931504.0
31.0,70942132.0
31.0,70952756.0
33.0,70963380.0
33.0,70973996.0
32.0,70984620.0
32.0,70995244.0
33.0,71005860.0
32.0,71016488.0
32.0,71027116.0
32.0,71037740.0
31.0,71048364.0
30.0,71058980.0
31.0,71069604.0
34.0,71080228.0
34.0,71090852.0
33.0,71101480.0
34.0,71112100.0
32.0,71122724.0
33.0,71133348.0
33.0,71143972.0
33.0,71154596.0
33.0,71165220.0
34.0,71175844.0
34.0,71186472.0
33.0,71197092.0
33.0,71207716.0
34.0,71218340.0
34.0,71228964.0
34.0,71239588.0
33.0,71250212.0
33.0,71260836.0
32.0,71271464.0
32.0,71282092.0
32.0,71292708.0
32.0,71303332.0
33.0,71313956.0
32.0,71324580.0
32.0,71335204.0
33.0,71345828.0
33.0,71356456.0
31.0,71367076.0
33.0,71377700.0
33.0,71388324.0
33.0,71398948.0
32.0,71409572.0
33.0,71420196.0
33.0,71430820.0
33.0,71441448.0
33.0,71452076.0
33.0,71462700.0
33.0,71473324.0
33.0,71483948.0
33.0,71494572.0
34.0,71505196.0
32.0,71515820.0
33.0,71526456.0
32.0,71537076.0
32.0,71547700.0
31.0,71558324.0
32.0,71568948.0
31.0,71579572.0
31.0,71590196.0
31.0,71600820.0
32.0,71611448.0
31.0,71622068.0
32.0,71632692.0
32.0,71643316.0
33.0,71653940.0
33.0,71664564.0
33.0,71675196.0
34.0,71685820.0
33.0,71696448.0
32.0,71707068.0
33.0,71717684.0
32.0,71728308.0
33.0,71738932.0
34.0,71749548.0
33.0,71760172.0
33.0,71770788.0
32.0,71781416.0
33.0,71792036.0
32.0,71802652.0
32.0,71813276.0
32.0,71823892.0
32.0,71834516.0
34.0,71845148.0
32.0,71855764.0
32.0,71866392.0
32.0,71877012.0
33.0,71887636.0
33.0,71898260.0
34.0,71908884.0
33.0,71919508.0
33.0,71930132.0
33.0,71940756.0
33.0,71951384.0
32.0,71962012.0
32.0,71972636.0
32.0,71983260.0
31.0,71993884.0
32.0,72004508.0
31.0,72015132.0
31.0,72025756.0
32.0,72036384.0
31.0,72047004.0
32.0,72057628.0
33.0,72068252.0
32.0,72078876.0
32.0,72089500.0
33.0,72100132.0
33.0,72110756.0
33.0,72121392.0
34.0,72132012.0
33.0,72142636.0
32.0,72153268.0
32.0,72163884.0
32.0,72174500.0
33.0,72185124.0
32.0,72195740.0
33.0,72206368.0
34.0,72216988.0
33.0,72227604.0
34.0,72238228.0
34.0,72248844.0
34.0,72259460.0
34.0,72270084.0
37.0,72280700.0
36.0,72291328.0
36.0,72301948.0
36.0,72312572.0
36.0,72323196.0
36.0,72333812.0
36.0,72344428.0
37.0,72355052.0
35.0,72365676.0
37.0,72376300.0
37.0,72386924.0
36.0,72397540.0
36.0,72408168.0
36.0,72418788.0
35.0,72429404.0
36.0,72440028.0
37.0,72450644.0
35.0,72461260.0
35.0,72471884.0
35.0,72482508.0
34.0,72493136.0
33.0,72503756.0
34.0,72514380.0
36.0,72525004.0
35.0,72535620.0
35.0,72546244.0
36.0,72556868.0
35.0,72567484.0
35.0,72578112.0
34.0,72588740.0
34.0,72599364.0
33.0,72609988.0
34.0,72620604.0
33.0,72631228.0
33.0,72641852.0
33.0,72652476.0
32.0,72663104.0
32.0,72673732.0
32.0,72684356.0
32.0,72694980.0
31.0,72705604.0
34.0,72716228.0
32.0,72726860.0
33.0,72737484.0
32.0,72748112.0
32.0,72758732.0
31.0,72769348.0
31.0,72779972.0
36.0,72790596.0
36.0,72801220.0
36.0,72811852.0
35.0,72822468.0
34.0,72833096.0
34.0,72843716.0
33.0,72854340.0
32.0,72864964.0
32.0,72875580.0
32.0,72886204.0
32.0,72896836.0
33.0,72907460.0
33.0,72918088.0
32.0,72928716.0
31.0,72939340.0
32.0,72949964.0
31.0,72960588.0
31.0,72971212.0
31.0,72981836.0
30.0,72992452.0
30.0,73003092.0
31.0,73013708.0
31.0,73024332.0
32.0,73034964.0
31.0,73045588.0
32.0,73056212.0
32.0,73066844.0
33.0,73077468.0
32.0,73088100.0
36.0,73098716.0
35.0,73109340.0
37.0,73119964.0
36.0,73130588.0
35.0,73141212.0
34.0,73151844.0
33.0,73162468.0
32.0,73173096.0
32.0,73183716.0
32.0,73194340.0
33.0,73204964.0
33.0,73215588.0
33.0,73226212.0
33.0,73236836.0
32.0,73247452.0
32.0,73258080.0
31.0,73268708.0
32.0,73279332.0
31.0,73289964.0
31.0,73300588.0
33.0,73311212.0
32.0,73321836.0
32.0,73332460.0
32.0,73343084.0
32.0,73353708.0
32.0,73364332.0
32.0,73374956.0
32.0,73385580.0
33.0,73396204.0
33.0,73406828.0
32.0,73417452.0
31.0,73428076.0
31.0,73438700.0
36.0,73449324.0
39.0,73459948.0
39.0,73470572.0
38.0,73481196.0
36.0,73491820.0
36.0,73502444.0
34.0,73513068.0
34.0,73523692.0
33.0,73534308.0
33.0,73544932.0
32.0,73555556.0
31.0,73566180.0
33.0,73576804.0
33.0,73587428.0
33.0,73598056.0
32.0,73608684.0
32.0,73619300.0
31.0,73629924.0
34.0,73640540.0
33.0,73651164.0
32.0,73661788.0
32.0,73672412.0
31.0,73683040.0
32.0,73693660.0
31.0,73704284.0
31.0,73714908.0
31.0,73725532.0
31.0,73736156.0
30.0,73746780.0
32.0,73757396.0
31.0,73768024.0
31.0,73778644.0
31.0,73789260.0
32.0,73799884.0
32.0,73810500.0
31.0,73821116.0
30.0,73831740.0
32.0,73842356.0
30.0,73852984.0
30.0,73863604.0
31.0,73874220.0
31.0,73884844.0
33.0,73895460.0
32.0,73906076.0
32.0,73916708.0
32.0,73927332.0
31.0,73937960.0
31.0,73948580.0
32.0,73959196.0
32.0,73969820.0
33.0,73980444.0
32.0,73991068.0
32.0,74001692.0
31.0,74012308.0
31.0,74022936.0
31.0,74033556.0
31.0,74044180.0
31.0,74054804.0
32.0,74065428.0
32.0,74076044.0
32.0,74086676.0
31.0,74097292.0
31.0,74107920.0
30.0,74118540.0
30.0,74129156.0
34.0,74139780.0
33.0,74150396.0
32.0,74161020.0
32.0,74171644.0
33.0,74182268.0
33.0,74192896.0
33.0,74203524.0
33.0,74214148.0
33.0,74224772.0
31.0,74235396.0
31.0,74246020.0
32.0,74256644.0
32.0,74267268.0
33.0,74277896.0
32.0,74288516.0
33.0,74299132.0
32.0,74309756.0
31.0,74320380.0
31.0,74330996.0
32.0,74341628.0
31.0,74352252.0
31.0,74362880.0
31.0,74373500.0
31.0,74384124.0
30.0,74394748.0
30.0,74405364.0
32.0,74415980.0
31.0,74426604.0
30.0,74437220.0
31.0,74447836.0
32.0,74458468.0
31.0,74469092.0
32.0,74479720.0
31.0,74490340.0
31.0,74500964.0
32.0,74511596.0
32.0,74522220.0
31.0,74532844.0
32.0,74543476.0
31.0,74554100.0
32.0,74564724.0
33.0,74575340.0
34.0,74585964.0
33.0,74596588.0
32.0,74607212.0
34.0,74617836.0
32.0,74628460.0
32.0,74639084.0
32.0,74649708.0
33.0,74660324.0
34.0,74670940.0
33.0,74681564.0
33.0,74692188.0
35.0,74702812.0
35.0,74713436.0
34.0,74724060.0
33.0,74734688.0
32.0,74745308.0
32.0,74755932.0
33.0,74766556.0
32.0,74777172.0
33.0,74787796.0
34.0,74798420.0
34.0,74809036.0
33.0,74819664.0
33.0,74830284.0
32.0,74840908.0
33.0,74851532.0
34.0,74862156.0
34.0,74872780.0
34.0,74883404.0
33.0,74894020.0
33.0,74904648.0
33.0,74915268.0
33.0,74925892.0
32.0,74936516.0
33.0,74947140.0
32.0,74957764.0
32.0,74968396.0
31.0,74979020.0
33.0,74989648.0
33.0,75000276.0
34.0,75010900.0
33.0,75021532.0
32.0,75032156.0
32.0,75042780.0
34.0,75053412.0
33.0,75064036.0
32.0,75074664.0
32.0,75085292.0
32.0,75095908.0
33.0,75106532.0
36.0,75117156.0
37.0,75127780.0
38.0,75138404.0
37.0,75149028.0
36.0,75159656.0
37.0,75170284.0
39.0,75180908.0
39.0,75191532.0
39.0,75202156.0
41.0,75212780.0
45.0,75223404.0
42.0,75234020.0
42.0,75244648.0
42.0,75255268.0
45.0,75265892.0
45.0,75276516.0
44.0,75287140.0
42.0,75297764.0
39.0,75308388.0
39.0,75319012.0
40.0,75329644.0
38.0,75340268.0
37.0,75350892.0
41.0,75361516.0
43.0,75372140.0
44.0,75382764.0
45.0,75393388.0
47.0,75404004.0
47.0,75414632.0
47.0,75425252.0
45.0,75435876.0
42.0,75446500.0
43.0,75457124.0
43.0,75467748.0
44.0,75478372.0
46.0,75488996.0
51.0,75499624.0
49.0,75510244.0
51.0,75520868.0
51.0,75531492.0
67.0,75542116.0
75.0,75552740.0
85.0,75563364.0
102.0,75574032.0
109.0,75584712.0
130.0,75595384.0
132.0,75606072.0
129.0,75616744.0
125.0,75627416.0
111.0,75638096.0
103.0,75648768.0
135.0,75659448.0
138.0,75670120.0
137.0,75680804.0
157.0,75691480.0
151.0,75702152.0
138.0,75712832.0
154.0,75723504.0
165.0,75734184.0
150.0,75744856.0
136.0,75755532.0
123.0,75766208.0
170.0,75776880.0
159.0,75787560.0
164.0,75798232.0
164.0,75808916.0
149.0,75819592.0
181.0,75830268.0
164.0,75840944.0
155.0,75851616.0
171.0,75862296.0
179.0,75872968.0
164.0,75883652.0
195.0,75894328.0
190.0,75905000.0
177.0,75915680.0
171.0,75926352.0
173.0,75937032.0
161.0,75947704.0
153.0,75958388.0
149.0,75969064.0
178.0,75979736.0
212.0,75990416.0
185.0,76001088.0
182.0,76011768.0
173.0,76022440.0
158.0,76033128.0
157.0,76043800.0
164.0,76054472.0
167.0,76065152.0
153.0,76075824.0
156.0,76086504.0
160.0,76097176.0
166.0,76107860.0
161.0,76118536.0
159.0,76129208.0
158.0,76139888.0
158.0,76150560.0
150.0,76161240.0
146.0,76171912.0
143.0,76182596.0
160.0,76193272.0
159.0,76203944.0
159.0,76214624.0
154.0,76225296.0
144.0,76235976.0
142.0,76246648.0
129.0,76257332.0
121.0,76268008.0
126.0,76278680.0
138.0,76289360.0
133.0,76300032.0
128.0,76310712.0
132.0,76321384.0
119.0,76332068.0
112.0,76342744.0
128.0,76353416.0
123.0,76364096.0
118.0,76374768.0
131.0,76385448.0
126.0,76396120.0
120.0,76406796.0
115.0,76417472.0
130.0,76428144.0
120.0,76438824.0
112.0,76449496.0
114.0,76460180.0
115.0,76470856.0
113.0,76481532.0
132.0,76492208.0
124.0,76502880.0
133.0,76513560.0
132.0,76524232.0
138.0,76534916.0
146.0,76545592.0
137.0,76556264.0
130.0,76566944.0
123.0,76577616.0
130.0,76588296.0
123.0,76598968.0
109.0,76609652.0
104.0,76620328.0
109.0,76631000.0
108.0,76641680.0
107.0,76652352.0
103.0,76663032.0
111.0,76673712.0
123.0,76684396.0
149.0,76695072.0
136.0,76705744.0
128.0,76716424.0
115.0,76727104.0
163.0,76737784.0
162.0,76748456.0
158.0,76759140.0
144.0,76769816.0
161.0,76780488.0
157.0,76791168.0
136.0,76801840.0
134.0,76812512.0
144.0,76823184.0
153.0,76833872.0
138.0,76844544.0
117.0,76855216.0
124.0,76865896.0
146.0,76876568.0
145.0,76887248.0
152.0,76897920.0
160.0,76908604.0
148.0,76919280.0
136.0,76929952.0
142.0,76940632.0
150.0,76951304.0
162.0,76961984.0
156.0,76972656.0
140.0,76983340.0
126.0,76994016.0
137.0,77004688.0
139.0,77015368.0
135.0,77026040.0
116.0,77036720.0
110.0,77047392.0
117.0,77058072.0
127.0,77068744.0
118.0,77079416.0
118.0,77090096.0
116.0,77100768.0
110.0,77111448.0
101.0,77122120.0
113.0,77132800.0
131.0,77143472.0
114.0,77154144.0
117.0,77164824.0
113.0,77175496.0
113.0,77186180.0
108.0,77196856.0
111.0,77207528.0
113.0,77218208.0
104.0,77228880.0
106.0,77239560.0
107.0,77250232.0
145.0,77260916.0
149.0,77271592.0
135.0,77282264.0
141.0,77292944.0
143.0,77303616.0
161.0,77314296.0
146.0,77324968.0
140.0,77335656.0
142.0,77346328.0
162.0,77357000.0
147.0,77367680.0
140.0,77378352.0
141.0,77389032.0
140.0,77399704.0
137.0,77410388.0
156.0,77421064.0
150.0,77431736.0
171.0,77442416.0
165.0,77453088.0
168.0,77463768.0
185.0,77474440.0
176.0,77485124.0
175.0,77495800.0
178.0,77506472.0
175.0,77517152.0
176.0,77527824.0
174.0,77538504.0
171.0,77549176.0
161.0,77559860.0
169.0,77570536.0
176.0,77581208.0
172.0,77591888.0
164.0,77602560.0
182.0,77613240.0
192.0,77623912.0
175.0,77634596.0
175.0,77645272.0
193.0,77655944.0
178.0,77666624.0
173.0,77677296.0
186.0,77687976.0
175.0,77698648.0
166.0,77709324.0
152.0,77720000.0
167.0,77730672.0
158.0,77741352.0
151.0,77752032.0
163.0,77762712.0
162.0,77773384.0
157.0,77784064.0
148.0,77794736.0
167.0,77805408.0
169.0,77816088.0
163.0,77826768.0
155.0,77837456.0
150.0,77848128.0
148.0,77858800.0
147.0,77869480.0
140.0,77880152.0
149.0,77890832.0
166.0,77901504.0
144.0,77912188.0
161.0,77922864.0
172.0,77933536.0
152.0,77944216.0
150.0,77954888.0
148.0,77965568.0
160.0,77976240.0
147.0,77986924.0
136.0,77997600.0
130.0,78008272.0
140.0,78018952.0
142.0,78029624.0
133.0,78040304.0
138.0,78050976.0
139.0,78061660.0
130.0,78072336.0
118.0,78083008.0
127.0,78093688.0
153.0,78104360.0
133.0,78115040.0
163.0,78125712.0
155.0,78136396.0
152.0,78147072.0
157.0,78157744.0
149.0,78168424.0
141.0,78179096.0
130.0,78189776.0
131.0,78200448.0
122.0,78211132.0
118.0,78221808.0
115.0,78232480.0
105.0,78243160.0
98.0,78253788.0
108.0,78264460.0
118.0,78275136.0
121.0,78285808.0
110.0,78296488.0
112.0,78307160.0
122.0,78317840.0
122.0,78328512.0
124.0,78339196.0
128.0,78349872.0
124.0,78360544.0
125.0,78371224.0
133.0,78381896.0
141.0,78392584.0
130.0,78403256.0
129.0,78413940.0
138.0,78424616.0
141.0,78435288.0
142.0,78445968.0
127.0,78456640.0
131.0,78467320.0
125.0,78477992.0
113.0,78488676.0
135.0,78499352.0
131.0,78510024.0
117.0,78520704.0
112.0,78531376.0
106.0,78542056.0
104.0,78552728.0
114.0,78563412.0
121.0,78574088.0
129.0,78584760.0
123.0,78595440.0
115.0,78606112.0
123.0,78616792.0
127.0,78627464.0
127.0,78638148.0
123.0,78648824.0
108.0,78659496.0
129.0,78670176.0
118.0,78680848.0
101.0,78691528.0
101.0,78702200.0
119.0,78712884.0
111.0,78723560.0
106.0,78734232.0
101.0,78744912.0
108.0,78755584.0
96.0,78766220.0
90.0,78776836.0
95.0,78787452.0
92.0,78798076.0
96.0,78808700.0
101.0,78819380.0
95.0,78830012.0
98.0,78840636.0
105.0,78851304.0
105.0,78861976.0
98.0,78872616.0
100.0,78883288.0
109.0,78893960.0
107.0,78904640.0
106.0,78915312.0
100.0,78925992.0
114.0,78936664.0
113.0,78947340.0
100.0,78958016.0
96.0,78968644.0
88.0,78979268.0
109.0,78989928.0
101.0,79000612.0
109.0,79011288.0
130.0,79021960.0
135.0,79032640.0
121.0,79043312.0
124.0,79053992.0
123.0,79064664.0
121.0,79075340.0
118.0,79086016.0
125.0,79096688.0
119.0,79107368.0
123.0,79118040.0
131.0,79128724.0
136.0,79139400.0
126.0,79150076.0
115.0,79160752.0
111.0,79171424.0
122.0,79182104.0
121.0,79192776.0
125.0,79203460.0
122.0,79214136.0
122.0,79224808.0
144.0,79235488.0
148.0,79246160.0
134.0,79256840.0
125.0,79267512.0
128.0,79278196.0
127.0,79288872.0
156.0,79299544.0
143.0,79310224.0
145.0,79320896.0
142.0,79331576.0
133.0,79342248.0
121.0,79352932.0
109.0,79363608.0
148.0,79374280.0
143.0,79384960.0
120.0,79395632.0
106.0,79406312.0
110.0,79416984.0
116.0,79427672.0
123.0,79438344.0
121.0,79449016.0
133.0,79459696.0
124.0,79470368.0
124.0,79481048.0
112.0,79491720.0
110.0,79502404.0
120.0,79513080.0
117.0,79523752.0
112.0,79534432.0
115.0,79545104.0
112.0,79555784.0
113.0,79566456.0
129.0,79577140.0
134.0,79587816.0
118.0,79598488.0
116.0,79609168.0
116.0,79619840.0
140.0,79630520.0
131.0,79641192.0
120.0,79651876.0
108.0,79662552.0
116.0,79673224.0
119.0,79683904.0
111.0,79694576.0
117.0,79705256.0
106.0,79715928.0
99.0,79726556.0
90.0,79737180.0
102.0,79747848.0
95.0,79758484.0
88.0,79769108.0
84.0,79779732.0
92.0,79790356.0
120.0,79801024.0
112.0,79811708.0
112.0,79822384.0
115.0,79833064.0
104.0,79843744.0
100.0,79854416.0
97.0,79865052.0
94.0,79875676.0
89.0,79886300.0
80.0,79896932.0
87.0,79907556.0
91.0,79918184.0
101.0,79928848.0
106.0,79939520.0
110.0,79950200.0
122.0,79960880.0
118.0,79971560.0
116.0,79982232.0
105.0,79992916.0
110.0,80003592.0
102.0,80014264.0
116.0,80024944.0
120.0,80035616.0
121.0,80046296.0
113.0,80056968.0
105.0,80067652.0
93.0,80078284.0
94.0,80088900.0
92.0,80099532.0
91.0,80110148.0
91.0,80120772.0
100.0,80131448.0
105.0,80142120.0
97.0,80152756.0
98.0,80163380.0
104.0,80174040.0
114.0,80184720.0
104.0,80195392.0
95.0,80206028.0
94.0,80216644.0
98.0,80227260.0
94.0,80237884.0
94.0,80248508.0
104.0,80259180.0
110.0,80269856.0
108.0,80280528.0
104.0,80291208.0
100.0,80301880.0
117.0,80312560.0
122.0,80323232.0
113.0,80333920.0
107.0,80344592.0
111.0,80355264.0
132.0,80365944.0
128.0,80376616.0
115.0,80387296.0
112.0,80397968.0
113.0,80408652.0
113.0,80419328.0
115.0,80430000.0
114.0,80440680.0
107.0,80451352.0
109.0,80462032.0
112.0,80472704.0
112.0,80483392.0
112.0,80494064.0
115.0,80504736.0
109.0,80515416.0
107.0,80526088.0
115.0,80536768.0
108.0,80547440.0
94.0,80558080.0
86.0,80568700.0
102.0,80579368.0
114.0,80590048.0
120.0,80600720.0
119.0,80611404.0
124.0,80622080.0
112.0,80632752.0
125.0,80643432.0
136.0,80654104.0
124.0,80664784.0
129.0,80675456.0
114.0,80686140.0
111.0,80696816.0
106.0,80707488.0
109.0,80718168.0
102.0,80728840.0
99.0,80739476.0
99.0,80750100.0
100.0,80760768.0
90.0,80771404.0
101.0,80782072.0
111.0,80792752.0
103.0,80803424.0
95.0,80814052.0
86.0,80824676.0
86.0,80835292.0
91.0,80845920.0
85.0,80856548.0
116.0,80867208.0
117.0,80877888.0
117.0,80888560.0
111.0,80899240.0
101.0,80909912.0
97.0,80920540.0
97.0,80931172.0
127.0,80941840.0
120.0,80952520.0
119.0,80963192.0
111.0,80973876.0
115.0,80984552.0
107.0,80995224.0
116.0,81005904.0
113.0,81016576.0
112.0,81027256.0
122.0,81037928.0
133.0,81048612.0
131.0,81059288.0
120.0,81069960.0
108.0,81080640.0
115.0,81091312.0
115.0,81101992.0
125.0,81112664.0
121.0,81123340.0
112.0,81134016.0
105.0,81144688.0
95.0,81155324.0
85.0,81165948.0
82.0,81176576.0
112.0,81187240.0
108.0,81197912.0
112.0,81208592.0
121.0,81219264.0
143.0,81229952.0
133.0,81240624.0
131.0,81251296.0
117.0,81261976.0
107.0,81272656.0
110.0,81283336.0
98.0,81293964.0
95.0,81304592.0
91.0,81315212.0
108.0,81325872.0
97.0,81336508.0
92.0,81347132.0
93.0,81357756.0
104.0,81368424.0
119.0,81379096.0
117.0,81389776.0
112.0,81400448.0
114.0,81411132.0
101.0,81421808.0
103.0,81432480.0
91.0,81443116.0
88.0,81453740.0
91.0,81464368.0
120.0,81475040.0
119.0,81485712.0
112.0,81496392.0
139.0,81507064.0
128.0,81517744.0
123.0,81528416.0
115.0,81539092.0
105.0,81549768.0
100.0,81560440.0
95.0,81571076.0
96.0,81581700.0
106.0,81592380.0
141.0,81603056.0
134.0,81613728.0
119.0,81624408.0
103.0,81635080.0
97.0,81645716.0
93.0,81656340.0
98.0,81666964.0
94.0,81677596.0
95.0,81688220.0
94.0,81698848.0
106.0,81709512.0
103.0,81720184.0
103.0,81730864.0
96.0,81741492.0
95.0,81752120.0
100.0,81762784.0
92.0,81773412.0
87.0,81784036.0
85.0,81794660.0
85.0,81805284.0
80.0,81815916.0
80.0,81826540.0
91.0,81837164.0
93.0,81847788.0
84.0,81858412.0
82.0,81869036.0
95.0,81879660.0
107.0,81890340.0
111.0,81901016.0
114.0,81911696.0
115.0,81922376.0
106.0,81933048.0
101.0,81943720.0
90.0,81954348.0
102.0,81965016.0
105.0,81975688.0
105.0,81986360.0
99.0,81996996.0
105.0,82007656.0
105.0,82018340.0
125.0,82029016.0
111.0,82039688.0
113.0,82050368.0
104.0,82061040.0
104.0,82071712.0
101.0,82082384.0
104.0,82093060.0
102.0,82103736.0
109.0,82114408.0
98.0,82125044.0
101.0,82135704.0
97.0,82146344.0
109.0,82157008.0
111.0,82167680.0
118.0,82178360.0
127.0,82189032.0
116.0,82199712.0
134.0,82210384.0
128.0,82221060.0
150.0,82231736.0
134.0,82242408.0
123.0,82253088.0
124.0,82263760.0
121.0,82274444.0
120.0,82285120.0
110.0,82295792.0
101.0,82306472.0
107.0,82317144.0
105.0,82327824.0
107.0,82338496.0
118.0,82349180.0
138.0,82359856.0
144.0,82370528.0
148.0,82381208.0
141.0,82391880.0
133.0,82402560.0
127.0,82413232.0
121.0,82423916.0
123.0,82434592.0
114.0,82445264.0
122.0,82455944.0
111.0,82466616.0
99.0,82477252.0
131.0,82487912.0
139.0,82498600.0
126.0,82509272.0
114.0,82519944.0
121.0,82530624.0
127.0,82541296.0
121.0,82551976.0
122.0,82562648.0
141.0,82573328.0
141.0,82584000.0
129.0,82594672.0
119.0,82605352.0
120.0,82616024.0
122.0,82626708.0
146.0,82637384.0
139.0,82648064.0
127.0,82658736.0
124.0,82669408.0
117.0,82680088.0
114.0,82690760.0
117.0,82701444.0
116.0,82712120.0
107.0,82722792.0
101.0,82733472.0
109.0,82744144.0
114.0,82754824.0
133.0,82765496.0
132.0,82776180.0
128.0,82786856.0
128.0,82797528.0
114.0,82808208.0
105.0,82818880.0
110.0,82829560.0
134.0,82840232.0
126.0,82850916.0
131.0,82861592.0
128.0,82872264.0
126.0,82882944.0
129.0,82893616.0
132.0,82904296.0
117.0,82914968.0
109.0,82925652.0
117.0,82936328.0
127.0,82947000.0
117.0,82957680.0
105.0,82968352.0
111.0,82979032.0
119.0,82989704.0
114.0,83000388.0
110.0,83011064.0
101.0,83021736.0
110.0,83032416.0
120.0,83043088.0
137.0,83053768.0
159.0,83064440.0
155.0,83075128.0
135.0,83085800.0
133.0,83096472.0
135.0,83107152.0
122.0,83117824.0
109.0,83128504.0
101.0,83139176.0
92.0,83149812.0
82.0,83160444.0
77.0,83171060.0
72.0,83181684.0
66.0,83192308.0
59.0,83202932.0
53.0,83213556.0
52.0,83224172.0
47.0,83234796.0
43.0,83245420.0
41.0,83256036.0
42.0,83266664.0
42.0,83277284.0
40.0,83287908.0
42.0,83298532.0
45.0,83309148.0
45.0,83319764.0
45.0,83330396.0
42.0,83341020.0
42.0,83351648.0
42.0,83362276.0
40.0,83372892.0
42.0,83383516.0
42.0,83394140.0
43.0,83404764.0
42.0,83415388.0
42.0,83426004.0
42.0,83436640.0
40.0,83447260.0
37.0,83457876.0
40.0,83468508.0
38.0,83479124.0
37.0,83489740.0
38.0,83500364.0
37.0,83510988.0
35.0,83521616.0
36.0,83532236.0
35.0,83542860.0
35.0,83553484.0
36.0,83564108.0
35.0,83574724.0
38.0,83585348.0
39.0,83595964.0
38.0,83606592.0
39.0,83617212.0
39.0,83627828.0
38.0,83638452.0
38.0,83649068.0
37.0,83659684.0
37.0,83670316.0
36.0,83680940.0
35.0,83691568.0
36.0,83702188.0
34.0,83712812.0
34.0,83723436.0
33.0,83734060.0
33.0,83744684.0
33.0,83755308.0
34.0,83765932.0
35.0,83776568.0
34.0,83787188.0
34.0,83797812.0
33.0,83808436.0
33.0,83819052.0
35.0,83829676.0
33.0,83840300.0
32.0,83850916.0
31.0,83861544.0
30.0,83872164.0
30.0,83882780.0
31.0,83893404.0
31.0,83904020.0
30.0,83914636.0
29.0,83925260.0
29.0,83935876.0
33.0,83946504.0
31.0,83957124.0
33.0,83967740.0
32.0,83978364.0
30.0,83988980.0
32.0,83999604.0
32.0,84010228.0
31.0,84020852.0
32.0,84031476.0
32.0,84042100.0
32.0,84052724.0
33.0,84063348.0
33.0,84073964.0
31.0,84084580.0
32.0,84095204.0
32.0,84105820.0
33.0,84116436.0
32.0,84127060.0
32.0,84137676.0
32.0,84148304.0
32.0,84158924.0
32.0,84169540.0
32.0,84180172.0
31.0,84190788.0
32.0,84201404.0
32.0,84212028.0
31.0,84222644.0
30.0,84233272.0
29.0,84243892.0
30.0,84254516.0
30.0,84265140.0
31.0,84275756.0
30.0,84286372.0
30.0,84297004.0
30.0,84307628.0
30.0,84318256.0
31.0,84328876.0
31.0,84339492.0
30.0,84350124.0
30.0,84360740.0
30.0,84371356.0
31.0,84381980.0
30.0,84392596.0
30.0,84403224.0
29.0,84413844.0
29.0,84424460.0
29.0,84435084.0
31.0,84445700.0
31.0,84456316.0
31.0,84466940.0
30.0,84477556.0
30.0,84488180.0
29.0,84498804.0
30.0,84509428.0
30.0,84520060.0
31.0,84530676.0
31.0,84541292.0
32.0,84551916.0
32.0,84562532.0
32.0,84573148.0
32.0,84583772.0
31.0,84594388.0
31.0,84605016.0
31.0,84615636.0
31.0,84626252.0
31.0,84636876.0
32.0,84647492.0
33.0,84658108.0
32.0,84668732.0
32.0,84679348.0
31.0,84689976.0
31.0,84700596.0
33.0,84711220.0
33.0,84721844.0
33.0,84732460.0
33.0,84743084.0
33.0,84753708.0
32.0,84764324.0
33.0,84774952.0
34.0,84785572.0
33.0,84796196.0
33.0,84806828.0
32.0,84817444.0
32.0,84828060.0
32.0,84838684.0
32.0,84849300.0
31.0,84859928.0
31.0,84870556.0
31.0,84881180.0
30.0,84891804.0
32.0,84902420.0
36.0,84913036.0
35.0,84923660.0
34.0,84934276.0
33.0,84944904.0
32.0,84955532.0
32.0,84966148.0
36.0,84976772.0
34.0,84987388.0
33.0,84998004.0
33.0,85008628.0
33.0,85019244.0
32.0,85029868.0
32.0,85040492.0
31.0,85051108.0
31.0,85061736.0
31.0,85072356.0
30.0,85082972.0
30.0,85093596.0
31.0,85104220.0
30.0,85114844.0
31.0,85125468.0
30.0,85136084.0
31.0,85146712.0
31.0,85157340.0
31.0,85167956.0
31.0,85178588.0
31.0,85189212.0
31.0,85199836.0
31.0,85210460.0
32.0,85221076.0
31.0,85231704.0
33.0,85242324.0
32.0,85252940.0
32.0,85263564.0
33.0,85274180.0
34.0,85284796.0
34.0,85295420.0
34.0,85306036.0
33.0,85316664.0
33.0,85327284.0
33.0,85337900.0
33.0,85348532.0
34.0,85359148.0
35.0,85369772.0
34.0,85380396.0
34.0,85391012.0
34.0,85401640.0
33.0,85412260.0
33.0,85422876.0
33.0,85433500.0
33.0,85444124.0
33.0,85454748.0
32.0,85465372.0
31.0,85475988.0
32.0,85486616.0
32.0,85497236.0
32.0,85507860.0
32.0,85518484.0
31.0,85529100.0
31.0,85539716.0
33.0,85550348.0
33.0,85560964.0
32.0,85571592.0
32.0,85582220.0
32.0,85592836.0
33.0,85603460.0
35.0,85614076.0
33.0,85624692.0
33.0,85635316.0
33.0,85645932.0
33.0,85656556.0
32.0,85667180.0
32.0,85677804.0
31.0,85688428.0
31.0,85699044.0
31.0,85709660.0
31.0,85720284.0
32.0,85730900.0
32.0,85741516.0
33.0,85752148.0
32.0,85762772.0
31.0,85773400.0
32.0,85784020.0
31.0,85794636.0
30.0,85805260.0
31.0,85815876.0
31.0,85826492.0
31.0,85837116.0
32.0,85847732.0
33.0,85858360.0
33.0,85868980.0
32.0,85879596.0
31.0,85890220.0
31.0,85900836.0
32.0,85911452.0
33.0,85922076.0
33.0,85932692.0
32.0,85943320.0
31.0,85953940.0
32.0,85964556.0
31.0,85975180.0
34.0,85985804.0
33.0,85996420.0
33.0,86007052.0
32.0,86017676.0
32.0,86028304.0
31.0,86038924.0
31.0,86049540.0
31.0,86060172.0
30.0,86070788.0
30.0,86081404.0
32.0,86092028.0
32.0,86102644.0
32.0,86113280.0
32.0,86123900.0
32.0,86134516.0
32.0,86145140.0
31.0,86155756.0
32.0,86166380.0
32.0,86177012.0
31.0,86187628.0
32.0,86198260.0
31.0,86208892.0
31.0,86219508.0
31.0,86230132.0
32.0,86240756.0
31.0,86251372.0
31.0,86262004.0
32.0,86272620.0
30.0,86283244.0
30.0,86293868.0
30.0,86304484.0
29.0,86315116.0
30.0,86325740.0
30.0,86336364.0
30.0,86346988.0
30.0,86357604.0
29.0,86368228.0
29.0,86378852.0
30.0,86389476.0
30.0,86400108.0
32.0,86410724.0
31.0,86421340.0
31.0,86431964.0
31.0,86442580.0
31.0,86453196.0
31.0,86463820.0
30.0,86474444.0
31.0,86485080.0
31.0,86495700.0
29.0,86506324.0
30.0,86516956.0
29.0,86527572.0
29.0,86538196.0
30.0,86548820.0
30.0,86559444.0
30.0,86570072.0
29.0,86580692.0
29.0,86591308.0
29.0,86601932.0
28.0,86612548.0
30.0,86623164.0
30.0,86633796.0
30.0,86644412.0
30.0,86655048.0
31.0,86665668.0
29.0,86676284.0
30.0,86686916.0
31.0,86697532.0
31.0,86708148.0
31.0,86718780.0
30.0,86729404.0
31.0,86740032.0
31.0,86750652.0
30.0,86761276.0
29.0,86771900.0
29.0,86782524.0
30.0,86793148.0
30.0,86803780.0
30.0,86814396.0
29.0,86825024.0
29.0,86835644.0
31.0,86846260.0
31.0,86856884.0
31.0,86867500.0
31.0,86878116.0
31.0,86888748.0
32.0,86899364.0
31.0,86909992.0
31.0,86920612.0
30.0,86931228.0
31.0,86941852.0
30.0,86952468.0
31.0,86963084.0
29.0,86973708.0
30.0,86984324.0
29.0,86994952.0
29.0,87005572.0
29.0,87016196.0
29.0,87026820.0
29.0,87037444.0
30.0,87048068.0
30.0,87058692.0
30.0,87069308.0
30.0,87079944.0
29.0,87090564.0
30.0,87101180.0
31.0,87111804.0
30.0,87122420.0
31.0,87133036.0
32.0,87143660.0
32.0,87154276.0
31.0,87164900.0
30.0,87175524.0
30.0,87186140.0
30.0,87196768.0
29.0,87207388.0
29.0,87218004.0
30.0,87228636.0
31.0,87239260.0
31.0,87249884.0
31.0,87260508.0
30.0,87271124.0
29.0,87281752.0
29.0,87292372.0
29.0,87302988.0
28.0,87313620.0
28.0,87324236.0
28.0,87334852.0
28.0,87345476.0
28.0,87356100.0
28.0,87366728.0
29.0,87377348.0
30.0,87387964.0
30.0,87398588.0
30.0,87409204.0
30.0,87419820.0
31.0,87430444.0
30.0,87441060.0
31.0,87451688.0
30.0,87462308.0
30.0,87472932.0
30.0,87483556.0
30.0,87494180.0
31.0,87504804.0
30.0,87515428.0
30.0,87526052.0
30.0,87536680.0
30.0,87547300.0
30.0,87557924.0
30.0,87568548.0
30.0,87579164.0
30.0,87589788.0
29.0,87600420.0
30.0,87611036.0
30.0,87621664.0
30.0,87632284.0
32.0,87642908.0
31.0,87653532.0
32.0,87664156.0
31.0,87674772.0
31.0,87685396.0
31.0,87696012.0
31.0,87706640.0
33.0,87717260.0
32.0,87727876.0
31.0,87738500.0
31.0,87749124.0
30.0,87759740.0
31.0,87770364.0
32.0,87780988.0
31.0,87791616.0
30.0,87802236.0
30.0,87812860.0
31.0,87823484.0
30.0,87834100.0
31.0,87844716.0
31.0,87855340.0
30.0,87865964.0
30.0,87876596.0
30.0,87887228.0
30.0,87897852.0
30.0,87908476.0
31.0,87919100.0
30.0,87929724.0
30.0,87940348.0
31.0,87950972.0
30.0,87961600.0
30.0,87972220.0
29.0,87982844.0
29.0,87993468.0
29.0,88004092.0
29.0,88014708.0
29.0,88025340.0
30.0,88035956.0
30.0,88046580.0
29.0,88057212.0
30.0,88067836.0
31.0,88078460.0
31.0,88089076.0
30.0,88099692.0
30.0,88110316.0
30.0,88120940.0
29.0,88131564.0
29.0,88142188.0
30.0,88152804.0
31.0,88163432.0
30.0,88174052.0
31.0,88184676.0
31.0,88195308.0
31.0,88205924.0
31.0,88216540.0
31.0,88227172.0
30.0,88237796.0
31.0,88248424.0
30.0,88259044.0
30.0,88269668.0
29.0,88280292.0
30.0,88290908.0
30.0,88301532.0
29.0,88312156.0
29.0,88322780.0
28.0,88333408.0
28.0,88344028.0
30.0,88354644.0
31.0,88365276.0
31.0,88375900.0
30.0,88386524.0
30.0,88397156.0
30.0,88407772.0
30.0,88418400.0
30.0,88429020.0
30.0,88439644.0
30.0,88450268.0
29.0,88460892.0
30.0,88471508.0
29.0,88482132.0
30.0,88492756.0
31.0,88503384.0
31.0,88514004.0
31.0,88524620.0
31.0,88535244.0
30.0,88545860.0
31.0,88556476.0
32.0,88567108.0
32.0,88577724.0
32.0,88588352.0
32.0,88598972.0
31.0,88609588.0
30.0,88620212.0
30.0,88630828.0
30.0,88641452.0
31.0,88652076.0
30.0,88662700.0
31.0,88673328.0
30.0,88683948.0
29.0,88694564.0
29.0,88705188.0
30.0,88715804.0
29.0,88726428.0
28.0,88737052.0
29.0,88747668.0
28.0,88758296.0
28.0,88768916.0
28.0,88779532.0
30.0,88790156.0
29.0,88800780.0
29.0,88811404.0
29.0,88822028.0
31.0,88832644.0
31.0,88843272.0
33.0,88853892.0
33.0,88864516.0
32.0,88875148.0
32.0,88885772.0
30.0,88896388.0
31.0,88907012.0
30.0,88917636.0
31.0,88928264.0
30.0,88938892.0
31.0,88949516.0
31.0,88960140.0
32.0,88970756.0
31.0,88981372.0
32.0,88992004.0
31.0,89002620.0
30.0,89013248.0
30.0,89023876.0
29.0,89034500.0
30.0,89045124.0
29.0,89055748.0
30.0,89066372.0
31.0,89076996.0
31.0,89087620.0
30.0,89098256.0
30.0,89108876.0
30.0,89119500.0
30.0,89130124.0
31.0,89140740.0
30.0,89151356.0
30.0,89161980.0
30.0,89172596.0
31.0,89183220.0
31.0,89193844.0
31.0,89204460.0
32.0,89215084.0
32.0,89225708.0
32.0,89236324.0
31.0,89246956.0
31.0,89257580.0
31.0,89268204.0
30.0,89278828.0
33.0,89289452.0
32.0,89300076.0
33.0,89310692.0
33.0,89321316.0
34.0,89331940.0
33.0,89342564.0
33.0,89353188.0
32.0,89363820.0
32.0,89374444.0
31.0,89385068.0
30.0,89395684.0
30.0,89406300.0
31.0,89416924.0
31.0,89427548.0
30.0,89438172.0
36.0,89448796.0
35.0,89459420.0
34.0,89470048.0
33.0,89480668.0
32.0,89491292.0
32.0,89501924.0
33.0,89512548.0
31.0,89523172.0
32.0,89533804.0
34.0,89544428.0
34.0,89555052.0
32.0,89565676.0
33.0,89576300.0
32.0,89586924.0
32.0,89597548.0
31.0,89608180.0
31.0,89618804.0
31.0,89629420.0
30.0,89640044.0
31.0,89650660.0
31.0,89661276.0
31.0,89671908.0
31.0,89682524.0
30.0,89693140.0
30.0,89703772.0
31.0,89714388.0
32.0,89725016.0
30.0,89735636.0
31.0,89746252.0
30.0,89756884.0
33.0,89767500.0
32.0,89778116.0
33.0,89788748.0
31.0,89799364.0
32.0,89809992.0
31.0,89820612.0
32.0,89831228.0
31.0,89841860.0
32.0,89852484.0
31.0,89863100.0
32.0,89873724.0
32.0,89884340.0
32.0,89894968.0
32.0,89905588.0
32.0,89916212.0
30.0,89926836.0
31.0,89937452.0
31.0,89948068.0
32.0,89958692.0
33.0,89969308.0
32.0,89979936.0
31.0,89990556.0
32.0,90001180.0
32.0,90011804.0
31.0,90022428.0
33.0,90033044.0
32.0,90043676.0
32.0,90054300.0
31.0,90064928.0
31.0,90075548.0
32.0,90086172.0
31.0,90096796.0
33.0,90107420.0
33.0,90118044.0
33.0,90128668.0
32.0,90139284.0
32.0,90149912.0
32.0,90160540.0
32.0,90171156.0
32.0,90181780.0
32.0,90192396.0
31.0,90203020.0
32.0,90213644.0
31.0,90224268.0
32.0,90234896.0
31.0,90245516.0
31.0,90256132.0
31.0,90266756.0
31.0,90277372.0
32.0,90287988.0
32.0,90298620.0
31.0,90309236.0
32.0,90319860.0
31.0,90330492.0
31.0,90341108.0
32.0,90351732.0
32.0,90362356.0
32.0,90372980.0
31.0,90383612.0
32.0,90394228.0
31.0,90404852.0
32.0,90415476.0
32.0,90426100.0
32.0,90436724.0
31.0,90447348.0
31.0,90457964.0
34.0,90468588.0
33.0,90479204.0
33.0,90489828.0
32.0,90500460.0
32.0,90511076.0
34.0,90521704.0
33.0,90532324.0
33.0,90542940.0
32.0,90553564.0
32.0,90564188.0
33.0,90574804.0
32.0,90585428.0
32.0,90596052.0
33.0,90606680.0
32.0,90617300.0
33.0,90627924.0
33.0,90638556.0
32.0,90649180.0
34.0,90659804.0
32.0,90670428.0
33.0,90681044.0
34.0,90691672.0
33.0,90702300.0
33.0,90712924.0
32.0,90723548.0
32.0,90734172.0
31.0,90744796.0
32.0,90755420.0
31.0,90766044.0
31.0,90776672.0
31.0,90787300.0
33.0,90797924.0
32.0,90808548.0
31.0,90819164.0
33.0,90829788.0
33.0,90840420.0
34.0,90851044.0
34.0,90861672.0
33.0,90872292.0
32.0,90882916.0
32.0,90893540.0
32.0,90904156.0
31.0,90914780.0
31.0,90925404.0
31.0,90936028.0
30.0,90946656.0
31.0,90957276.0
32.0,90967892.0
32.0,90978524.0
32.0,90989148.0
32.0,90999772.0
32.0,91010396.0
33.0,91021020.0
33.0,91031648.0
36.0,91042268.0
35.0,91052892.0
34.0,91063524.0
33.0,91074148.0
34.0,91084772.0
34.0,91095404.0
35.0,91106028.0
33.0,91116652.0
34.0,91127276.0
35.0,91137900.0
35.0,91148524.0
33.0,91159148.0
33.0,91169772.0
33.0,91180404.0
34.0,91191028.0
33.0,91201652.0
34.0,91212268.0
34.0,91222892.0
32.0,91233524.0
32.0,91244148.0
32.0,91254772.0
33.0,91265396.0
32.0,91276012.0
32.0,91286636.0
32.0,91297260.0
32.0,91307884.0
31.0,91318508.0
33.0,91329132.0
33.0,91339756.0
32.0,91350388.0
32.0,91361012.0
32.0,91371636.0
33.0,91382260.0
32.0,91392884.0
31.0,91403508.0
31.0,91414132.0
31.0,91424756.0
30.0,91435380.0
31.0,91446004.0
31.0,91456628.0
32.0,91467252.0
32.0,91477876.0
32.0,91488500.0
31.0,91499124.0
31.0,91509748.0
31.0,91520380.0
31.0,91530996.0
30.0,91541620.0
30.0,91552244.0
31.0,91562860.0
30.0,91573484.0
30.0,91584108.0
30.0,91594732.0
30.0,91605356.0
30.0,91615980.0
31.0,91626612.0
33.0,91637236.0
33.0,91647860.0
36.0,91658492.0
36.0,91669116.0
34.0,91679744.0
36.0,91690364.0
35.0,91700988.0
34.0,91711612.0
35.0,91722236.0
35.0,91732860.0
34.0,91743484.0
33.0,91754108.0
34.0,91764736.0
33.0,91775356.0
33.0,91785980.0
35.0,91796604.0
35.0,91807220.0
33.0,91817836.0
33.0,91828468.0
33.0,91839092.0
33.0,91849716.0
33.0,91860340.0
33.0,91870956.0
33.0,91881580.0
33.0,91892204.0
32.0,91902828.0
32.0,91913452.0
32.0,91924076.0
32.0,91934700.0
32.0,91945324.0
34.0,91955948.0
33.0,91966572.0
33.0,91977196.0
33.0,91987820.0
33.0,91998444.0
33.0,92009068.0
33.0,92019692.0
33.0,92030316.0
33.0,92040940.0
32.0,92051564.0
33.0,92062188.0
34.0,92072812.0
34.0,92083436.0
33.0,92094052.0
36.0,92104676.0
37.0,92115308.0
37.0,92125932.0
39.0,92136556.0
37.0,92147180.0
38.0,92157804.0
39.0,92168436.0
38.0,92179052.0
40.0,92189684.0
38.0,92200308.0
39.0,92210924.0
38.0,92221548.0
37.0,92232164.0
38.0,92242780.0
36.0,92253404.0
36.0,92264020.0
36.0,92274636.0
37.0,92285260.0
37.0,92295876.0
36.0,92306504.0
36.0,92317132.0
35.0,92327756.0
35.0,92338380.0
35.0,92349004.0
34.0,92359628.0
34.0,92370252.0
34.0,92380868.0
34.0,92391496.0
34.0,92402124.0
33.0,92412748.0
34.0,92423372.0
33.0,92433988.0
34.0,92444604.0
33.0,92455228.0
34.0,92465844.0
33.0,92476472.0
33.0,92487092.0
33.0,92497708.0
34.0,92508332.0
32.0,92518948.0
33.0,92529564.0
34.0,92540188.0
33.0,92550812.0
33.0,92561440.0
33.0,92572060.0
35.0,92582676.0
34.0,92593300.0
33.0,92603916.0
35.0,92614540.0
33.0,92625164.0
32.0,92635788.0
33.0,92646416.0
34.0,92657036.0
32.0,92667660.0
33.0,92678284.0
34.0,92688900.0
35.0,92699516.0
33.0,92710140.0
33.0,92720764.0
34.0,92731392.0
33.0,92742012.0
32.0,92752636.0
32.0,92763260.0
32.0,92773884.0
32.0,92784508.0
33.0,92795140.0
34.0,92805764.0
32.0,92816392.0
33.0,92827012.0
31.0,92837628.0
32.0,92848252.0
32.0,92858868.0
33.0,92869492.0
32.0,92880116.0
32.0,92890732.0
32.0,92901356.0
32.0,92911988.0
32.0,92922612.0
32.0,92933236.0
34.0,92943852.0
33.0,92954476.0
33.0,92965108.0
33.0,92975732.0
32.0,92986356.0
32.0,92996988.0
32.0,93007604.0
31.0,93018228.0
31.0,93028852.0
31.0,93039476.0
31.0,93050100.0
31.0,93060724.0
34.0,93071348.0
33.0,93081972.0
34.0,93092588.0
34.0,93103212.0
33.0,93113836.0
33.0,93124460.0
34.0,93135092.0
34.0,93145716.0
34.0,93156340.0
33.0,93166972.0
33.0,93177596.0
33.0,93188228.0
33.0,93198844.0
33.0,93209468.0
34.0,93220100.0
33.0,93230716.0
34.0,93241344.0
32.0,93251972.0
32.0,93262596.0
32.0,93273220.0
32.0,93283844.0
31.0,93294460.0
32.0,93305084.0
32.0,93315708.0
32.0,93326336.0
33.0,93336956.0
35.0,93347580.0
36.0,93358204.0
36.0,93368828.0
35.0,93379452.0
35.0,93390076.0
34.0,93400700.0
35.0,93411328.0
34.0,93421948.0
36.0,93432572.0
38.0,93443196.0
39.0,93453812.0
41.0,93464428.0
42.0,93475052.0
44.0,93485668.0
49.0,93496284.0
50.0,93506908.0
49.0,93517524.0
59.0,93528152.0
62.0,93538772.0
65.0,93549396.0
67.0,93560028.0
69.0,93570652.0
70.0,93581276.0
68.0,93591900.0
66.0,93602524.0
67.0,93613152.0
68.0,93623772.0
78.0,93634396.0
82.0,93645020.0
83.0,93655636.0
97.0,93666260.0
95.0,93676884.0
93.0,93687500.0
92.0,93698128.0
102.0,93708792.0
99.0,93719420.0
94.0,93730052.0
109.0,93740720.0
121.0,93751404.0
111.0,93762080.0
125.0,93772752.0
128.0,93783432.0
131.0,93794104.0
129.0,93804784.0
128.0,93815456.0
131.0,93826140.0
129.0,93836816.0
127.0,93847488.0
124.0,93858168.0
131.0,93868840.0
138.0,93879520.0
142.0,93890192.0
138.0,93900880.0
129.0,93911552.0
125.0,93922224.0
115.0,93932904.0
158.0,93943576.0
172.0,93954256.0
177.0,93964928.0
186.0,93975612.0
191.0,93986288.0
187.0,93996960.0
166.0,94007640.0
166.0,94018312.0
156.0,94028992.0
147.0,94039664.0
147.0,94050348.0
151.0,94061024.0
137.0,94071696.0
130.0,94082376.0
147.0,94093048.0
147.0,94103728.0
145.0,94114400.0
135.0,94125084.0
133.0,94135760.0
154.0,94146432.0
144.0,94157112.0
143.0,94167792.0
158.0,94178472.0
142.0,94189144.0
135.0,94199820.0
135.0,94210496.0
124.0,94221168.0
125.0,94231848.0
114.0,94242520.0
121.0,94253204.0
113.0,94263880.0
118.0,94274556.0
124.0,94285232.0
125.0,94295904.0
118.0,94306584.0
125.0,94317256.0
128.0,94327940.0
130.0,94338616.0
124.0,94349288.0
115.0,94359968.0
130.0,94370648.0
126.0,94381328.0
128.0,94392000.0
137.0,94402684.0
130.0,94413360.0
132.0,94424032.0
135.0,94434712.0
127.0,94445384.0
127.0,94456064.0
132.0,94466736.0
131.0,94477420.0
132.0,94488096.0
133.0,94498768.0
126.0,94509448.0
120.0,94520120.0
140.0,94530800.0
141.0,94541472.0
139.0,94552156.0
133.0,94562832.0
138.0,94573504.0
120.0,94584184.0
115.0,94594856.0
119.0,94605536.0
115.0,94616208.0
114.0,94626896.0
132.0,94637568.0
133.0,94648240.0
132.0,94658920.0
128.0,94669592.0
133.0,94680272.0
136.0,94690944.0
147.0,94701628.0
162.0,94712304.0
148.0,94722976.0
143.0,94733656.0
150.0,94744328.0
141.0,94755008.0
136.0,94765680.0
125.0,94776364.0
120.0,94787040.0
120.0,94797712.0
151.0,94808392.0
142.0,94819064.0
140.0,94829744.0
139.0,94840416.0
141.0,94851092.0
129.0,94861768.0
127.0,94872440.0
134.0,94883120.0
158.0,94893792.0
163.0,94904472.0
152.0,94915144.0
150.0,94925824.0
152.0,94936496.0
139.0,94947168.0
133.0,94957848.0
129.0,94968520.0
126.0,94979204.0
124.0,94989880.0
137.0,95000552.0
141.0,95011232.0
131.0,95021904.0
142.0,95032584.0
140.0,95043256.0
124.0,95053940.0
112.0,95064616.0
124.0,95075288.0
141.0,95085968.0
150.0,95096640.0
139.0,95107320.0
124.0,95117992.0
135.0,95128676.0
136.0,95139352.0
120.0,95150024.0
134.0,95160704.0
137.0,95171376.0
140.0,95182056.0
125.0,95192728.0
132.0,95203412.0
122.0,95214088.0
122.0,95224760.0
109.0,95235440.0
122.0,95246112.0
121.0,95256792.0
123.0,95267464.0
121.0,95278148.0
141.0,95288824.0
131.0,95299496.0
140.0,95310176.0
133.0,95320848.0
131.0,95331528.0
124.0,95342200.0
125.0,95352884.0
122.0,95363560.0
148.0,95374232.0
141.0,95384912.0
122.0,95395584.0
116.0,95406264.0
114.0,95416936.0
117.0,95427620.0
117.0,95438296.0
112.0,95448968.0
114.0,95459648.0
100.0,95470320.0
96.0,95480956.0
93.0,95491580.0
96.0,95502204.0
98.0,95512828.0
94.0,95523452.0
89.0,95534080.0
94.0,95544700.0
92.0,95555324.0
99.0,95565948.0
118.0,95576616.0
116.0,95587288.0
106.0,95597968.0
100.0,95608640.0
98.0,95619276.0
112.0,95629944.0
119.0,95640628.0
120.0,95651304.0
113.0,95661976.0
106.0,95672656.0
97.0,95683284.0
96.0,95693912.0
97.0,95704532.0
94.0,95715156.0
91.0,95725788.0
95.0,95736412.0
100.0,95747084.0
96.0,95757716.0
87.0,95768340.0
85.0,95778964.0
103.0,95789632.0
104.0,95800304.0
92.0,95810940.0
86.0,95821564.0
92.0,95832188.0
90.0,95842812.0
90.0,95853436.0
90.0,95864060.0
105.0,95874728.0
108.0,95885412.0
120.0,95896088.0
108.0,95906760.0
102.0,95917440.0
98.0,95928068.0
100.0,95938736.0
95.0,95949364.0
96.0,95959988.0
94.0,95970620.0
93.0,95981244.0
90.0,95991872.0
87.0,96002500.0
86.0,96013116.0
91.0,96023740.0
95.0,96034356.0
109.0,96045016.0
102.0,96055696.0
107.0,96066368.0
97.0,96077004.0
95.0,96087620.0
108.0,96098288.0
114.0,96108968.0
113.0,96119640.0
107.0,96130320.0
113.0,96140992.0
110.0,96151676.0
102.0,96162352.0
100.0,96173024.0
107.0,96183704.0
100.0,96194376.0
111.0,96205064.0
100.0,96215736.0
100.0,96226420.0
97.0,96237052.0
100.0,96247720.0
113.0,96258400.0
117.0,96269072.0
118.0,96279752.0
109.0,96290424.0
101.0,96301108.0
102.0,96311784.0
100.0,96322456.0
94.0,96333092.0
95.0,96343708.0
89.0,96354344.0
98.0,96364972.0
105.0,96375632.0
107.0,96386312.0
101.0,96396984.0
96.0,96407624.0
94.0,96418252.0
91.0,96428868.0
86.0,96439500.0
106.0,96450168.0
96.0,96460808.0
93.0,96471428.0
93.0,96482052.0
93.0,96492676.0
109.0,96503344.0
105.0,96514016.0
99.0,96524652.0
90.0,96535276.0
87.0,96545900.0
95.0,96556524.0
98.0,96567148.0
91.0,96577772.0
85.0,96588396.0
86.0,96599020.0
97.0,96609644.0
101.0,96620312.0
93.0,96630948.0
83.0,96641572.0
89.0,96652196.0
92.0,96662820.0
89.0,96673444.0
88.0,96684072.0
84.0,96694692.0
91.0,96705308.0
85.0,96715932.0
77.0,96726556.0
79.0,96737180.0
76.0,96747804.0
78.0,96758428.0
69.0,96769056.0
72.0,96779676.0
93.0,96790300.0
95.0,96800924.0
101.0,96811584.0
96.0,96822212.0
91.0,96832844.0
89.0,96843460.0
87.0,96854092.0
89.0,96864716.0
83.0,96875340.0
80.0,96885964.0
85.0,96896580.0
98.0,96907196.0
96.0,96917820.0
98.0,96928444.0
96.0,96939076.0
90.0,96949692.0
99.0,96960316.0
95.0,96970940.0
102.0,96981608.0
102.0,96992292.0
93.0,97002924.0
90.0,97013548.0
103.0,97024216.0
95.0,97034844.0
85.0,97045468.0
87.0,97056092.0
87.0,97066708.0
90.0,97077336.0
95.0,97087964.0
89.0,97098588.0
87.0,97109212.0
92.0,97119836.0
103.0,97130508.0
97.0,97141140.0
85.0,97151764.0
83.0,97162396.0
89.0,97173020.0
81.0,97183644.0
80.0,97194268.0
81.0,97204892.0
83.0,97215520.0
90.0,97226140.0
93.0,97236764.0
90.0,97247388.0
87.0,97258012.0
87.0,97268636.0
92.0,97279260.0
87.0,97289884.0
85.0,97300512.0
84.0,97311132.0
79.0,97321756.0
79.0,97332380.0
84.0,97343004.0
81.0,97353628.0
81.0,97364252.0
81.0,97374868.0
76.0,97385496.0
94.0,97396124.0
86.0,97406748.0
78.0,97417372.0
72.0,97427996.0
72.0,97438620.0
69.0,97449244.0
75.0,97459868.0
79.0,97470500.0
78.0,97481116.0
72.0,97491740.0
83.0,97502364.0
75.0,97512988.0
81.0,97523612.0
77.0,97534244.0
78.0,97544868.0
100.0,97555540.0
96.0,97566172.0
100.0,97576840.0
87.0,97587476.0
82.0,97598100.0
82.0,97608728.0
79.0,97619348.0
71.0,97629972.0
71.0,97640596.0
88.0,97651220.0
85.0,97661836.0
91.0,97672460.0
80.0,97683076.0
81.0,97693704.0
78.0,97704332.0
79.0,97714956.0
76.0,97725580.0
77.0,97736204.0
82.0,97746828.0
77.0,97757452.0
80.0,97768076.0
85.0,97778704.0
83.0,97789324.0
77.0,97799948.0
78.0,97810572.0
71.0,97821196.0
65.0,97831820.0
75.0,97842444.0
69.0,97853068.0
83.0,97863696.0
82.0,97874316.0
76.0,97884940.0
88.0,97895564.0
81.0,97906188.0
81.0,97916812.0
73.0,97927436.0
70.0,97938060.0
64.0,97948688.0
59.0,97959316.0
56.0,97969940.0
78.0,97980564.0
86.0,97991188.0
88.0,98001812.0
90.0,98012436.0
83.0,98023060.0
77.0,98033688.0
90.0,98044308.0
86.0,98054932.0
81.0,98065556.0
84.0,98076180.0
82.0,98086804.0
101.0,98097472.0
91.0,98108100.0
91.0,98118728.0
82.0,98129348.0
76.0,98139972.0
67.0,98150604.0
62.0,98161228.0
59.0,98171852.0
57.0,98182476.0
93.0,98193100.0
90.0,98203736.0
81.0,98214356.0
78.0,98224980.0
75.0,98235612.0
84.0,98246236.0
80.0,98256860.0
77.0,98267484.0
74.0,98278108.0
74.0,98288744.0
73.0,98299364.0
91.0,98309988.0
83.0,98320612.0
81.0,98331228.0
71.0,98341844.0
72.0,98352476.0
87.0,98363092.0
105.0,98373764.0
97.0,98384396.0
93.0,98395020.0
92.0,98405652.0
94.0,98416268.0
91.0,98426904.0
105.0,98437568.0
95.0,98448196.0
93.0,98458820.0
90.0,98469436.0
92.0,98480052.0
86.0,98490676.0
83.0,98501292.0
74.0,98511920.0
70.0,98522548.0
69.0,98533172.0
65.0,98543796.0
61.0,98554420.0
57.0,98565044.0
54.0,98575668.0
50.0,98586284.0
52.0,98596912.0
48.0,98607532.0
46.0,98618156.0
45.0,98628780.0
48.0,98639404.0
49.0,98650020.0
49.0,98660644.0
47.0,98671260.0
48.0,98681888.0
46.0,98692508.0
43.0,98703124.0
44.0,98713748.0
40.0,98724364.0
38.0,98734980.0
36.0,98745612.0
37.0,98756228.0
39.0,98766856.0
38.0,98777476.0
37.0,98788100.0
35.0,98798724.0
41.0,98809348.0
41.0,98819972.0
38.0,98830596.0
41.0,98841220.0
43.0,98851848.0
41.0,98862476.0
45.0,98873100.0
43.0,98883724.0
42.0,98894340.0
43.0,98904964.0
43.0,98915596.0
45.0,98926220.0
44.0,98936848.0
42.0,98947476.0
43.0,98958100.0
43.0,98968724.0
42.0,98979340.0
44.0,98989964.0
42.0,99000588.0
43.0,99011204.0
41.0,99021832.0
39.0,99032452.0
38.0,99043076.0
38.0,99053700.0
37.0,99064324.0
36.0,99074948.0
35.0,99085580.0
36.0,99096204.0
35.0,99106832.0
34.0,99117452.0
34.0,99128076.0
35.0,99138700.0
36.0,99149324.0
35.0,99159948.0
35.0,99170572.0
34.0,99181196.0
32.0,99191824.0
32.0,99202452.0
33.0,99213068.0
33.0,99223700.0
32.0,99234324.0
32.0,99244948.0
31.0,99255580.0
30.0,99266204.0
30.0,99276832.0
31.0,99287452.0
31.0,99298068.0
31.0,99308692.0
31.0,99319316.0
31.0,99329940.0
31.0,99340564.0
32.0,99351188.0
31.0,99361816.0
31.0,99372444.0
30.0,99383068.0
29.0,99393692.0
30.0,99404308.0
30.0,99414932.0
30.0,99425556.0
29.0,99436180.0
30.0,99446808.0
30.0,99457428.0
30.0,99468044.0
31.0,99478668.0
30.0,99489292.0
30.0,99499916.0
31.0,99510540.0
30.0,99521164.0
30.0,99531792.0
31.0,99542420.0
30.0,99553036.0
30.0,99563660.0
29.0,99574284.0
30.0,99584908.0
30.0,99595532.0
31.0,99606156.0
31.0,99616784.0
30.0,99627404.0
30.0,99638028.0
29.0,99648652.0
29.0,99659268.0
29.0,99669884.0
29.0,99680516.0
31.0,99691132.0
32.0,99701760.0
32.0,99712380.0
31.0,99722996.0
30.0,99733620.0
30.0,99744244.0
30.0,99754860.0
31.0,99765484.0
33.0,99776108.0
33.0,99786732.0
32.0,99797356.0
31.0,99807980.0
30.0,99818612.0
30.0,99829236.0
31.0,99839860.0
31.0,99850492.0
31.0,99861108.0
30.0,99871732.0
29.0,99882364.0
29.0,99892980.0
29.0,99903604.0
28.0,99914228.0
28.0,99924852.0
28.0,99935484.0
28.0,99946108.0
28.0,99956736.0
31.0,99967364.0
31.0,99977988.0
31.0,99988612.0
31.0,99999228.0
30.0,100009852.0
30.0,100020524.0
31.0,100031188.0
31.0,100041860.0
31.0,100052524.0
30.0,100063188.0
32.0,100073860.0
31.0,100084524.0
31.0,100095196.0
30.0,100105860.0
31.0,100116536.0
30.0,100127204.0
32.0,100137868.0
31.0,100148540.0
30.0,100159204.0
31.0,100169876.0
30.0,100180540.0
30.0,100191204.0
30.0,100201876.0
30.0,100212540.0
31.0,100223212.0
31.0,100233884.0
31.0,100244560.0
30.0,100255228.0
30.0,100265892.0
31.0,100276564.0
31.0,100287228.0
30.0,100297900.0
30.0,100308564.0
30.0,100319240.0
30.0,100329908.0
31.0,100340572.0
31.0,100351244.0
31.0,100361908.0
32.0,100372584.0
31.0,100383252.0
30.0,100393916.0
30.0,100404588.0
31.0,100415252.0
30.0,100425924.0
30.0,100436588.0
32.0,100447264.0
32.0,100457932.0
31.0,100468596.0
30.0,100479268.0
30.0,100489940.0
29.0,100500612.0
30.0,100511276.0
31.0,100521940.0
30.0,100532612.0
31.0,100543276.0
31.0,100553948.0
33.0,100564612.0
32.0,100575288.0
33.0,100585956.0
35.0,100596620.0
33.0,100607292.0
31.0,100617956.0
31.0,100628628.0
31.0,100639292.0
30.0,100649964.0
32.0,100660636.0
32.0,100671300.0
32.0,100681972.0
31.0,100692636.0
31.0,100703312.0
32.0,100713980.0
31.0,100724644.0
31.0,100735316.0
32.0,100745980.0
32.0,100756652.0
32.0,100767316.0
32.0,100777992.0
31.0,100788660.0
33.0,100799324.0
31.0,100809996.0
31.0,100820660.0
31.0,100831336.0
31.0,100842004.0
30.0,100852668.0
32.0,100863340.0
32.0,100874004.0
31.0,100884676.0
32.0,100895340.0
33.0,100906016.0
34.0,100916684.0
33.0,100927348.0
33.0,100938020.0
33.0,100948684.0
33.0,100959356.0
33.0,100970020.0
33.0,100980684.0
34.0,100991356.0
34.0,101002020.0
33.0,101012700.0
34.0,101023364.0
35.0,101034040.0
35.0,101044708.0
34.0,101055372.0
35.0,101066044.0
34.0,101076716.0
34.0,101087388.0
33.0,101098060.0
34.0,101108736.0
34.0,101119404.0
33.0,101130068.0
33.0,101140740.0
33.0,101151404.0
34.0,101162080.0
34.0,101172748.0
33.0,101183412.0
32.0,101194084.0
33.0,101204748.0
33.0,101215420.0
34.0,101226084.0
36.0,101236760.0
35.0,101247428.0
35.0,101258092.0
37.0,101268764.0
35.0,101279428.0
36.0,101290100.0
35.0,101300764.0
35.0,101311428.0
34.0,101322100.0
34.0,101332764.0
35.0,101343436.0
35.0,101354100.0
35.0,101364776.0
35.0,101375444.0
34.0,101386108.0
33.0,101396780.0
34.0,101407444.0
34.0,101418116.0
34.0,101428780.0
34.0,101439444.0
33.0,101450116.0
33.0,101460788.0
33.0,101471460.0
34.0,101482132.0
33.0,101492808.0
33.0,101503476.0
33.0,101514140.0
33.0,101524812.0
32.0,101535476.0
33.0,101546156.0
35.0,101556820.0
34.0,101567496.0
34.0,101578164.0
34.0,101588828.0
33.0,101599500.0
33.0,101610164.0
34.0,101620840.0
33.0,101631508.0
34.0,101642172.0
35.0,101652844.0
34.0,101663508.0
33.0,101674180.0
33.0,101684844.0
32.0,101695520.0
34.0,101706188.0
33.0,101716852.0
32.0,101727524.0
32.0,101738196.0
32.0,101748868.0
32.0,101759532.0
33.0,101770196.0
32.0,101780868.0
34.0,101791532.0
33.0,101802204.0
33.0,101812868.0
33.0,101823544.0
33.0,101834212.0
33.0,101844884.0
34.0,101855556.0
34.0,101866220.0
33.0,101876892.0
33.0,101887556.0
33.0,101898228.0
34.0,101908900.0
32.0,101919564.0
32.0,101930236.0
33.0,101940908.0
32.0,101951584.0
31.0,101962252.0
33.0,101972916.0
33.0,101983588.0
33.0,101994252.0
32.0,102004924.0
32.0,102015588.0
33.0,102026264.0
32.0,102036932.0
32.0,102047596.0
32.0,102058268.0
32.0,102068940.0
31.0,102079612.0
33.0,102090276.0
34.0,102100940.0
32.0,102111612.0
32.0,102122276.0
34.0,102132956.0
33.0,102143620.0
32.0,102154296.0
33.0,102164964.0
33.0,102175628.0
34.0,102186300.0
34.0,102196964.0
34.0,102207636.0
32.0,102218300.0
32.0,102228972.0
32.0,102239644.0
32.0,102250308.0
33.0,102260980.0
32.0,102271652.0
32.0,102282328.0
31.0,102292996.0
31.0,102303668.0
30.0,102314340.0
30.0,102325004.0
31.0,102335676.0
31.0,102346340.0
31.0,102357016.0
30.0,102367684.0
30.0,102378348.0
30.0,102389020.0
30.0,102399684.0
29.0,102410356.0
29.0,102421020.0
29.0,102431684.0
31.0,102442348.0
30.0,102453012.0
30.0,102463684.0
31.0,102474348.0
30.0,102485024.0
30.0,102495692.0
30.0,102506356.0
33.0,102517028.0
33.0,102527692.0
33.0,102538364.0
32.0,102549028.0
31.0,102559692.0
30.0,102570364.0
30.0,102581028.0
29.0,102591700.0
29.0,102602364.0
31.0,102613040.0
32.0,102623708.0
31.0,102634372.0
30.0,102645044.0
30.0,102655708.0
30.0,102666380.0
29.0,102677044.0
30.0,102687708.0
30.0,102698380.0
33.0,102709044.0
32.0,102719716.0
31.0,102730380.0
31.0,102741056.0
31.0,102751724.0
32.0,102762388.0
31.0,102773060.0
31.0,102783724.0
31.0,102794396.0
31.0,102805060.0
30.0,102815732.0
29.0,102826404.0
29.0,102837068.0
29.0,102847740.0
28.0,102858404.0
28.0,102869080.0
28.0,102879748.0
28.0,102890412.0
28.0,102901084.0
28.0,102911748.0
28.0,102922420.0
29.0,102933084.0
29.0,102943760.0
29.0,102954428.0
28.0,102965092.0
28.0,102975764.0
27.0,102986428.0
28.0,102997100.0
28.0,103007764.0
27.0,103018428.0
28.0,103029100.0
29.0,103039764.0
29.0,103050436.0
29.0,103061100.0
28.0,103071776.0
28.0,103082444.0
29.0,103093108.0
28.0,103103780.0
28.0,103114444.0
29.0,103125116.0
30.0,103135780.0
30.0,103146452.0
29.0,103157124.0
30.0,103167788.0
31.0,103178460.0
30.0,103189124.0
30.0,103199800.0
29.0,103210468.0
29.0,103221132.0
31.0,103231804.0
31.0,103242468.0
30.0,103253140.0
31.0,103263804.0
30.0,103274468.0
30.0,103285140.0
29.0,103295804.0
30.0,103306476.0
31.0,103317140.0
29.0,103327816.0
31.0,103338484.0
30.0,103349148.0
30.0,103359820.0
30.0,103370484.0
31.0,103381156.0
31.0,103391820.0
30.0,103402496.0
30.0,103413164.0
30.0,103423828.0
31.0,103434500.0
30.0,103445164.0
30.0,103455840.0
31.0,103466508.0
31.0,103477172.0
30.0,103487844.0
30.0,103498508.0
31.0,103509180.0
31.0,103519844.0
30.0,103530520.0
29.0,103541188.0
30.0,103551852.0
30.0,103562524.0
29.0,103573188.0
29.0,103583860.0
30.0,103594524.0
30.0,103605188.0
29.0,103615860.0
32.0,103626532.0
31.0,103637212.0
31.0,103647876.0
31.0,103658552.0
30.0,103669220.0
31.0,103679884.0
30.0,103690556.0
32.0,103701220.0
32.0,103711892.0
31.0,103722556.0
31.0,103733220.0
31.0,103743892.0
31.0,103754556.0
31.0,103765228.0
31.0,103775892.0
31.0,103786568.0
31.0,103797236.0
32.0,103807900.0
31.0,103818572.0
31.0,103829236.0
31.0,103839908.0
30.0,103850580.0
30.0,103861256.0
30.0,103871924.0
29.0,103882588.0
31.0,103893260.0
30.0,103903924.0
30.0,103914600.0
30.0,103925268.0
31.0,103935932.0
31.0,103946604.0
30.0,103957268.0
30.0,103967940.0
31.0,103978604.0
31.0,103989280.0
32.0,103999948.0
31.0,104010612.0
31.0,104021284.0
31.0,104031948.0
31.0,104042620.0
31.0,104053284.0
31.0,104063948.0
32.0,104074620.0
34.0,104085284.0
33.0,104095956.0
32.0,104106620.0
31.0,104117296.0
32.0,104127964.0
31.0,104138636.0
31.0,104149308.0
33.0,104159972.0
32.0,104170652.0
33.0,104181316.0
32.0,104191988.0
32.0,104202668.0
31.0,104213332.0
31.0,104224004.0
31.0,104234668.0
30.0,104245344.0
29.0,104256012.0
30.0,104266676.0
33.0,104277348.0
32.0,104288020.0
33.0,104298692.0
33.0,104309356.0
32.0,104320036.0
32.0,104330700.0
32.0,104341364.0
31.0,104352036.0
30.0,104362700.0
31.0,104373372.0
30.0,104384036.0
30.0,104394700.0
31.0,104405372.0
30.0,104416036.0
30.0,104426716.0
30.0,104437388.0
31.0,104448064.0
31.0,104458724.0
30.0,104469388.0
30.0,104480060.0
30.0,104490724.0
30.0,104501396.0
31.0,104512060.0
31.0,104522724.0
32.0,104533396.0
31.0,104544060.0
32.0,104554732.0
31.0,104565396.0
32.0,104576076.0
32.0,104586740.0
31.0,104597404.0
32.0,104608076.0
32.0,104618740.0
32.0,104629412.0
32.0,104640084.0
31.0,104650760.0
31.0,104661428.0
31.0,104672092.0
31.0,104682764.0
32.0,104693428.0
32.0,104704104.0
32.0,104714772.0
32.0,104725436.0
32.0,104736108.0
32.0,104746772.0
31.0,104757444.0
31.0,104768108.0
32.0,104778784.0
31.0,104789452.0
31.0,104800124.0
32.0,104810796.0
30.0,104821468.0
31.0,104832140.0
32.0,104842804.0
31.0,104853468.0
30.0,104864140.0
31.0,104874804.0
31.0,104885476.0
31.0,104896140.0
30.0,104906816.0
31.0,104917484.0
31.0,104928148.0
30.0,104938820.0
30.0,104949484.0
30.0,104960156.0
30.0,104970820.0
30.0,104981484.0
29.0,104992148.0
31.0,105002812.0
32.0,105013484.0
31.0,105024148.0
31.0,105034816.0
31.0,105045484.0
31.0,105056148.0
31.0,105066820.0
31.0,105077484.0
30.0,105088156.0
30.0,105098820.0
33.0,105109492.0
32.0,105120164.0
31.0,105130828.0
31.0,105141500.0
30.0,105152164.0
30.0,105162840.0
30.0,105173508.0
32.0,105184172.0
31.0,105194844.0
31.0,105205508.0
31.0,105216180.0
31.0,105226844.0
31.0,105237520.0
30.0,105248188.0
30.0,105258852.0
31.0,105269524.0
34.0,105280188.0
32.0,105290856.0
31.0,105301524.0
31.0,105312188.0
31.0,105322860.0
31.0,105333524.0
31.0,105344196.0
34.0,105354860.0
33.0,105365536.0
33.0,105376204.0
33.0,105386868.0
32.0,105397540.0
33.0,105408204.0
34.0,105418876.0
34.0,105429540.0
32.0,105440204.0
31.0,105450876.0
31.0,105461540.0
32.0,105472220.0
32.0,105482884.0
34.0,105493560.0
32.0,105504228.0
33.0,105514892.0
33.0,105525564.0
33.0,105536228.0
32.0,105546900.0
31.0,105557564.0
33.0,105568228.0
33.0,105578900.0
32.0,105589564.0
32.0,105600236.0
31.0,105610900.0
33.0,105621576.0
32.0,105632244.0
32.0,105642908.0
33.0,105653580.0
32.0,105664244.0
33.0,105674916.0
32.0,105685580.0
33.0,105696256.0
33.0,105706924.0
34.0,105717588.0
34.0,105728260.0
34.0,105738924.0
34.0,105749600.0
36.0,105760268.0
37.0,105770932.0
37.0,105781604.0
37.0,105792268.0
37.0,105802940.0
36.0,105813604.0
35.0,105824280.0
38.0,105834948.0
39.0,105845612.0
39.0,105856284.0
42.0,105866948.0
48.0,105877620.0
50.0,105888284.0
57.0,105898948.0
58.0,105909620.0
70.0,105920284.0
64.0,105930956.0
71.0,105941620.0
76.0,105952300.0
83.0,105962964.0
75.0,105973628.0
86.0,105984300.0
90.0,105994964.0
84.0,106005636.0
88.0,106016300.0
80.0,106026964.0
100.0,106037680.0
118.0,106048392.0
111.0,106059112.0
116.0,106069832.0
114.0,106080552.0
117.0,106091264.0
109.0,106101984.0
105.0,106112696.0
133.0,106123416.0
139.0,106134128.0
145.0,106144856.0
148.0,106155568.0
174.0,106166292.0
156.0,106177008.0
161.0,106187720.0
165.0,106198440.0
154.0,106209152.0
143.0,106219872.0
139.0,106230584.0
152.0,106241304.0
154.0,106252016.0
133.0,106262744.0
133.0,106273456.0
149.0,106284180.0
149.0,106294896.0
150.0,106305624.0
147.0,106316336.0
133.0,106327060.0
152.0,106337784.0
156.0,106348496.0
159.0,106359216.0
159.0,106369928.0
159.0,106380648.0
168.0,106391368.0
158.0,106402088.0
153.0,106412800.0
143.0,106423520.0
167.0,106434232.0
156.0,106444952.0
167.0,106455664.0
167.0,106466388.0
149.0,106477104.0
173.0,106487828.0
172.0,106498544.0
159.0,106509256.0
141.0,106519976.0
140.0,106530688.0
157.0,106541408.0
148.0,106552120.0
142.0,106562840.0
138.0,106573560.0
135.0,106584280.0
128.0,106594992.0
116.0,106605716.0
136.0,106616432.0
138.0,106627156.0
134.0,106637872.0
155.0,106648588.0
175.0,106659304.0
161.0,106670016.0
161.0,106680744.0
164.0,106691456.0
162.0,106702176.0
180.0,106712888.0
170.0,106723608.0
161.0,106734320.0
142.0,106745040.0
131.0,106755752.0
133.0,106766476.0
132.0,106777192.0
133.0,106787916.0
123.0,106798640.0
120.0,106809356.0
118.0,106820080.0
110.0,106830792.0
108.0,106841520.0
103.0,106852232.0
96.0,106862916.0
96.0,106873580.0
98.0,106884252.0
107.0,106894960.0
108.0,106905684.0
119.0,106916400.0
124.0,106927116.0
138.0,106937832.0
146.0,106948544.0
143.0,106959272.0
126.0,106969992.0
121.0,106980712.0
136.0,106991432.0
135.0,107002152.0
134.0,107012872.0
136.0,107023592.0
148.0,107034312.0
141.0,107045032.0
138.0,107055744.0
130.0,107066468.0
120.0,107077192.0
115.0,107087916.0
110.0,107098632.0
110.0,107109352.0
111.0,107120072.0
110.0,107130784.0
110.0,107141504.0
124.0,107152224.0
139.0,107162944.0
134.0,107173656.0
140.0,107184376.0
146.0,107195096.0
134.0,107205816.0
140.0,107216528.0
150.0,107227256.0
137.0,107237976.0
145.0,107248700.0
144.0,107259424.0
141.0,107270148.0
146.0,107280864.0
153.0,107291576.0
152.0,107302296.0
155.0,107313016.0
141.0,107323736.0
134.0,107334448.0
131.0,107345168.0
154.0,107355880.0
147.0,107366600.0
161.0,107377312.0
164.0,107388036.0
151.0,107398752.0
144.0,107409476.0
156.0,107420192.0
149.0,107430908.0
136.0,107441624.0
145.0,107452336.0
150.0,107463056.0
148.0,107473776.0
137.0,107484496.0
125.0,107495208.0
132.0,107505928.0
135.0,107516648.0
134.0,107527368.0
127.0,107538080.0
114.0,107548804.0
151.0,107559520.0
159.0,107570248.0
142.0,107580960.0
131.0,107591676.0
123.0,107602392.0
129.0,107613104.0
122.0,107623832.0
123.0,107634544.0
124.0,107645272.0
148.0,107655984.0
156.0,107666712.0
161.0,107677424.0
161.0,107688144.0
155.0,107698856.0
147.0,107709580.0
138.0,107720296.0
132.0,107731020.0
133.0,107741744.0
137.0,107752460.0
125.0,107763176.0
116.0,107773896.0
115.0,107784616.0
118.0,107795328.0
129.0,107806056.0
122.0,107816776.0
120.0,107827496.0
124.0,107838208.0
128.0,107848928.0
135.0,107859640.0
134.0,107870360.0
133.0,107881080.0
134.0,107891804.0
126.0,107902528.0
123.0,107913252.0
126.0,107923968.0
116.0,107934688.0
131.0,107945408.0
131.0,107956120.0
123.0,107966840.0
122.0,107977560.0
159.0,107988280.0
142.0,107999000.0
123.0,108009720.0
145.0,108020432.0
146.0,108031152.0
155.0,108041872.0
144.0,108052596.0
144.0,108063312.0
142.0,108074040.0
142.0,108084752.0
151.0,108095464.0
139.0,108106184.0
145.0,108116904.0
185.0,108127624.0
165.0,108138344.0
153.0,108149064.0
143.0,108159776.0
135.0,108170504.0
165.0,108181216.0
168.0,108191944.0
148.0,108202656.0
132.0,108213384.0
120.0,108224096.0
113.0,108234824.0
116.0,108245536.0
127.0,108256252.0
122.0,108266968.0
134.0,108277680.0
133.0,108288400.0
146.0,108299112.0
144.0,108309840.0
131.0,108320552.0
117.0,108331272.0
107.0,108341992.0
118.0,108352712.0
118.0,108363424.0
130.0,108374152.0
117.0,108384864.0
112.0,108395592.0
106.0,108406304.0
121.0,108417028.0
124.0,108427752.0
130.0,108438472.0
125.0,108449192.0
122.0,108459912.0
114.0,108470632.0
121.0,108481352.0
117.0,108492072.0
117.0,108502792.0
131.0,108513512.0
123.0,108524232.0
134.0,108534952.0
125.0,108545672.0
125.0,108556396.0
118.0,108567120.0
124.0,108577844.0
112.0,108588560.0
112.0,108599272.0
104.0,108609992.0
104.0,108620704.0
125.0,108631424.0
123.0,108642136.0
118.0,108652864.0
117.0,108663576.0
125.0,108674296.0
120.0,108685008.0
140.0,108695728.0
127.0,108706448.0
139.0,108717172.0
143.0,108727888.0
133.0,108738616.0
120.0,108749328.0
111.0,108760040.0
123.0,108770768.0
111.0,108781488.0
107.0,108792208.0
97.0,108802884.0
94.0,108813548.0
122.0,108824256.0
117.0,108834984.0
103.0,108845696.0
96.0,108856376.0
93.0,108867044.0
94.0,108877708.0
93.0,108888380.0
90.0,108899044.0
88.0,108909716.0
100.0,108920424.0
103.0,108931148.0
111.0,108941872.0
104.0,108952588.0
119.0,108963304.0
112.0,108974016.0
130.0,108984736.0
135.0,108995448.0
133.0,109006168.0
119.0,109016880.0
122.0,109027600.0
114.0,109038312.0
119.0,109049032.0
114.0,109059752.0
111.0,109070480.0
108.0,109081192.0
109.0,109091916.0
100.0,109102632.0
102.0,109113356.0
100.0,109124072.0
113.0,109134784.0
101.0,109145504.0
102.0,109156224.0
110.0,109166952.0
100.0,109177664.0
100.0,109188384.0
101.0,109199096.0
106.0,109209816.0
99.0,109220484.0
98.0,109231160.0
95.0,109241828.0
89.0,109252492.0
101.0,109263208.0
110.0,109273920.0
103.0,109284640.0
98.0,109295308.0
95.0,109305980.0
89.0,109316644.0
91.0,109327308.0
93.0,109337980.0
99.0,109348644.0
96.0,109359324.0
94.0,109369996.0
126.0,109380716.0
110.0,109391432.0
115.0,109402156.0
126.0,109412872.0
115.0,109423592.0
108.0,109434312.0
105.0,109445032.0
113.0,109455752.0
119.0,109466472.0
122.0,109477192.0
111.0,109487904.0
110.0,109498632.0
112.0,109509352.0
123.0,109520072.0
130.0,109530784.0
153.0,109541512.0
129.0,109552224.0
128.0,109562948.0
119.0,109573664.0
124.0,109584380.0
118.0,109595104.0
119.0,109605824.0
151.0,109616544.0
153.0,109627256.0
136.0,109637976.0
125.0,109648696.0
110.0,109659424.0
153.0,109670144.0
142.0,109680864.0
142.0,109691576.0
146.0,109702296.0
145.0,109713016.0
143.0,109723740.0
131.0,109734456.0
116.0,109745180.0
107.0,109755896.0
106.0,109766616.0
123.0,109777336.0
115.0,109788048.0
109.0,109798776.0
112.0,109809488.0
108.0,109820208.0
109.0,109830920.0
102.0,109841640.0
105.0,109852352.0
97.0,109863028.0
94.0,109873692.0
91.0,109884356.0
83.0,109895028.0
100.0,109905736.0
99.0,109916412.0
96.0,109927076.0
93.0,109937752.0
89.0,109948420.0
123.0,109959128.0
119.0,109969848.0
127.0,109980568.0
109.0,109991288.0
104.0,110002008.0
95.0,110012684.0
94.0,110023348.0
90.0,110034024.0
94.0,110044692.0
121.0,110055408.0
113.0,110066128.0
106.0,110076848.0
106.0,110087568.0
110.0,110098288.0
117.0,110109008.0
110.0,110119720.0
110.0,110130440.0
101.0,110141152.0
106.0,110151872.0
105.0,110162584.0
96.0,110173264.0
95.0,110183932.0
89.0,110194596.0
105.0,110205312.0
107.0,110216032.0
121.0,110226752.0
118.0,110237472.0
105.0,110248200.0
106.0,110258912.0
98.0,110269588.0
97.0,110280252.0
104.0,110290964.0
99.0,110301636.0
93.0,110312300.0
103.0,110323016.0
101.0,110333736.0
107.0,110344456.0
103.0,110355176.0
94.0,110365852.0
100.0,110376560.0
98.0,110387240.0
102.0,110397952.0
109.0,110408672.0
127.0,110419400.0
113.0,110430112.0
102.0,110440832.0
93.0,110451500.0
87.0,110462172.0
91.0,110472836.0
91.0,110483512.0
96.0,110494180.0
87.0,110504844.0
97.0,110515516.0
98.0,110526180.0
104.0,110536896.0
94.0,110547572.0
85.0,110558248.0
98.0,110568916.0
88.0,110579580.0
102.0,110590296.0
100.0,110601016.0
111.0,110611736.0
103.0,110622448.0
92.0,110633124.0
81.0,110643788.0
83.0,110654464.0
88.0,110665132.0
99.0,110675796.0
92.0,110686468.0
84.0,110697132.0
84.0,110707808.0
81.0,110718476.0
102.0,110729192.0
99.0,110739868.0
94.0,110750532.0
88.0,110761204.0
95.0,110771868.0
99.0,110782544.0
113.0,110793256.0
100.0,110803980.0
95.0,110814660.0
106.0,110825368.0
95.0,110836052.0
99.0,110846716.0
97.0,110857388.0
96.0,110868052.0
95.0,110878728.0
98.0,110889396.0
94.0,110900060.0
94.0,110910732.0
124.0,110921440.0
119.0,110932160.0
113.0,110942872.0
110.0,110953596.0
121.0,110964312.0
112.0,110975036.0
108.0,110985760.0
104.0,110996484.0
104.0,111007200.0
112.0,111017920.0
98.0,111028596.0
117.0,111039304.0
104.0,111050032.0
110.0,111060752.0
108.0,111071472.0
108.0,111082192.0
101.0,111092912.0
107.0,111103632.0
104.0,111114364.0
98.0,111125036.0
91.0,111135700.0
94.0,111146372.0
113.0,111157088.0
106.0,111167808.0
95.0,111178484.0
119.0,111189200.0
124.0,111199920.0
120.0,111210648.0
108.0,111221360.0
95.0,111232040.0
92.0,111242708.0
112.0,111253416.0
106.0,111264136.0
96.0,111274812.0
98.0,111285484.0
100.0,111296192.0
105.0,111306912.0
106.0,111317632.0
92.0,111328320.0
87.0,111338988.0
83.0,111349652.0
95.0,111360324.0
88.0,111370988.0
94.0,111381660.0
85.0,111392324.0
86.0,111402996.0
95.0,111413668.0
87.0,111424332.0
83.0,111435004.0
92.0,111445668.0
103.0,111456388.0
103.0,111467112.0
111.0,111477836.0
99.0,111488508.0
95.0,111499172.0
114.0,111509888.0
102.0,111520608.0
95.0,111531284.0
84.0,111541948.0
82.0,111552620.0
92.0,111563284.0
93.0,111573948.0
86.0,111584620.0
75.0,111595284.0
70.0,111605956.0
90.0,111616620.0
85.0,111627296.0
93.0,111637964.0
87.0,111648628.0
88.0,111659300.0
90.0,111669964.0
87.0,111680636.0
82.0,111691300.0
84.0,111701964.0
90.0,111712636.0
99.0,111723300.0
113.0,111734024.0
99.0,111744700.0
91.0,111755372.0
92.0,111766036.0
90.0,111776700.0
84.0,111787372.0
85.0,111798036.0
81.0,111808708.0
93.0,111819372.0
97.0,111830052.0
89.0,111840716.0
87.0,111851380.0
100.0,111862096.0
96.0,111872772.0
85.0,111883444.0
88.0,111894108.0
87.0,111904784.0
84.0,111915452.0
91.0,111926116.0
91.0,111936788.0
87.0,111947452.0
91.0,111958124.0
84.0,111968796.0
82.0,111979468.0
90.0,111990140.0
84.0,112000804.0
85.0,112011484.0
83.0,112022148.0
78.0,112032824.0
98.0,112043492.0
91.0,112054156.0
89.0,112064828.0
87.0,112075492.0
88.0,112086164.0
87.0,112096828.0
91.0,112107492.0
86.0,112118164.0
91.0,112128828.0
94.0,112139500.0
100.0,112150208.0
100.0,112160928.0
95.0,112171596.0
108.0,112182316.0
107.0,112193032.0
95.0,112203700.0
102.0,112214416.0
94.0,112225084.0
111.0,112235800.0
113.0,112246512.0
113.0,112257232.0
118.0,112267944.0
125.0,112278668.0
122.0,112289384.0
114.0,112300112.0
114.0,112310824.0
133.0,112321548.0
123.0,112332264.0
114.0,112342984.0
114.0,112353704.0
113.0,112364416.0
122.0,112375136.0
113.0,112385856.0
102.0,112396576.0
123.0,112407296.0
117.0,112418016.0
115.0,112428728.0
108.0,112439448.0
107.0,112450168.0
105.0,112460892.0
105.0,112471616.0
108.0,112482340.0
107.0,112493056.0
93.0,112503732.0
96.0,112514404.0
116.0,112525112.0
108.0,112535832.0
104.0,112546552.0
97.0,112557228.0
128.0,112567944.0
124.0,112578668.0
113.0,112589384.0
106.0,112600108.0
111.0,112610824.0
126.0,112621544.0
124.0,112632264.0
115.0,112642984.0
112.0,112653704.0
110.0,112664416.0
113.0,112675136.0
106.0,112685856.0
107.0,112696584.0
102.0,112707296.0
92.0,112717972.0
109.0,112728688.0
117.0,112739416.0
124.0,112750128.0
127.0,112760844.0
122.0,112771568.0
117.0,112782280.0
118.0,112793000.0
107.0,112803720.0
122.0,112814448.0
107.0,112825160.0
115.0,112835880.0
109.0,112846592.0
97.0,112857268.0
108.0,112867976.0
115.0,112878704.0
115.0,112889416.0
117.0,112900140.0
118.0,112910856.0
114.0,112921568.0
123.0,112932288.0
120.0,112943000.0
112.0,112953720.0
112.0,112964432.0
108.0,112975160.0
106.0,112985872.0
104.0,112996592.0
102.0,113007312.0
120.0,113018032.0
114.0,113028752.0
104.0,113039476.0
131.0,113050192.0
117.0,113060916.0
109.0,113071632.0
108.0,113082344.0
102.0,113093072.0
133.0,113103784.0
114.0,113114504.0
106.0,113125224.0
108.0,113135944.0
109.0,113146664.0
109.0,113157384.0
107.0,113168096.0
105.0,113178824.0
101.0,113189536.0
105.0,113200260.0
106.0,113210976.0
102.0,113221700.0
93.0,113232372.0
104.0,113243080.0
95.0,113253756.0
98.0,113264420.0
94.0,113275100.0
105.0,113285808.0
115.0,113296532.0
115.0,113307256.0
112.0,113317984.0
106.0,113328696.0
110.0,113339420.0
103.0,113350136.0
110.0,113360856.0
117.0,113371576.0
107.0,113382296.0
110.0,113393016.0
112.0,113403736.0
109.0,113414456.0
107.0,113425168.0
130.0,113435888.0
112.0,113446608.0
117.0,113457328.0
124.0,113468048.0
139.0,113478772.0
141.0,113489488.0
122.0,113500212.0
109.0,113510928.0
122.0,113521648.0
127.0,113532368.0
125.0,113543088.0
116.0,113553808.0
115.0,113564528.0
115.0,113575248.0
123.0,113585968.0
117.0,113596688.0
102.0,113607408.0
92.0,113618084.0
96.0,113628748.0
105.0,113639468.0
111.0,113650184.0
119.0,113660904.0
104.0,113671624.0
98.0,113682300.0
104.0,113693016.0
94.0,113703692.0
94.0,113714364.0
91.0,113725028.0
110.0,113735748.0
102.0,113746464.0
96.0,113757140.0
100.0,113767856.0
106.0,113778568.0
109.0,113789288.0
98.0,113799964.0
92.0,113810636.0
87.0,113821300.0
106.0,113832020.0
102.0,113842736.0
95.0,113853412.0
105.0,113864128.0
103.0,113874848.0
114.0,113885568.0
126.0,113896288.0
117.0,113907008.0
109.0,113917728.0
105.0,113928456.0
116.0,113939168.0
109.0,113949888.0
103.0,113960608.0
91.0,113971288.0
106.0,113982000.0
101.0,113992724.0
98.0,114003396.0
105.0,114014104.0
107.0,114024824.0
124.0,114035544.0
112.0,114046272.0
120.0,114056992.0
118.0,114067720.0
111.0,114078440.0
101.0,114089160.0
102.0,114099872.0
106.0,114110596.0
134.0,114121312.0
119.0,114132036.0
125.0,114142752.0
123.0,114153476.0
111.0,114164192.0
124.0,114174912.0
114.0,114185640.0
112.0,114196360.0
101.0,114207080.0
100.0,114217800.0
98.0,114228476.0
108.0,114239184.0
98.0,114249868.0
89.0,114260532.0
119.0,114271244.0
116.0,114281960.0
123.0,114292680.0
121.0,114303400.0
105.0,114314120.0
103.0,114324840.0
99.0,114335508.0
93.0,114346180.0
87.0,114356852.0
91.0,114367528.0
96.0,114378196.0
89.0,114388860.0
82.0,114399532.0
80.0,114410196.0
93.0,114420868.0
86.0,114431532.0
76.0,114442196.0
80.0,114452868.0
80.0,114463532.0
92.0,114474204.0
94.0,114484868.0
94.0,114495544.0
90.0,114506212.0
99.0,114516876.0
100.0,114527592.0
93.0,114538268.0
108.0,114548984.0
108.0,114559704.0
129.0,114570432.0
116.0,114581152.0
105.0,114591876.0
104.0,114602600.0
100.0,114613324.0
113.0,114624040.0
108.0,114634764.0
103.0,114645488.0
96.0,114656164.0
89.0,114666836.0
103.0,114677544.0
104.0,114688272.0
100.0,114698984.0
91.0,114709660.0
82.0,114720324.0
77.0,114730996.0
72.0,114741668.0
92.0,114752332.0
90.0,114763004.0
81.0,114773668.0
89.0,114784344.0
94.0,114795012.0
94.0,114805676.0
90.0,114816348.0
81.0,114827012.0
100.0,114837728.0
91.0,114848404.0
90.0,114859084.0
85.0,114869748.0
84.0,114880412.0
116.0,114891128.0
109.0,114901848.0
97.0,114912524.0
101.0,114923232.0
108.0,114933952.0
113.0,114944672.0
104.0,114955396.0
95.0,114966068.0
91.0,114976732.0
104.0,114987448.0
104.0,114998168.0
97.0,115008844.0
95.0,115019508.0
96.0,115030180.0
104.0,115040888.0
101.0,115051612.0
105.0,115062328.0
94.0,115073004.0
83.0,115083676.0
88.0,115094340.0
91.0,115105012.0
100.0,115115720.0
89.0,115126396.0
82.0,115137060.0
74.0,115147724.0
72.0,115158396.0
76.0,115169060.0
100.0,115179784.0
98.0,115190460.0
97.0,115201132.0
91.0,115211796.0
81.0,115222460.0
76.0,115233132.0
71.0,115243796.0
65.0,115254468.0
60.0,115265132.0
58.0,115275808.0
53.0,115286476.0
51.0,115297140.0
49.0,115307812.0
45.0,115318476.0
48.0,115329148.0
64.0,115339812.0
67.0,115350476.0
71.0,115361148.0
69.0,115371812.0
62.0,115382484.0
60.0,115393148.0
66.0,115403824.0
66.0,115414492.0
61.0,115425156.0
59.0,115435828.0
55.0,115446492.0
53.0,115457164.0
50.0,115467828.0
48.0,115478492.0
45.0,115489164.0
46.0,115499828.0
46.0,115510500.0
48.0,115521164.0
44.0,115531840.0
43.0,115542508.0
41.0,115553172.0
44.0,115563844.0
43.0,115574508.0
42.0,115585180.0
47.0,115595844.0
43.0,115606516.0
41.0,115617188.0
40.0,115627852.0
40.0,115638524.0
38.0,115649188.0
38.0,115659864.0
36.0,115670532.0
37.0,115681196.0
35.0,115691868.0
36.0,115702532.0
35.0,115713204.0
35.0,115723868.0
33.0,115734544.0
32.0,115745212.0
34.0,115755876.0
33.0,115766548.0
32.0,115777212.0
34.0,115787884.0
35.0,115798548.0
35.0,115809212.0
34.0,115819884.0
33.0,115830548.0
33.0,115841220.0
33.0,115851884.0
36.0,115862560.0
36.0,115873228.0
35.0,115883892.0
34.0,115894564.0
32.0,115905228.0
35.0,115915900.0
38.0,115926564.0
39.0,115937228.0
36.0,115947900.0
36.0,115958564.0
36.0,115969244.0
35.0,115979908.0
36.0,115990584.0
36.0,116001252.0
34.0,116011916.0
32.0,116022588.0
31.0,116033252.0
31.0,116043924.0
32.0,116054588.0
34.0,116065252.0
34.0,116075924.0
33.0,116086588.0
32.0,116097260.0
32.0,116107924.0
32.0,116118600.0
32.0,116129268.0
32.0,116139932.0
31.0,116150604.0
30.0,116161268.0
30.0,116171940.0
30.0,116182604.0
32.0,116193280.0
32.0,116203948.0
31.0,116214612.0
30.0,116225284.0
29.0,116235948.0
31.0,116246624.0
31.0,116257292.0
31.0,116267956.0
33.0,116278628.0
32.0,116289292.0
31.0,116299964.0
31.0,116310628.0
30.0,116321304.0
32.0,116331972.0
31.0,116342636.0
31.0,116353308.0
33.0,116363972.0
32.0,116374644.0
30.0,116385308.0
31.0,116395972.0
32.0,116406644.0
32.0,116417308.0
32.0,116427980.0
32.0,116438644.0
32.0,116449320.0
32.0,116459988.0
32.0,116470652.0
32.0,116481324.0
32.0,116491988.0
31.0,116502660.0
31.0,116513324.0
31.0,116523988.0
32.0,116534660.0
31.0,116545324.0
33.0,116555996.0
32.0,116566668.0
31.0,116577344.0
31.0,116588012.0
30.0,116598676.0
31.0,116609348.0
31.0,116620012.0
30.0,116630684.0
30.0,116641356.0
31.0,116652032.0
30.0,116662700.0
30.0,116673364.0
29.0,116684036.0
29.0,116694700.0
29.0,116705376.0
33.0,116716044.0
33.0,116726708.0
32.0,116737380.0
31.0,116748044.0
31.0,116758716.0
31.0,116769380.0
31.0,116780056.0
30.0,116790724.0
30.0,116801388.0
30.0,116812060.0
31.0,116822724.0
32.0,116833396.0
32.0,116844060.0
35.0,116854724.0
36.0,116865396.0
36.0,116876060.0
36.0,116886732.0
37.0,116897396.0
37.0,116908072.0
37.0,116918740.0
36.0,116929404.0
38.0,116940076.0
36.0,116950748.0
37.0,116961420.0
37.0,116972084.0
35.0,116982748.0
37.0,116993420.0
37.0,117004084.0
36.0,117014756.0
36.0,117025420.0
35.0,117036096.0
35.0,117046764.0
34.0,117057428.0
35.0,117068100.0
35.0,117078772.0
34.0,117089444.0
35.0,117100108.0
35.0,117110784.0
34.0,117121452.0
33.0,117132116.0
34.0,117142788.0
34.0,117153460.0
33.0,117164136.0
33.0,117174804.0
33.0,117185468.0
33.0,117196140.0
33.0,117206804.0
32.0,117217476.0
33.0,117228140.0
32.0,117238816.0
32.0,117249484.0
33.0,117260148.0
33.0,117270820.0
33.0,117281484.0
34.0,117292156.0
33.0,117302820.0
36.0,117313484.0
40.0,117324156.0
40.0,117334820.0
41.0,117345500.0
40.0,117356164.0
40.0,117366840.0
42.0,117377508.0
43.0,117388172.0
41.0,117398844.0
39.0,117409508.0
38.0,117420180.0
38.0,117430844.0
37.0,117441516.0
36.0,117452188.0
35.0,117462852.0
34.0,117473524.0
35.0,117484188.0
35.0,117494864.0
35.0,117505532.0
35.0,117516196.0
34.0,117526868.0
34.0,117537540.0
34.0,117548212.0
33.0,117558884.0
34.0,117569560.0
33.0,117580228.0
33.0,117590892.0
33.0,117601564.0
32.0,117612228.0
32.0,117622900.0
32.0,117633572.0
31.0,117644236.0
32.0,117654908.0
31.0,117665572.0
31.0,117676252.0
31.0,117686924.0
36.0,117697600.0
35.0,117708268.0
36.0,117718932.0
38.0,117729604.0
40.0,117740268.0
40.0,117750940.0
37.0,117761604.0
38.0,117772276.0
38.0,117782948.0
37.0,117793612.0
38.0,117804284.0
37.0,117814948.0
38.0,117825624.0
38.0,117836292.0
36.0,117846964.0
35.0,117857636.0
35.0,117868300.0
37.0,117878972.0
37.0,117889636.0
36.0,117900312.0
37.0,117910980.0
37.0,117921644.0
35.0,117932316.0
34.0,117942980.0
33.0,117953660.0
33.0,117964324.0
32.0,117974988.0
32.0,117985660.0
31.0,117996324.0
31.0,118007004.0
32.0,118017668.0
31.0,118028344.0
30.0,118039012.0
30.0,118049676.0
30.0,118060348.0
30.0,118071012.0
30.0,118081684.0
31.0,118092348.0
30.0,118103012.0
29.0,118113684.0
30.0,118124348.0
29.0,118135020.0
29.0,118145684.0
30.0,118156360.0
29.0,118167028.0
30.0,118177692.0
30.0,118188364.0
29.0,118199028.0
30.0,118209700.0
29.0,118220364.0
30.0,118231040.0
30.0,118241708.0
30.0,118252372.0
31.0,118263044.0
32.0,118273708.0
32.0,118284384.0
32.0,118295052.0
32.0,118305716.0
32.0,118316388.0
31.0,118327052.0
30.0,118337724.0
30.0,118348388.0
30.0,118359064.0
31.0,118369732.0
30.0,118380396.0
30.0,118391068.0
30.0,118401740.0
31.0,118412412.0
30.0,118423076.0
30.0,118433740.0
30.0,118444412.0
30.0,118455076.0
30.0,118465756.0
35.0,118476420.0
37.0,118487096.0
37.0,118497764.0
35.0,118508428.0
38.0,118519100.0
38.0,118529764.0
37.0,118540436.0
36.0,118551100.0
35.0,118561772.0
33.0,118572444.0
33.0,118583108.0
31.0,118593780.0
35.0,118604444.0
34.0,118615120.0
33.0,118625788.0
32.0,118636452.0
31.0,118647124.0
31.0,118657788.0
31.0,118668460.0
30.0,118679124.0
30.0,118689800.0
30.0,118700468.0
30.0,118711140.0
29.0,118721812.0
29.0,118732476.0
30.0,118743148.0
30.0,118753812.0
29.0,118764476.0
29.0,118775148.0
30.0,118785812.0
31.0,118796484.0
31.0,118807148.0
30.0,118817824.0
29.0,118828492.0
29.0,118839156.0
30.0,118849828.0
30.0,118860492.0
30.0,118871164.0
30.0,118881828.0
31.0,118892492.0
30.0,118903164.0
30.0,118913828.0
30.0,118924508.0
29.0,118935172.0
30.0,118945848.0
30.0,118956516.0
29.0,118967180.0
36.0,118977852.0
42.0,118988516.0
47.0,118999188.0
44.0,119009852.0
43.0,119020516.0
41.0,119031188.0
44.0,119041852.0
41.0,119052524.0
40.0,119063188.0
39.0,119073864.0
38.0,119084532.0
36.0,119095196.0
36.0,119105868.0
35.0,119116532.0
35.0,119127204.0
34.0,119137868.0
33.0,119148544.0
32.0,119159212.0
33.0,119169884.0
34.0,119180556.0
34.0,119191220.0
33.0,119201896.0
32.0,119212564.0
32.0,119223228.0
33.0,119233900.0
31.0,119244564.0
31.0,119255236.0
31.0,119265900.0
31.0,119276576.0
30.0,119287244.0
29.0,119297908.0
29.0,119308580.0
29.0,119319244.0
30.0,119329916.0
30.0,119340580.0
31.0,119351244.0
31.0,119361916.0
30.0,119372580.0
30.0,119383260.0
29.0,119393924.0
32.0,119404600.0
32.0,119415268.0
32.0,119425932.0
34.0,119436604.0
33.0,119447276.0
33.0,119457948.0
34.0,119468612.0
34.0,119479284.0
35.0,119489956.0
34.0,119500620.0
33.0,119511292.0
34.0,119521964.0
34.0,119532640.0
34.0,119543308.0
34.0,119553972.0
34.0,119564644.0
34.0,119575308.0
32.0,119585980.0
34.0,119596652.0
36.0,119607328.0
35.0,119617996.0
34.0,119628660.0
34.0,119639332.0
35.0,119649996.0
34.0,119660668.0
34.0,119671332.0
36.0,119681996.0
35.0,119692668.0
34.0,119703332.0
34.0,119714012.0
33.0,119724676.0
33.0,119735352.0
34.0,119746020.0
33.0,119756684.0
32.0,119767356.0
31.0,119778028.0
32.0,119788700.0
33.0,119799364.0
34.0,119810036.0
34.0,119820708.0
32.0,119831380.0
34.0,119842052.0
34.0,119852716.0
32.0,119863392.0
32.0,119874060.0
34.0,119884724.0
34.0,119895396.0
34.0,119906068.0
34.0,119916740.0
33.0,119927404.0
34.0,119938080.0
35.0,119948748.0
34.0,119959412.0
34.0,119970084.0
32.0,119980756.0
33.0,119991428.0
32.0,120002092.0
31.0,120012756.0
32.0,120023428.0
31.0,120034092.0
32.0,120044764.0
33.0,120055428.0
32.0,120066104.0
33.0,120076772.0
33.0,120087436.0
33.0,120098108.0
32.0,120108772.0
33.0,120119444.0
33.0,120130108.0
33.0,120140772.0
33.0,120151444.0
32.0,120162108.0
36.0,120172780.0
35.0,120183444.0
36.0,120194120.0
35.0,120204788.0
35.0,120215452.0
34.0,120226124.0
35.0,120236788.0
36.0,120247468.0
35.0,120258140.0
35.0,120268816.0
35.0,120279484.0
35.0,120290148.0
34.0,120300820.0
34.0,120311484.0
33.0,120322156.0
32.0,120332820.0
32.0,120343484.0
33.0,120354156.0
35.0,120364820.0
34.0,120375492.0
34.0,120386156.0
35.0,120396832.0
34.0,120407500.0
35.0,120418172.0
33.0,120428844.0
34.0,120439508.0
35.0,120450180.0
34.0,120460844.0
35.0,120471508.0
33.0,120482180.0
33.0,120492844.0
32.0,120503516.0
34.0,120514180.0
36.0,120524856.0
35.0,120535524.0
35.0,120546188.0
35.0,120556860.0
34.0,120567524.0
35.0,120578196.0
33.0,120588860.0
33.0,120599524.0
32.0,120610196.0
33.0,120620860.0
33.0,120631532.0
34.0,120642196.0
33.0,120652872.0
32.0,120663540.0
33.0,120674204.0
33.0,120684876.0
32.0,120695540.0
33.0,120706212.0
32.0,120716876.0
32.0,120727552.0
31.0,120738220.0
31.0,120748892.0
33.0,120759564.0
32.0,120770236.0
32.0,120780908.0
32.0,120791572.0
32.0,120802236.0
31.0,120812908.0
33.0,120823572.0
32.0,120834244.0
32.0,120844908.0
32.0,120855584.0
32.0,120866252.0
31.0,120876916.0
32.0,120887588.0
32.0,120898252.0
33.0,120908924.0
33.0,120919588.0
32.0,120930252.0
33.0,120940924.0
32.0,120951588.0
35.0,120962268.0
37.0,120972932.0
39.0,120983608.0
37.0,120994276.0
37.0,121004940.0
36.0,121015612.0
37.0,121026284.0
38.0,121036956.0
39.0,121047620.0
39.0,121058292.0
42.0,121068964.0
44.0,121079628.0
45.0,121090300.0
45.0,121100964.0
47.0,121111640.0
50.0,121122308.0
55.0,121132972.0
55.0,121143644.0
63.0,121154316.0
68.0,121164988.0
69.0,121175652.0
62.0,121186328.0
73.0,121196996.0
84.0,121207660.0
98.0,121218332.0
85.0,121229004.0
80.0,121239676.0
72.0,121250340.0
79.0,121261004.0
86.0,121271676.0
80.0,121282340.0
75.0,121293020.0
75.0,121303684.0
76.0,121314360.0
93.0,121325028.0
93.0,121335692.0
85.0,121346364.0
81.0,121357028.0
108.0,121367744.0
107.0,121378464.0
100.0,121389188.0
94.0,121399860.0
97.0,121410524.0
94.0,121421196.0
93.0,121431860.0
88.0,121442532.0
97.0,121453196.0
96.0,121463872.0
93.0,121474540.0
90.0,121485212.0
81.0,121495884.0
80.0,121506556.0
121.0,121517272.0
129.0,121527992.0
129.0,121538720.0
128.0,121549440.0
159.0,121560168.0
150.0,121570880.0
145.0,121581604.0
138.0,121592320.0
143.0,121603040.0
135.0,121613768.0
128.0,121624480.0
140.0,121635208.0
156.0,121645920.0
167.0,121656640.0
161.0,121667352.0
148.0,121678072.0
138.0,121688792.0
142.0,121699512.0
129.0,121710232.0
145.0,121720956.0
129.0,121731672.0
122.0,121742396.0
125.0,121753112.0
126.0,121763836.0
141.0,121774552.0
135.0,121785272.0
137.0,121795992.0
134.0,121806712.0
141.0,121817432.0
130.0,121828152.0
124.0,121838872.0
116.0,121849592.0
126.0,121860320.0
129.0,121871032.0
124.0,121881752.0
121.0,121892472.0
109.0,121903204.0
107.0,121913920.0
119.0,121924644.0
170.0,121935368.0
171.0,121946080.0
175.0,121956800.0
198.0,121967520.0
181.0,121978240.0
162.0,121988960.0
155.0,121999680.0
139.0,122010400.0
144.0,122021128.0
130.0,122031848.0
124.0,122042568.0
114.0,122053288.0
113.0,122064012.0
115.0,122074736.0
128.0,122085460.0
126.0,122096176.0
144.0,122106904.0
140.0,122117616.0
138.0,122128336.0
141.0,122139056.0
134.0,122149776.0
137.0,122160496.0
127.0,122171216.0
116.0,122181936.0
134.0,122192656.0
128.0,122203376.0
134.0,122214096.0
128.0,122224824.0
142.0,122235536.0
138.0,122246260.0
157.0,122256976.0
141.0,122267704.0
146.0,122278416.0
155.0,122289128.0
159.0,122299848.0
145.0,122310568.0
150.0,122321288.0
146.0,122332008.0
148.0,122342728.0
135.0,122353448.0
130.0,122364168.0
129.0,122374888.0
126.0,122385608.0
122.0,122396328.0
131.0,122407052.0
130.0,122417768.0
124.0,122428492.0
118.0,122439208.0
108.0,122449932.0
124.0,122460648.0
148.0,122471368.0
148.0,122482088.0
137.0,122492808.0
135.0,122503528.0
178.0,122514248.0
171.0,122524968.0
168.0,122535688.0
163.0,122546408.0
163.0,122557128.0
150.0,122567848.0
143.0,122578568.0
146.0,122589296.0
149.0,122600008.0
147.0,122610732.0
147.0,122621456.0
146.0,122632176.0
144.0,122642896.0
134.0,122653616.0
138.0,122664336.0
128.0,122675056.0
119.0,122685784.0
121.0,122696504.0
115.0,122707224.0
102.0,122717944.0
102.0,122728672.0
96.0,122739348.0
116.0,122750068.0
112.0,122760792.0
134.0,122771524.0
142.0,122782248.0
139.0,122792972.0
129.0,122803688.0
113.0,122814408.0
103.0,122825136.0
105.0,122835856.0
108.0,122846584.0
106.0,122857304.0
100.0,122868032.0
109.0,122878752.0
104.0,122889480.0
115.0,122900192.0
112.0,122910912.0
112.0,122921624.0
108.0,122932348.0
104.0,122943064.0
126.0,122953788.0
137.0,122964504.0
146.0,122975216.0
133.0,122985936.0
133.0,122996648.0
133.0,123007368.0
116.0,123018088.0
107.0,123028808.0
120.0,123039520.0
130.0,123050248.0
120.0,123060960.0
126.0,123071680.0
120.0,123082400.0
112.0,123093124.0
114.0,123103840.0
108.0,123114564.0
120.0,123125280.0
108.0,123136008.0
117.0,123146720.0
109.0,123157440.0
119.0,123168160.0
114.0,123178872.0
112.0,123189600.0
121.0,123200320.0
124.0,123211040.0
119.0,123221752.0
129.0,123232472.0
128.0,123243184.0
118.0,123253908.0
115.0,123264624.0
111.0,123275348.0
102.0,123286064.0
98.0,123296740.0
101.0,123307456.0
90.0,123318132.0
105.0,123328848.0
118.0,123339560.0
133.0,123350280.0
119.0,123361000.0
130.0,123371720.0
127.0,123382432.0
118.0,123393156.0
118.0,123403872.0
119.0,123414596.0
117.0,123425312.0
138.0,123436032.0
133.0,123446744.0
124.0,123457464.0
123.0,123468192.0
134.0,123478912.0
165.0,123489632.0
152.0,123500352.0
141.0,123511072.0
127.0,123521792.0
134.0,123532512.0
144.0,123543232.0
142.0,123553952.0
130.0,123564672.0
138.0,123575396.0
132.0,123586112.0
124.0,123596836.0
115.0,123607552.0
103.0,123618272.0
116.0,123628992.0
100.0,123639712.0
107.0,123650432.0
119.0,123661152.0
120.0,123671872.0
116.0,123682592.0
116.0,123693320.0
139.0,123704040.0
118.0,123714760.0
113.0,123725472.0
114.0,123736196.0
117.0,123746912.0
110.0,123757636.0
109.0,123768352.0
119.0,123779076.0
117.0,123789792.0
128.0,123800512.0
110.0,123811232.0
107.0,123821952.0
99.0,123832636.0
108.0,123843344.0
109.0,123854064.0
122.0,123864784.0
108.0,123875504.0
98.0,123886180.0
97.0,123896856.0
106.0,123907568.0
110.0,123918280.0
101.0,123929000.0
101.0,123939720.0
113.0,123950440.0
105.0,123961160.0
112.0,123971880.0
106.0,123982600.0
119.0,123993320.0
109.0,124004040.0
97.0,124014716.0
94.0,124025380.0
91.0,124036044.0
94.0,124046716.0
98.0,124057380.0
95.0,124068060.0
95.0,124078724.0
105.0,124089444.0
101.0,124100160.0
94.0,124110836.0
95.0,124121508.0
113.0,124132216.0
99.0,124142892.0
106.0,124153600.0
103.0,124164320.0
103.0,124175032.0
100.0,124185752.0
118.0,124196472.0
119.0,124207196.0
105.0,124217912.0
99.0,124228588.0
98.0,124239260.0
107.0,124249968.0
104.0,124260688.0
110.0,124271408.0
100.0,124282128.0
92.0,124292804.0
115.0,124303520.0
120.0,124314240.0
124.0,124324964.0
119.0,124335680.0
105.0,124346404.0
97.0,124357076.0
123.0,124367784.0
118.0,124378504.0
117.0,124389224.0
137.0,124399944.0
140.0,124410664.0
134.0,124421392.0
125.0,124432112.0
112.0,124442832.0
110.0,124453552.0
130.0,124464280.0
121.0,124475000.0
115.0,124485724.0
120.0,124496440.0
142.0,124507164.0
144.0,124517888.0
154.0,124528608.0
165.0,124539328.0
157.0,124550040.0
152.0,124560760.0
155.0,124571472.0
158.0,124582192.0
147.0,124592912.0
140.0,124603632.0
150.0,124614352.0
143.0,124625080.0
134.0,124635800.0
175.0,124646524.0
173.0,124657240.0
180.0,124667964.0
184.0,124678680.0
175.0,124689404.0
163.0,124700120.0
153.0,124710840.0
155.0,124721560.0
143.0,124732280.0
153.0,124743000.0
150.0,124753720.0
156.0,124764440.0
147.0,124775160.0
152.0,124785880.0
154.0,124796600.0
131.0,124807328.0
119.0,124818040.0
129.0,124828764.0
125.0,124839480.0
137.0,124850208.0
129.0,124860920.0
136.0,124871640.0
125.0,124882360.0
135.0,124893080.0
128.0,124903800.0
125.0,124914520.0
134.0,124925240.0
145.0,124935960.0
176.0,124946680.0
181.0,124957392.0
160.0,124968112.0
171.0,124978824.0
163.0,124989548.0
174.0,125000264.0
164.0,125010988.0
162.0,125021704.0
171.0,125032424.0
175.0,125043144.0
164.0,125053864.0
151.0,125064584.0
144.0,125075304.0
137.0,125086024.0
139.0,125096744.0
130.0,125107464.0
132.0,125118184.0
130.0,125128904.0
144.0,125139624.0
139.0,125150352.0
127.0,125161072.0
122.0,125171796.0
123.0,125182512.0
138.0,125193236.0
143.0,125203952.0
130.0,125214672.0
141.0,125225392.0
146.0,125236112.0
153.0,125246832.0
167.0,125257552.0
147.0,125268272.0
143.0,125278992.0
143.0,125289712.0
132.0,125300432.0
139.0,125311152.0
138.0,125321872.0
122.0,125332596.0
126.0,125343312.0
136.0,125354036.0
142.0,125364752.0
138.0,125375472.0
130.0,125386200.0
129.0,125396920.0
126.0,125407640.0
139.0,125418360.0
124.0,125429080.0
129.0,125439800.0
133.0,125450528.0
140.0,125461248.0
144.0,125471968.0
145.0,125482688.0
138.0,125493408.0
135.0,125504128.0
137.0,125514856.0
144.0,125525568.0
129.0,125536292.0
140.0,125547008.0
139.0,125557728.0
127.0,125568448.0
119.0,125579160.0
120.0,125589888.0
137.0,125600608.0
132.0,125611328.0
119.0,125622048.0
122.0,125632776.0
134.0,125643496.0
159.0,125654224.0
148.0,125664944.0
140.0,125675672.0
137.0,125686392.0
134.0,125697124.0
153.0,125707840.0
143.0,125718564.0
152.0,125729280.0
139.0,125740000.0
139.0,125750720.0
140.0,125761440.0
179.0,125772160.0
165.0,125782880.0
154.0,125793600.0
156.0,125804320.0
166.0,125815048.0
146.0,125825768.0
154.0,125836488.0
137.0,125847208.0
127.0,125857932.0
155.0,125868656.0
147.0,125879384.0
142.0,125890096.0
141.0,125900824.0
147.0,125911536.0
128.0,125922256.0
119.0,125932984.0
106.0,125943704.0
112.0,125954424.0
121.0,125965136.0
103.0,125975856.0
128.0,125986576.0
123.0,125997296.0
137.0,126008016.0
128.0,126018736.0
124.0,126029448.0
117.0,126040172.0
117.0,126050888.0
116.0,126061612.0
111.0,126072328.0
121.0,126083048.0
113.0,126093776.0
121.0,126104496.0
120.0,126115216.0
113.0,126125936.0
118.0,126136656.0
121.0,126147376.0
117.0,126158096.0
116.0,126168808.0
111.0,126179528.0
110.0,126190240.0
117.0,126200964.0
104.0,126211680.0
105.0,126222404.0
105.0,126233120.0
126.0,126243844.0
120.0,126254568.0
123.0,126265280.0
126.0,126276008.0
119.0,126286720.0
111.0,126297440.0
118.0,126308160.0
114.0,126318880.0
119.0,126329600.0
112.0,126340320.0
160.0,126351040.0
152.0,126361760.0
169.0,126372472.0
170.0,126383196.0
175.0,126393912.0
169.0,126404636.0
150.0,126415360.0
132.0,126426072.0
146.0,126436792.0
165.0,126447512.0
156.0,126458232.0
144.0,126468952.0
133.0,126479672.0
141.0,126490392.0
162.0,126501112.0
175.0,126511832.0
159.0,126522552.0
146.0,126533272.0
140.0,126543996.0
129.0,126554720.0
119.0,126565448.0
132.0,126576160.0
129.0,126586876.0
127.0,126597592.0
113.0,126608312.0
126.0,126619032.0
123.0,126629752.0
106.0,126640472.0
109.0,126651192.0
119.0,126661912.0
115.0,126672632.0
103.0,126683352.0
104.0,126694072.0
101.0,126704792.0
110.0,126715512.0
102.0,126726244.0
105.0,126736960.0
117.0,126747684.0
131.0,126758400.0
123.0,126769112.0
113.0,126779832.0
106.0,126790552.0
93.0,126801228.0
106.0,126811936.0
116.0,126822664.0
118.0,126833376.0
119.0,126844096.0
107.0,126854816.0
115.0,126865540.0
113.0,126876256.0
107.0,126886980.0
111.0,126897696.0
106.0,126908420.0
114.0,126919136.0
115.0,126929856.0
135.0,126940576.0
151.0,126951296.0
141.0,126962024.0
129.0,126972744.0
120.0,126983472.0
152.0,126994184.0
150.0,127004904.0
135.0,127015624.0
119.0,127026344.0
129.0,127037064.0
127.0,127047788.0
127.0,127058504.0
125.0,127069228.0
141.0,127079944.0
124.0,127090664.0
137.0,127101384.0
127.0,127112104.0
138.0,127122824.0
145.0,127133544.0
126.0,127144264.0
119.0,127154984.0
127.0,127165704.0
125.0,127176424.0
112.0,127187144.0
101.0,127197864.0
88.0,127208544.0
81.0,127219212.0
74.0,127229876.0
70.0,127240548.0
63.0,127251212.0
56.0,127261884.0
51.0,127272548.0
49.0,127283224.0
45.0,127293892.0
45.0,127304556.0
45.0,127315228.0
44.0,127325892.0
46.0,127336564.0
42.0,127347228.0
39.0,127357892.0
37.0,127368564.0
41.0,127379228.0
41.0,127389900.0
40.0,127400564.0
39.0,127411240.0
37.0,127421908.0
41.0,127432580.0
42.0,127443252.0
40.0,127453916.0
40.0,127464588.0
38.0,127475252.0
37.0,127485916.0
36.0,127496588.0
34.0,127507252.0
40.0,127517924.0
42.0,127528596.0
40.0,127539272.0
43.0,127549940.0
41.0,127560604.0
40.0,127571276.0
43.0,127581940.0
44.0,127592620.0
43.0,127603284.0
42.0,127613960.0
41.0,127624628.0
42.0,127635300.0
39.0,127645972.0
40.0,127656636.0
38.0,127667308.0
38.0,127677972.0
39.0,127688636.0
37.0,127699308.0
39.0,127709972.0
38.0,127720652.0
36.0,127731324.0
36.0,127742000.0
34.0,127752668.0
36.0,127763332.0
36.0,127774004.0
38.0,127784668.0
36.0,127795340.0
35.0,127806004.0
39.0,127816668.0
37.0,127827340.0
35.0,127838004.0
37.0,127848676.0
38.0,127859340.0
37.0,127870016.0
35.0,127880684.0
35.0,127891348.0
39.0,127902020.0
42.0,127912684.0
39.0,127923356.0
39.0,127934020.0
39.0,127944692.0
37.0,127955364.0
38.0,127966028.0
36.0,127976700.0
34.0,127987364.0
33.0,127998040.0
32.0,128008708.0
31.0,128019372.0
30.0,128030036.0
29.0,128040700.0
29.0,128051372.0
30.0,128062036.0
31.0,128072712.0
30.0,128083380.0
30.0,128094044.0
30.0,128104716.0
30.0,128115380.0
30.0,128126056.0
30.0,128136724.0
31.0,128147388.0
30.0,128158060.0
31.0,128168724.0
31.0,128179396.0
30.0,128190060.0
32.0,128200736.0
31.0,128211404.0
31.0,128222068.0
31.0,128232740.0
32.0,128243404.0
32.0,128254076.0
32.0,128264740.0
31.0,128275404.0
30.0,128286076.0
31.0,128296740.0
30.0,128307420.0
30.0,128318084.0
31.0,128328760.0
30.0,128339428.0
30.0,128350092.0
30.0,128360764.0
30.0,128371428.0
30.0,128382100.0
30.0,128392764.0
31.0,128403428.0
32.0,128414100.0
32.0,128424764.0
31.0,128435436.0
31.0,128446100.0
31.0,128456776.0
31.0,128467444.0
30.0,128478108.0
31.0,128488780.0
33.0,128499444.0
31.0,128510116.0
32.0,128520780.0
30.0,128531456.0
31.0,128542124.0
32.0,128552788.0
32.0,128563460.0
31.0,128574124.0
32.0,128584800.0
31.0,128595468.0
30.0,128606132.0
32.0,128616804.0
31.0,128627468.0
31.0,128638140.0
32.0,128648804.0
31.0,128659480.0
30.0,128670148.0
30.0,128680812.0
31.0,128691484.0
30.0,128702148.0
31.0,128712820.0
30.0,128723484.0
31.0,128734148.0
30.0,128744820.0
30.0,128755484.0
31.0,128766156.0
31.0,128776820.0
30.0,128787496.0
29.0,128798164.0
30.0,128808828.0
30.0,128819500.0
30.0,128830164.0
29.0,128840836.0
30.0,128851500.0
33.0,128862164.0
33.0,128872836.0
32.0,128883500.0
32.0,128894172.0
31.0,128904836.0
32.0,128915512.0
33.0,128926180.0
32.0,128936844.0
32.0,128947516.0
33.0,128958180.0
32.0,128968852.0
32.0,128979516.0
31.0,128990180.0
31.0,129000852.0
33.0,129011516.0
32.0,129022188.0
32.0,129032852.0
32.0,129043528.0
32.0,129054196.0
31.0,129064860.0
33.0,129075532.0
34.0,129086196.0
32.0,129096868.0
33.0,129107532.0
32.0,129118208.0
31.0,129128876.0
32.0,129139540.0
32.0,129150212.0
32.0,129160876.0
31.0,129171552.0
30.0,129182220.0
31.0,129192884.0
30.0,129203556.0
31.0,129214220.0
31.0,129224892.0
30.0,129235556.0
30.0,129246232.0
30.0,129256900.0
31.0,129267564.0
30.0,129278236.0
31.0,129288908.0
31.0,129299580.0
31.0,129310244.0
31.0,129320908.0
31.0,129331580.0
31.0,129342244.0
31.0,129352924.0
31.0,129363588.0
32.0,129374264.0
31.0,129384932.0
31.0,129395596.0
31.0,129406268.0
33.0,129416940.0
32.0,129427612.0
33.0,129438276.0
33.0,129448948.0
34.0,129459620.0
33.0,129470284.0
33.0,129480956.0
32.0,129491620.0
32.0,129502296.0
31.0,129512964.0
31.0,129523628.0
31.0,129534300.0
31.0,129544964.0
33.0,129555636.0
31.0,129566300.0
31.0,129576976.0
31.0,129587644.0
31.0,129598308.0
33.0,129608980.0
33.0,129619644.0
33.0,129630316.0
32.0,129640980.0
33.0,129651644.0
34.0,129662316.0
33.0,129672980.0
34.0,129683652.0
33.0,129694316.0
32.0,129704992.0
33.0,129715660.0
33.0,129726324.0
33.0,129736996.0
33.0,129747660.0
34.0,129758332.0
34.0,129768996.0
33.0,129779660.0
33.0,129790332.0
32.0,129801004.0
32.0,129811676.0
32.0,129822340.0
33.0,129833016.0
33.0,129843684.0
33.0,129854348.0
33.0,129865020.0
32.0,129875684.0
31.0,129886356.0
30.0,129897020.0
30.0,129907684.0
31.0,129918356.0
31.0,129929020.0
32.0,129939692.0
32.0,129950356.0
32.0,129961032.0
32.0,129971700.0
31.0,129982364.0
31.0,129993036.0
32.0,130003700.0
32.0,130014372.0
32.0,130025044.0
32.0,130035720.0
32.0,130046388.0
31.0,130057052.0
30.0,130067724.0
30.0,130078388.0
30.0,130089064.0
31.0,130099732.0
30.0,130110396.0
30.0,130121068.0
31.0,130131732.0
31.0,130142404.0
31.0,130153068.0
31.0,130163744.0
30.0,130174412.0
30.0,130185076.0
30.0,130195748.0
31.0,130206420.0
31.0,130217092.0
30.0,130227764.0
32.0,130238436.0
31.0,130249108.0
31.0,130259780.0
31.0,130270452.0
31.0,130281116.0
30.0,130291792.0
32.0,130302460.0
32.0,130313132.0
31.0,130323804.0
32.0,130334476.0
30.0,130345148.0
30.0,130355812.0
30.0,130366488.0
30.0,130377156.0
32.0,130387820.0
33.0,130398492.0
32.0,130409164.0
32.0,130419836.0
31.0,130430500.0
31.0,130441164.0
31.0,130451836.0
31.0,130462500.0
31.0,130473180.0
31.0,130483844.0
30.0,130494520.0
30.0,130505188.0
30.0,130515852.0
30.0,130526524.0
30.0,130537188.0
30.0,130547860.0
30.0,130558532.0
29.0,130569204.0
30.0,130579876.0
29.0,130590540.0
30.0,130601212.0
29.0,130611876.0
29.0,130622552.0
30.0,130633220.0
31.0,130643884.0
30.0,130654556.0
31.0,130665220.0
30.0,130675892.0
30.0,130686556.0
31.0,130697232.0
30.0,130707900.0
29.0,130718564.0
30.0,130729236.0
31.0,130739900.0
31.0,130750572.0
31.0,130761244.0
30.0,130771908.0
30.0,130782580.0
30.0,130793252.0
30.0,130803932.0
30.0,130814596.0
30.0,130825272.0
29.0,130835940.0
31.0,130846604.0
30.0,130857276.0
31.0,130867940.0
30.0,130878612.0
29.0,130889284.0
29.0,130899956.0
30.0,130910628.0
30.0,130921292.0
30.0,130931964.0
30.0,130942628.0
30.0,130953304.0
29.0,130963972.0
29.0,130974644.0
30.0,130985316.0
30.0,130995980.0
30.0,131006652.0
30.0,131017316.0
30.0,131027992.0
31.0,131038668.0
30.0,131049332.0
30.0,131060004.0
30.0,131070668.0
30.0,131081340.0
31.0,131092004.0
30.0,131102668.0
30.0,131113340.0
30.0,131124004.0
29.0,131134668.0
30.0,131145332.0
30.0,131156008.0
30.0,131166676.0
30.0,131177340.0
31.0,131188012.0
30.0,131198676.0
31.0,131209348.0
30.0,131220012.0
29.0,131230676.0
31.0,131241348.0
30.0,131252012.0
30.0,131262684.0
29.0,131273348.0
29.0,131284024.0
30.0,131294684.0
30.0,131305348.0
30.0,131316020.0
31.0,131326684.0
31.0,131337356.0
30.0,131348020.0
30.0,131358684.0
30.0,131369356.0
30.0,131380020.0
29.0,131390684.0
28.0,131401348.0
29.0,131412024.0
29.0,131422684.0
29.0,131433348.0
31.0,131444020.0
29.0,131454684.0
29.0,131465356.0
29.0,131476020.0
28.0,131486684.0
29.0,131497356.0
29.0,131508020.0
28.0,131518692.0
28.0,131529356.0
29.0,131540032.0
29.0,131550700.0
30.0,131561364.0
29.0,131572036.0
30.0,131582700.0
30.0,131593372.0
29.0,131604036.0
29.0,131614708.0
29.0,131625380.0
29.0,131636044.0
28.0,131646716.0
31.0,131657380.0
30.0,131668056.0
29.0,131678724.0
29.0,131689388.0
29.0,131700060.0
28.0,131710724.0
29.0,131721396.0
29.0,131732060.0
29.0,131742736.0
29.0,131753404.0
30.0,131764068.0
29.0,131774740.0
30.0,131785404.0
29.0,131796076.0
30.0,131806740.0
30.0,131817404.0
29.0,131828076.0
29.0,131838740.0
29.0,131849412.0
29.0,131860076.0
29.0,131870752.0
29.0,131881420.0
29.0,131892084.0
29.0,131902748.0
30.0,131913412.0
30.0,131924084.0
29.0,131934748.0
29.0,131945412.0
29.0,131956084.0
29.0,131966748.0
29.0,131977420.0
28.0,131988084.0
29.0,131998760.0
29.0,132009428.0
31.0,132020092.0
30.0,132030764.0
29.0,132041428.0
30.0,132052100.0
30.0,132062764.0
30.0,132073428.0
30.0,132084100.0
30.0,132094764.0
30.0,132105436.0
29.0,132116100.0
29.0,132126776.0
29.0,132137444.0
30.0,132148108.0
29.0,132158780.0
28.0,132169444.0
28.0,132180116.0
30.0,132190780.0
29.0,132201444.0
28.0,132212116.0
29.0,132222780.0
28.0,132233452.0
29.0,132244116.0
29.0,132254792.0
30.0,132265460.0
30.0,132276124.0
31.0,132286796.0
30.0,132297460.0
30.0,132308132.0
31.0,132318796.0
31.0,132329472.0
30.0,132340140.0
31.0,132350804.0
30.0,132361476.0
30.0,132372140.0
30.0,132382816.0
30.0,132393484.0
31.0,132404148.0
30.0,132414820.0
30.0,132425484.0
31.0,132436156.0
30.0,132446820.0
30.0,132457496.0
29.0,132468164.0
29.0,132478828.0
31.0,132489500.0
30.0,132500164.0
29.0,132510836.0
32.0,132521500.0
31.0,132532164.0
31.0,132542836.0
31.0,132553500.0
31.0,132564172.0
30.0,132574836.0
32.0,132585512.0
32.0,132596180.0
31.0,132606844.0
32.0,132617516.0
31.0,132628180.0
32.0,132638852.0
32.0,132649516.0
32.0,132660180.0
33.0,132670852.0
32.0,132681516.0
34.0,132692188.0
33.0,132702852.0
33.0,132713528.0
33.0,132724196.0
33.0,132734860.0
33.0,132745532.0
32.0,132756196.0
35.0,132766868.0
34.0,132777532.0
34.0,132788196.0
33.0,132798868.0
35.0,132809532.0
34.0,132820204.0
35.0,132830868.0
34.0,132841544.0
34.0,132852212.0
34.0,132862876.0
35.0,132873548.0
38.0,132884212.0
38.0,132894884.0
39.0,132905548.0
38.0,132916224.0
37.0,132926892.0
37.0,132937556.0
36.0,132948228.0
37.0,132958892.0
39.0,132969568.0
37.0,132980236.0
37.0,132990900.0
45.0,133001572.0
45.0,133012236.0
46.0,133022908.0
50.0,133033572.0
47.0,133044248.0
47.0,133054916.0
45.0,133065580.0
44.0,133076252.0
45.0,133086916.0
45.0,133097588.0
54.0,133108252.0
54.0,133118916.0
55.0,133129588.0
55.0,133140252.0
57.0,133150924.0
59.0,133161588.0
57.0,133172264.0
62.0,133182932.0
66.0,133193596.0
73.0,133204268.0
86.0,133214932.0
94.0,133225604.0
114.0,133236312.0
106.0,133247036.0
92.0,133257708.0
97.0,133268372.0
100.0,133279088.0
113.0,133289800.0
114.0,133300520.0
104.0,133311232.0
115.0,133321952.0
113.0,133332672.0
112.0,133343392.0
137.0,133354112.0
175.0,133364836.0
170.0,133375560.0
167.0,133386284.0
149.0,133397000.0
139.0,133407712.0
126.0,133418432.0
118.0,133429144.0
116.0,133439864.0
146.0,133450584.0
143.0,133461304.0
137.0,133472016.0
150.0,133482744.0
161.0,133493464.0
155.0,133504184.0
151.0,133514896.0
140.0,133525620.0
142.0,133536336.0
184.0,133547068.0
179.0,133557784.0
200.0,133568496.0
213.0,133579216.0
193.0,133589936.0
169.0,133600656.0
166.0,133611368.0
163.0,133622096.0
161.0,133632808.0
179.0,133643528.0
175.0,133654240.0
215.0,133664960.0
253.0,133675672.0
214.0,133686396.0
201.0,133697112.0
204.0,133707844.0
179.0,133718560.0
185.0,133729276.0
213.0,133739992.0
211.0,133750704.0
213.0,133761424.0
222.0,133772136.0
185.0,133782864.0
178.0,133793576.0
169.0,133804304.0
169.0,133815016.0
168.0,133825736.0
191.0,133836448.0
208.0,133847172.0
193.0,133857888.0
179.0,133868612.0
164.0,133879336.0
140.0,133890064.0
153.0,133900776.0
156.0,133911496.0
161.0,133922216.0
169.0,133932928.0
171.0,133943656.0
176.0,133954368.0
178.0,133965096.0
156.0,133975808.0
167.0,133986528.0
172.0,133997240.0
168.0,134007960.0
192.0,134018680.0
170.0,134029404.0
168.0,134040120.0
155.0,134050848.0
157.0,134061560.0
149.0,134072280.0
155.0,134083000.0
142.0,134093712.0
175.0,134104432.0
167.0,134115144.0
169.0,134125864.0
154.0,134136584.0
144.0,134147304.0
165.0,134158016.0
163.0,134168736.0
167.0,134179448.0
166.0,134190172.0
163.0,134200896.0
146.0,134211620.0
148.0,134222336.0
148.0,134233056.0
137.0,134243776.0
132.0,134254496.0
133.0,134265216.0
139.0,134275936.0
185.0,134286656.0
164.0,134297376.0
153.0,134308104.0
156.0,134318824.0
155.0,134329544.0
165.0,134340264.0
186.0,134350988.0
192.0,134361712.0
188.0,134372436.0
178.0,134383160.0
158.0,134393884.0
156.0,134404600.0
160.0,134415312.0
164.0,134426032.0
155.0,134436744.0
158.0,134447464.0
148.0,134458176.0
129.0,134468896.0
127.0,134479608.0
132.0,134490328.0
147.0,134501040.0
146.0,134511764.0
145.0,134522480.0
138.0,134533204.0
122.0,134543920.0
121.0,134554636.0
132.0,134565352.0
133.0,134576064.0
114.0,134586784.0
124.0,134597496.0
138.0,134608216.0
120.0,134618928.0
111.0,134629656.0
96.0,134640332.0
84.0,134651004.0
79.0,134661668.0
72.0,134672332.0
75.0,134683004.0
90.0,134693668.0
88.0,134704348.0
81.0,134715012.0
70.0,134725688.0
65.0,134736356.0
58.0,134747020.0
54.0,134757692.0
52.0,134768356.0
51.0,134779028.0
51.0,134789692.0
47.0,134800356.0
60.0,134811028.0
75.0,134821692.0
80.0,134832364.0
85.0,134843028.0
89.0,134853704.0
106.0,134864416.0
101.0,134875132.0
98.0,134885804.0
96.0,134896468.0
95.0,134907140.0
111.0,134917856.0
125.0,134928576.0
133.0,134939288.0
126.0,134950012.0
118.0,134960728.0
101.0,134971452.0
86.0,134982124.0
91.0,134992788.0
84.0,135003460.0
75.0,135014132.0
65.0,135024804.0
59.0,135035468.0
52.0,135046144.0
47.0,135056812.0
42.0,135067476.0
40.0,135078148.0
38.0,135088812.0
38.0,135099488.0
36.0,135110156.0
36.0,135120828.0
39.0,135131500.0
37.0,135142164.0
38.0,135152836.0
40.0,135163500.0
39.0,135174176.0
39.0,135184844.0
40.0,135195508.0
41.0,135206180.0
41.0,135216844.0
45.0,135227516.0
48.0,135238180.0
47.0,135248844.0
46.0,135259516.0
45.0,135270180.0
43.0,135280860.0
43.0,135291524.0
41.0,135302200.0
43.0,135312868.0
43.0,135323532.0
43.0,135334204.0
43.0,135344868.0
40.0,135355540.0
38.0,135366204.0
37.0,135376868.0
35.0,135387540.0
33.0,135398204.0
32.0,135408876.0
31.0,135419540.0
30.0,135430216.0
30.0,135440884.0
30.0,135451548.0
29.0,135462220.0
29.0,135472884.0
29.0,135483556.0
29.0,135494220.0
29.0,135504896.0
29.0,135515564.0
29.0,135526228.0
30.0,135536900.0
31.0,135547564.0
31.0,135558240.0
32.0,135568908.0
38.0,135579572.0
48.0,135590244.0
55.0,135600908.0
61.0,135611580.0
63.0,135622244.0
64.0,135632920.0
68.0,135643588.0
75.0,135654260.0
81.0,135664932.0
86.0,135675596.0
94.0,135686268.0
114.0,135696976.0
145.0,135707700.0
177.0,135718416.0
204.0,135729128.0
217.0,135739848.0
219.0,135750568.0
212.0,135761288.0
181.0,135772000.0
152.0,135782720.0
126.0,135793432.0
109.0,135804152.0
105.0,135814872.0
103.0,135825592.0
103.0,135836312.0
106.0,135847036.0
106.0,135857752.0
104.0,135868476.0
104.0,135879192.0
102.0,135889916.0
103.0,135900632.0
100.0,135911352.0
102.0,135922072.0
98.0,135932748.0
96.0,135943420.0
94.0,135954084.0
89.0,135964760.0
88.0,135975428.0
84.0,135986092.0
82.0,135996764.0
79.0,136007428.0
77.0,136018100.0
71.0,136028764.0
64.0,136039440.0
57.0,136050108.0
51.0,136060772.0
47.0,136071444.0